,irradiance_w_m2
2025-03-26 12:51:50.037767,0.0
2025-03-26 12:52:50.037767,0.0
2025-03-26 12:53:50.037767,0.0
2025-03-26 12:54:50.037767,0.0
2025-03-26 12:55:50.037767,0.0
2025-03-26 12:56:50.037767,0.0
2025-03-26 12:57:50.037767,0.0
2025-03-26 12:58:50.037767,0.0
2025-03-26 12:59:50.037767,0.0
2025-03-26 13:00:50.037767,0.0
2025-03-26 13:01:50.037767,0.0
2025-03-26 13:02:50.037767,0.0
2025-03-26 13:03:50.037767,0.0
2025-03-26 13:04:50.037767,0.0
2025-03-26 13:05:50.037767,0.0
2025-03-26 13:06:50.037767,0.0
2025-03-26 13:07:50.037767,0.0
2025-03-26 13:08:50.037767,0.0
2025-03-26 13:09:50.037767,0.0
2025-03-26 13:10:50.037767,0.0
2025-03-26 13:11:50.037767,0.0
2025-03-26 13:12:50.037767,0.0
2025-03-26 13:13:50.037767,0.0
2025-03-26 13:14:50.037767,0.0
2025-03-26 13:15:50.037767,0.0
2025-03-26 13:16:50.037767,0.0
2025-03-26 13:17:50.037767,0.0
2025-03-26 13:18:50.037767,0.0
2025-03-26 13:19:50.037767,0.0
2025-03-26 13:20:50.037767,0.0
2025-03-26 13:21:50.037767,0.0
2025-03-26 13:22:50.037767,0.0
2025-03-26 13:23:50.037767,0.0
2025-03-26 13:24:50.037767,0.0
2025-03-26 13:25:50.037767,0.0
2025-03-26 13:26:50.037767,0.0
2025-03-26 13:27:50.037767,0.0
2025-03-26 13:28:50.037767,0.0
2025-03-26 13:29:50.037767,0.0
2025-03-26 13:30:50.037767,0.0
2025-03-26 13:31:50.037767,0.0
2025-03-26 13:32:50.037767,0.0
2025-03-26 13:33:50.037767,0.0
2025-03-26 13:34:50.037767,0.0
2025-03-26 13:35:50.037767,0.0
2025-03-26 13:36:50.037767,0.0
2025-03-26 13:37:50.037767,0.0
2025-03-26 13:38:50.037767,0.0
2025-03-26 13:39:50.037767,0.0
2025-03-26 13:40:50.037767,0.0
2025-03-26 13:41:50.037767,0.0
2025-03-26 13:42:50.037767,0.0
2025-03-26 13:43:50.037767,0.0
2025-03-26 13:44:50.037767,0.0
2025-03-26 13:45:50.037767,0.0
2025-03-26 13:46:50.037767,0.0
2025-03-26 13:47:50.037767,0.0
2025-03-26 13:48:50.037767,0.0
2025-03-26 13:49:50.037767,0.0
2025-03-26 13:50:50.037767,0.0
2025-03-26 13:51:50.037767,0.0
2025-03-26 13:52:50.037767,0.0
2025-03-26 13:53:50.037767,0.0
2025-03-26 13:54:50.037767,0.0
2025-03-26 13:55:50.037767,0.0
2025-03-26 13:56:50.037767,0.0
2025-03-26 13:57:50.037767,0.0
2025-03-26 13:58:50.037767,0.0
2025-03-26 13:59:50.037767,0.0
2025-03-26 14:00:50.037767,0.0
2025-03-26 14:01:50.037767,0.0
2025-03-26 14:02:50.037767,0.0
2025-03-26 14:03:50.037767,0.0
2025-03-26 14:04:50.037767,0.0
2025-03-26 14:05:50.037767,0.0
2025-03-26 14:06:50.037767,0.0
2025-03-26 14:07:50.037767,0.0
2025-03-26 14:08:50.037767,0.0
2025-03-26 14:09:50.037767,0.0
2025-03-26 14:10:50.037767,0.0
2025-03-26 14:11:50.037767,0.0
2025-03-26 14:12:50.037767,0.0
2025-03-26 14:13:50.037767,0.0
2025-03-26 14:14:50.037767,0.0
2025-03-26 14:15:50.037767,0.0
2025-03-26 14:16:50.037767,0.0
2025-03-26 14:17:50.037767,0.0
2025-03-26 14:18:50.037767,0.0
2025-03-26 14:19:50.037767,0.0
2025-03-26 14:20:50.037767,0.0
2025-03-26 14:21:50.037767,0.0
2025-03-26 14:22:50.037767,0.0
2025-03-26 14:23:50.037767,0.0
2025-03-26 14:24:50.037767,0.0
2025-03-26 14:25:50.037767,0.0
2025-03-26 14:26:50.037767,0.0
2025-03-26 14:27:50.037767,0.0
2025-03-26 14:28:50.037767,0.0
2025-03-26 14:29:50.037767,0.0
2025-03-26 14:30:50.037767,0.0
2025-03-26 14:31:50.037767,0.0
2025-03-26 14:32:50.037767,0.0
2025-03-26 14:33:50.037767,0.0
2025-03-26 14:34:50.037767,0.0
2025-03-26 14:35:50.037767,0.0
2025-03-26 14:36:50.037767,0.0
2025-03-26 14:37:50.037767,0.0
2025-03-26 14:38:50.037767,0.0
2025-03-26 14:39:50.037767,0.0
2025-03-26 14:40:50.037767,0.0
2025-03-26 14:41:50.037767,0.0
2025-03-26 14:42:50.037767,0.0
2025-03-26 14:43:50.037767,0.0
2025-03-26 14:44:50.037767,0.0
2025-03-26 14:45:50.037767,0.0
2025-03-26 14:46:50.037767,0.0
2025-03-26 14:47:50.037767,0.0
2025-03-26 14:48:50.037767,0.0
2025-03-26 14:49:50.037767,0.0
2025-03-26 14:50:50.037767,0.0
2025-03-26 14:51:50.037767,0.0
2025-03-26 14:52:50.037767,0.0
2025-03-26 14:53:50.037767,0.0
2025-03-26 14:54:50.037767,0.0
2025-03-26 14:55:50.037767,0.0
2025-03-26 14:56:50.037767,0.0
2025-03-26 14:57:50.037767,0.0
2025-03-26 14:58:50.037767,0.0
2025-03-26 14:59:50.037767,0.0
2025-03-26 15:00:50.037767,0.0
2025-03-26 15:01:50.037767,0.0
2025-03-26 15:02:50.037767,0.0
2025-03-26 15:03:50.037767,0.0
2025-03-26 15:04:50.037767,0.0
2025-03-26 15:05:50.037767,0.0
2025-03-26 15:06:50.037767,0.0
2025-03-26 15:07:50.037767,0.0
2025-03-26 15:08:50.037767,0.0
2025-03-26 15:09:50.037767,0.0
2025-03-26 15:10:50.037767,0.0
2025-03-26 15:11:50.037767,0.0
2025-03-26 15:12:50.037767,0.0
2025-03-26 15:13:50.037767,0.0
2025-03-26 15:14:50.037767,0.0
2025-03-26 15:15:50.037767,0.0
2025-03-26 15:16:50.037767,0.0
2025-03-26 15:17:50.037767,0.0
2025-03-26 15:18:50.037767,0.0
2025-03-26 15:19:50.037767,0.0
2025-03-26 15:20:50.037767,0.0
2025-03-26 15:21:50.037767,0.0
2025-03-26 15:22:50.037767,0.0
2025-03-26 15:23:50.037767,0.0
2025-03-26 15:24:50.037767,0.0
2025-03-26 15:25:50.037767,0.0
2025-03-26 15:26:50.037767,0.0
2025-03-26 15:27:50.037767,0.0
2025-03-26 15:28:50.037767,0.0
2025-03-26 15:29:50.037767,0.0
2025-03-26 15:30:50.037767,0.0
2025-03-26 15:31:50.037767,0.0
2025-03-26 15:32:50.037767,0.0
2025-03-26 15:33:50.037767,0.0
2025-03-26 15:34:50.037767,0.0
2025-03-26 15:35:50.037767,0.0
2025-03-26 15:36:50.037767,0.0
2025-03-26 15:37:50.037767,0.0
2025-03-26 15:38:50.037767,0.0
2025-03-26 15:39:50.037767,0.0
2025-03-26 15:40:50.037767,0.0
2025-03-26 15:41:50.037767,0.0
2025-03-26 15:42:50.037767,0.0
2025-03-26 15:43:50.037767,0.0
2025-03-26 15:44:50.037767,0.0
2025-03-26 15:45:50.037767,0.0
2025-03-26 15:46:50.037767,0.0
2025-03-26 15:47:50.037767,0.0
2025-03-26 15:48:50.037767,0.0
2025-03-26 15:49:50.037767,0.0
2025-03-26 15:50:50.037767,0.0
2025-03-26 15:51:50.037767,0.0
2025-03-26 15:52:50.037767,0.0
2025-03-26 15:53:50.037767,0.0
2025-03-26 15:54:50.037767,0.0
2025-03-26 15:55:50.037767,0.0
2025-03-26 15:56:50.037767,0.0
2025-03-26 15:57:50.037767,0.0
2025-03-26 15:58:50.037767,0.0
2025-03-26 15:59:50.037767,0.0
2025-03-26 16:00:50.037767,0.0
2025-03-26 16:01:50.037767,0.0
2025-03-26 16:02:50.037767,0.0
2025-03-26 16:03:50.037767,0.0
2025-03-26 16:04:50.037767,0.0
2025-03-26 16:05:50.037767,0.0
2025-03-26 16:06:50.037767,0.0
2025-03-26 16:07:50.037767,0.0
2025-03-26 16:08:50.037767,0.0
2025-03-26 16:09:50.037767,0.0
2025-03-26 16:10:50.037767,0.0
2025-03-26 16:11:50.037767,0.0
2025-03-26 16:12:50.037767,0.0
2025-03-26 16:13:50.037767,0.0
2025-03-26 16:14:50.037767,0.0
2025-03-26 16:15:50.037767,0.0
2025-03-26 16:16:50.037767,0.0
2025-03-26 16:17:50.037767,0.0
2025-03-26 16:18:50.037767,0.0
2025-03-26 16:19:50.037767,0.0
2025-03-26 16:20:50.037767,0.0
2025-03-26 16:21:50.037767,0.0
2025-03-26 16:22:50.037767,0.0
2025-03-26 16:23:50.037767,0.0
2025-03-26 16:24:50.037767,0.0
2025-03-26 16:25:50.037767,0.0
2025-03-26 16:26:50.037767,0.0
2025-03-26 16:27:50.037767,0.0
2025-03-26 16:28:50.037767,0.0
2025-03-26 16:29:50.037767,0.0
2025-03-26 16:30:50.037767,0.0
2025-03-26 16:31:50.037767,0.0
2025-03-26 16:32:50.037767,0.0
2025-03-26 16:33:50.037767,0.0
2025-03-26 16:34:50.037767,0.0
2025-03-26 16:35:50.037767,0.0
2025-03-26 16:36:50.037767,0.0
2025-03-26 16:37:50.037767,0.0
2025-03-26 16:38:50.037767,0.0
2025-03-26 16:39:50.037767,0.0
2025-03-26 16:40:50.037767,0.0
2025-03-26 16:41:50.037767,0.0
2025-03-26 16:42:50.037767,0.0
2025-03-26 16:43:50.037767,0.0
2025-03-26 16:44:50.037767,0.0
2025-03-26 16:45:50.037767,0.0
2025-03-26 16:46:50.037767,0.0
2025-03-26 16:47:50.037767,0.0
2025-03-26 16:48:50.037767,0.0
2025-03-26 16:49:50.037767,0.0
2025-03-26 16:50:50.037767,0.0
2025-03-26 16:51:50.037767,0.0
2025-03-26 16:52:50.037767,1.527158249661119
2025-03-26 16:53:50.037767,3.054287424430912
2025-03-26 16:54:50.037767,4.581358449970494
2025-03-26 16:55:50.037767,6.1083422530490745
2025-03-26 16:56:50.037767,7.635209762096452
2025-03-26 16:57:50.037767,9.161931907755568
2025-03-26 16:58:50.037767,18.616003057367287
2025-03-26 16:59:50.037767,12.214823845875427
2025-03-26 17:00:50.037767,13.740935515674003
2025-03-26 17:01:50.037767,15.266785577867495
2025-03-26 17:02:50.037767,19.752334368072376
2025-03-26 17:03:50.037767,24.34957711178121
2025-03-26 17:04:50.037767,19.84247564718205
2025-03-26 17:05:50.037767,44.70922391111172
2025-03-26 17:06:50.037767,22.891095230550114
2025-03-26 17:07:50.037767,24.4147658104438
2025-03-26 17:08:50.037767,37.408413365071496
2025-03-26 17:09:50.037767,28.95786432351361
2025-03-26 17:10:50.037767,30.47666572700352
2025-03-26 17:11:50.037767,30.504509961680238
2025-03-26 17:12:50.037767,32.02556653219093
2025-03-26 17:13:50.037767,67.67638071046898
2025-03-26 17:14:50.037767,57.35452962724133
2025-03-26 17:15:50.037767,36.584962143678524
2025-03-26 17:16:50.037767,38.10340619818763
2025-03-26 17:17:50.037767,82.90351508133638
2025-03-26 17:18:50.037767,41.13808911024301
2025-03-26 17:19:50.037767,42.654270191801665
2025-03-26 17:20:50.037767,44.16963919754038
2025-03-26 17:21:50.037767,45.68416727701791
2025-03-26 17:22:50.037767,64.9856925674659
2025-03-26 17:23:50.037767,48.71058533602288
2025-03-26 17:24:50.037767,50.22241769691264
2025-03-26 17:25:50.037767,51.733293895363815
2025-03-26 17:26:50.037767,53.24318516647085
2025-03-26 17:27:50.037767,54.75206276408071
2025-03-26 17:28:50.037767,56.25989796133895
2025-03-26 17:29:50.037767,57.766662051237205
2025-03-26 17:30:50.037767,101.88116962453287
2025-03-26 17:31:50.037767,60.776862183425465
2025-03-26 17:32:50.037767,62.280240915844665
2025-03-26 17:33:50.037767,96.3612679514755
2025-03-26 17:34:50.037767,120.23604206241073
2025-03-26 17:35:50.037767,66.78314838179077
2025-03-26 17:36:50.037767,116.68591279698856
2025-03-26 17:37:50.037767,154.46768609928318
2025-03-26 17:38:50.037767,71.27461289906223
2025-03-26 17:39:50.037767,218.30727535864733
2025-03-26 17:40:50.037767,96.74062261051483
2025-03-26 17:41:50.037767,95.03688837540366
2025-03-26 17:42:50.037767,77.24410225752543
2025-03-26 17:43:50.037767,78.7328690203527
2025-03-26 17:44:50.037767,80.22013682284481
2025-03-26 17:45:50.037767,81.70587734956696
2025-03-26 17:46:50.037767,83.19006231416056
2025-03-26 17:47:50.037767,94.40912642524171
2025-03-26 17:48:50.037767,86.15365256014765
2025-03-26 17:49:50.037767,87.63300141905448
2025-03-26 17:50:50.037767,114.55493828058226
2025-03-26 17:51:50.037767,90.58666578588208
2025-03-26 17:52:50.037767,92.0609250602912
2025-03-26 17:53:50.037767,93.53343162738983
2025-03-26 17:54:50.037767,95.00415745277584
2025-03-26 17:55:50.037767,96.47307453594976
2025-03-26 17:56:50.037767,97.94015491084717
2025-03-26 17:57:50.037767,99.40537064637277
2025-03-26 17:58:50.037767,241.7759586670704
2025-03-26 17:59:50.037767,102.33009665295782
2025-03-26 18:00:50.037767,103.78955124144973
2025-03-26 18:01:50.037767,138.67387533014713
2025-03-26 18:02:50.037767,106.70250465980378
2025-03-26 18:03:50.037767,108.1559480312315
2025-03-26 18:04:50.037767,109.60733226931215
2025-03-26 18:05:50.037767,242.9339136060183
2025-03-26 18:06:50.037767,112.50381285610649
2025-03-26 18:07:50.037767,113.94885406000468
2025-03-26 18:08:50.037767,115.39172584197559
2025-03-26 18:09:50.037767,116.83240073181979
2025-03-26 18:10:50.037767,118.27085130116431
2025-03-26 18:11:50.037767,179.374434303037
2025-03-26 18:12:50.037767,121.14096997712252
2025-03-26 18:13:50.037767,122.57258344081349
2025-03-26 18:14:50.037767,124.00186329920062
2025-03-26 18:15:50.037767,329.2690912904259
2025-03-26 18:16:50.037767,240.85570674333687
2025-03-26 18:17:50.037767,38.48262880605115
2025-03-26 18:18:50.037767,38.90853093853281
2025-03-26 18:19:50.037767,39.33369230867075
2025-03-26 18:20:50.037767,39.758104822005414
2025-03-26 18:21:50.037767,40.18176039833444
2025-03-26 18:22:50.037767,135.3488365728872
2025-03-26 18:23:50.037767,136.75589497124568
2025-03-26 18:24:50.037767,138.16034973449362
2025-03-26 18:25:50.037767,41.86865223715084
2025-03-26 18:26:50.037767,42.28840243516737
2025-03-26 18:27:50.037767,75.14248208564085
2025-03-26 18:28:50.037767,43.12547952441511
2025-03-26 18:29:50.037767,43.54279047890508
2025-03-26 18:30:50.037767,43.959272441429896
2025-03-26 18:31:50.037767,46.61668238282584
2025-03-26 18:32:50.037767,48.19437332163504
2025-03-26 18:33:50.037767,45.203665164870955
2025-03-26 18:34:50.037767,45.61675202746381
2025-03-26 18:35:50.037767,46.02897041285312
2025-03-26 18:36:50.037767,46.440312472995096
2025-03-26 18:37:50.037767,46.850770376529944
2025-03-26 18:38:50.037767,47.26033630893067
2025-03-26 18:39:50.037767,65.08937199961977
2025-03-26 18:40:50.037767,48.07676108728041
2025-03-26 18:41:50.037767,48.483604389678575
2025-03-26 18:42:50.037767,57.458287463600634
2025-03-26 18:43:50.037767,64.41048450863708
2025-03-26 18:44:50.037767,165.6618835146952
2025-03-26 18:45:50.037767,167.00556609086289
2025-03-26 18:46:50.037767,168.34606912178555
2025-03-26 18:47:50.037767,491.1039126786145
2025-03-26 18:48:50.037767,171.01743452393418
2025-03-26 18:49:50.037767,172.34824603621337
2025-03-26 18:50:50.037767,173.67577628632296
2025-03-26 18:51:50.037767,175.0
2025-03-26 18:52:50.037767,304.3318485460162
2025-03-26 18:53:50.037767,53.29152811087389
2025-03-26 18:54:50.037767,53.68577403809047
2025-03-26 18:55:50.037767,92.82454216326023
2025-03-26 18:56:50.037767,181.57064035618237
2025-03-26 18:57:50.037767,182.87449765058213
2025-03-26 18:58:50.037767,195.97992127573178
2025-03-26 18:59:50.037767,185.47174248162162
2025-03-26 19:00:50.037767,186.76508057046408
2025-03-26 19:01:50.037767,245.68607997031313
2025-03-26 19:02:50.037767,196.29481966152068
2025-03-26 19:03:50.037767,190.62366225525955
2025-03-26 19:04:50.037767,191.90263033196985
2025-03-26 19:05:50.037767,341.4416731171257
2025-03-26 19:06:50.037767,194.44958155686064
2025-03-26 19:07:50.037767,281.8686934193089
2025-03-26 19:08:50.037767,196.98172469327395
2025-03-26 19:09:50.037767,198.24218292369136
2025-03-26 19:10:50.037767,199.4988669087061
2025-03-26 19:11:50.037767,200.75175272286612
2025-03-26 19:12:50.037767,202.00081651303165
2025-03-26 19:13:50.037767,203.246034498829
2025-03-26 19:14:50.037767,204.48738297310203
2025-03-26 19:15:50.037767,412.77028635023635
2025-03-26 19:16:50.037767,206.95837692725365
2025-03-26 19:17:50.037767,208.18797536296947
2025-03-26 19:18:50.037767,84.98282998001953
2025-03-26 19:19:50.037767,63.19057743096503
2025-03-26 19:20:50.037767,211.85289581501306
2025-03-26 19:21:50.037767,213.06650015305217
2025-03-26 19:22:50.037767,214.27604801205712
2025-03-26 19:23:50.037767,215.48151636398043
2025-03-26 19:24:50.037767,454.3923220581458
2025-03-26 19:25:50.037767,217.88012282316674
2025-03-26 19:26:50.037767,219.07321526442075
2025-03-26 19:27:50.037767,220.2621368674431
2025-03-26 19:28:50.037767,221.44686499688052
2025-03-26 19:29:50.037767,222.62737709721722
2025-03-26 19:30:50.037767,223.80365069320464
2025-03-26 19:31:50.037767,233.0613778425689
2025-03-26 19:32:50.037767,301.6804289585152
2025-03-26 19:33:50.037767,510.72805959270914
2025-03-26 19:34:50.037767,228.46591336195286
2025-03-26 19:35:50.037767,229.62066014667747
2025-03-26 19:36:50.037767,230.77103528502417
2025-03-26 19:37:50.037767,231.91701687550812
2025-03-26 19:38:50.037767,233.05858310029194
2025-03-26 19:39:50.037767,234.19571222560046
2025-03-26 19:40:50.037767,235.3283826021338
2025-03-26 19:41:50.037767,236.45657266548105
2025-03-26 19:42:50.037767,112.60246368741903
2025-03-26 19:43:50.037767,71.60982780656235
2025-03-26 19:44:50.037767,239.81404661422562
2025-03-26 19:45:50.037767,240.92410149281378
2025-03-26 19:46:50.037767,242.02956952379432
2025-03-26 19:47:50.037767,243.130429660649
2025-03-26 19:48:50.037767,447.4364504541211
2025-03-26 19:49:50.037767,482.9720098212295
2025-03-26 19:50:50.037767,246.4051535595889
2025-03-26 19:51:50.037767,247.48737341529156
2025-03-26 19:52:50.037767,446.60519551903684
2025-03-26 19:53:50.037767,249.63765720396358
2025-03-26 19:54:50.037767,250.70568019862887
2025-03-26 19:55:50.037767,334.1806598068296
2025-03-26 19:56:50.037767,252.8273867209145
2025-03-26 19:57:50.037767,253.8810298543006
2025-03-26 19:58:50.037767,260.6787539585736
2025-03-26 19:59:50.037767,255.97379556670973
2025-03-26 20:00:50.037767,257.01287830248987
2025-03-26 20:01:50.037767,258.0470678835433
2025-03-26 20:02:50.037767,259.07634462039124
2025-03-26 20:03:50.037767,260.100688917088
2025-03-26 20:04:50.037767,261.12008127159476
2025-03-26 20:05:50.037767,262.1345022761506
2025-03-26 20:06:50.037767,263.1439326176421
2025-03-26 20:07:50.037767,264.1483530779701
2025-03-26 20:08:50.037767,265.14774453441726
2025-03-26 20:09:50.037767,302.5090770403316
2025-03-26 20:10:50.037767,267.1313644238851
2025-03-26 20:11:50.037767,268.1155550916422
2025-03-26 20:12:50.037767,269.09464122571086
2025-03-26 20:13:50.037767,576.7316958108039
2025-03-26 20:14:50.037767,271.0374254287649
2025-03-26 20:15:50.037767,272.00108650993985
2025-03-26 20:16:50.037767,272.9595690825086
2025-03-26 20:17:50.037767,273.91285489834485
2025-03-26 20:18:50.037767,274.8609258082606
2025-03-26 20:19:50.037767,275.8037637623527
2025-03-26 20:20:50.037767,276.7413508103451
2025-03-26 20:21:50.037767,277.6736691019322
2025-03-26 20:22:50.037767,83.58021026613532
2025-03-26 20:23:50.037767,227.44228728336992
2025-03-26 20:24:50.037767,106.03330024168466
2025-03-26 20:25:50.037767,84.50764794488275
2025-03-26 20:26:50.037767,94.26474125976746
2025-03-26 20:27:50.037767,84.94678440936946
2025-03-26 20:28:50.037767,85.21526810632625
2025-03-26 20:29:50.037767,85.48212942741351
2025-03-26 20:30:50.037767,85.74736329197626
2025-03-26 20:31:50.037767,441.22758161374054
2025-03-26 20:32:50.037767,343.0851692623713
2025-03-26 20:33:50.037767,288.44416601770547
2025-03-26 20:34:50.037767,289.30641219451593
2025-03-26 20:35:50.037767,441.44190304034714
2025-03-26 20:36:50.037767,291.01436430589087
2025-03-26 20:37:50.037767,449.9863662802757
2025-03-26 20:38:50.037767,292.7001545467159
2025-03-26 20:39:50.037767,293.5346987808984
2025-03-26 20:40:50.037767,637.2717456801586
2025-03-26 20:41:50.037767,298.20753822591166
2025-03-26 20:42:50.037767,296.0047375963906
2025-03-26 20:43:50.037767,296.816833654749
2025-03-26 20:44:50.037767,316.3859466959903
2025-03-26 20:45:50.037767,298.42405752393233
2025-03-26 20:46:50.037767,464.6315590164952
2025-03-26 20:47:50.037767,782.306548085919
2025-03-26 20:48:50.037767,300.79224402550847
2025-03-26 20:49:50.037767,301.570206154534
2025-03-26 20:50:50.037767,302.3424268215384
2025-03-26 20:51:50.037767,322.83976306659633
2025-03-26 20:52:50.037767,303.86958507119977
2025-03-26 20:53:50.037767,304.6244935789648
2025-03-26 20:54:50.037767,436.4183880264019
2025-03-26 20:55:50.037767,306.1168974987885
2025-03-26 20:56:50.037767,306.85436449762767
2025-03-26 20:57:50.037767,307.5859894316878
2025-03-26 20:58:50.037767,308.31175837188493
2025-03-26 20:59:50.037767,540.0559476851245
2025-03-26 21:00:50.037767,309.7456731120646
2025-03-26 21:01:50.037767,402.9142136333645
2025-03-26 21:02:50.037767,311.1559995200077
2025-03-26 21:03:50.037767,311.8522834659287
2025-03-26 21:04:50.037767,312.5426301938979
2025-03-26 21:05:50.037767,313.2270265607088
2025-03-26 21:06:50.037767,313.9054595364409
2025-03-26 21:07:50.037767,314.5779162047084
2025-03-26 21:08:50.037767,315.8499994812641
2025-03-26 21:09:50.037767,364.6305994297706
2025-03-26 21:10:50.037767,316.5593009090287
2025-03-26 21:11:50.037767,317.2077254628275
2025-03-26 21:12:50.037767,317.8501108387784
2025-03-26 21:13:50.037767,318.4864448067901
2025-03-26 21:14:50.037767,319.116715251981
2025-03-26 21:15:50.037767,515.3609259517523
2025-03-26 21:16:50.037767,320.3590176918064
2025-03-26 21:17:50.037767,745.1820937701879
2025-03-26 21:18:50.037767,321.57692355211435
2025-03-26 21:19:50.037767,322.1766987083541
2025-03-26 21:20:50.037767,516.3140193247942
2025-03-26 21:21:50.037767,323.35783637895037
2025-03-26 21:22:50.037767,323.93917640614825
2025-03-26 21:23:50.037767,485.753417001755
2025-03-26 21:24:50.037767,337.7399742444824
2025-03-26 21:25:50.037767,427.50520852627386
2025-03-26 21:26:50.037767,326.20275424897943
2025-03-26 21:27:50.037767,326.7531492740206
2025-03-26 21:28:50.037767,393.1702293378766
2025-03-26 21:29:50.037767,540.298626510034
2025-03-26 21:30:50.037767,328.3669675728694
2025-03-26 21:31:50.037767,328.8924172750679
2025-03-26 21:32:50.037767,329.4116053397297
2025-03-26 21:33:50.037767,329.92452188226235
2025-03-26 21:34:50.037767,330.4311571374745
2025-03-26 21:35:50.037767,330.93150145976085
2025-03-26 21:36:50.037767,331.42554532328694
2025-03-26 21:37:50.037767,371.3934240383801
2025-03-26 21:38:50.037767,332.3946941706569
2025-03-26 21:39:50.037767,332.8697807033037
2025-03-26 21:40:50.037767,450.520577856733
2025-03-26 21:41:50.037767,497.028874999664
2025-03-26 21:42:50.037767,334.2569805600152
2025-03-26 21:43:50.037767,334.70666458706233
2025-03-26 21:44:50.037767,335.14997628168504
2025-03-26 21:45:50.037767,335.5869072038675
2025-03-26 21:46:50.037767,336.01744903507495
2025-03-26 21:47:50.037767,625.2456729927486
2025-03-26 21:48:50.037767,484.8505654313468
2025-03-26 21:49:50.037767,337.27065862301805
2025-03-26 21:50:50.037767,337.6755633400845
2025-03-26 21:51:50.037767,338.0740392011739
2025-03-26 21:52:50.037767,338.46607861988
2025-03-26 21:53:50.037767,338.8516741323376
2025-03-26 21:54:50.037767,339.23081839736403
2025-03-26 21:55:50.037767,339.60350419659875
2025-03-26 21:56:50.037767,636.223330484201
2025-03-26 21:57:50.037767,340.3294721391868
2025-03-26 21:58:50.037767,340.6827404611569
2025-03-26 21:59:50.037767,341.02952267483226
2025-03-26 22:00:50.037767,341.36981217797944
2025-03-26 22:01:50.037767,341.70360249197665
2025-03-26 22:02:50.037767,342.0308872619376
2025-03-26 22:03:50.037767,342.35166025683196
2025-03-26 22:04:50.037767,535.8191212362946
2025-03-26 22:05:50.037767,342.97364661729034
2025-03-26 22:06:50.037767,343.2748481411306
2025-03-26 22:07:50.037767,967.1547625314264
2025-03-26 22:08:50.037767,343.8576392039284
2025-03-26 22:09:50.037767,344.13921764738404
2025-03-26 22:10:50.037767,344.4142441762018
2025-03-26 22:11:50.037767,344.68271355427277
2025-03-26 22:12:50.037767,344.94462067032714
2025-03-26 22:13:50.037767,345.199960538031
2025-03-26 22:14:50.037767,526.2894281059178
2025-03-26 22:15:50.037767,345.69091920829817
2025-03-26 22:16:50.037767,424.37509504838306
2025-03-26 22:17:50.037767,346.1555521766709
2025-03-26 22:18:50.037767,346.3779853868845
2025-03-26 22:19:50.037767,346.5938240595496
2025-03-26 22:20:50.037767,346.8030640854088
2025-03-26 22:21:50.037767,347.0057014808336
2025-03-26 22:22:50.037767,767.7337964057571
2025-03-26 22:23:50.037767,468.4051795925291
2025-03-26 22:24:50.037767,347.5739599342242
2025-03-26 22:25:50.037767,347.7501494868056
2025-03-26 22:26:50.037767,347.9197183778119
2025-03-26 22:27:50.037767,475.8045968318226
2025-03-26 22:28:50.037767,778.069744280487
2025-03-26 22:29:50.037767,348.38866942851257
2025-03-26 22:30:50.037767,348.5317246511316
2025-03-26 22:31:50.037767,348.6681443321109
2025-03-26 22:32:50.037767,439.23944577296606
2025-03-26 22:33:50.037767,348.9210668065948
2025-03-26 22:34:50.037767,613.4754368100097
2025-03-26 22:35:50.037767,375.97265138096515
2025-03-26 22:36:50.037767,349.25062313351117
2025-03-26 22:37:50.037767,349.34717944765345
2025-03-26 22:38:50.037767,349.4370846950721
2025-03-26 22:39:50.037767,697.9594966520984
2025-03-26 22:40:50.037767,349.59693526973274
2025-03-26 22:41:50.037767,349.66687755365024
2025-03-26 22:42:50.037767,349.730162684253
2025-03-26 22:43:50.037767,349.7867894566835
2025-03-26 22:44:50.037767,349.8367567928495
2025-03-26 22:45:50.037767,349.88006374144504
2025-03-26 22:46:50.037767,349.91670947796814
2025-03-26 22:47:50.037767,349.9466933047369
2025-03-26 22:48:50.037767,349.97001465090244
2025-03-26 22:49:50.037767,381.00491895770375
2025-03-26 22:50:50.037767,349.99666825225705
2025-03-26 22:51:50.037767,350.0
2025-03-26 22:52:50.037767,349.99666825225705
2025-03-26 22:53:50.037767,349.98667307245995
2025-03-26 22:54:50.037767,349.97001465090244
2025-03-26 22:55:50.037767,349.9466933047369
2025-03-26 22:56:50.037767,349.91670947796814
2025-03-26 22:57:50.037767,349.88006374144504
2025-03-26 22:58:50.037767,349.83675679284954
2025-03-26 22:59:50.037767,374.9543284980144
2025-03-26 23:00:50.037767,349.730162684253
2025-03-26 23:01:50.037767,530.6220181820936
2025-03-26 23:02:50.037767,377.09488748127274
2025-03-26 23:03:50.037767,349.5203371641008
2025-03-26 23:04:50.037767,349.4370846950721
2025-03-26 23:05:50.037767,353.66384104168134
2025-03-26 23:06:50.037767,349.25062313351117
2025-03-26 23:07:50.037767,349.14741759093846
2025-03-26 23:08:50.037767,349.03756478481995
2025-03-26 23:09:50.037767,348.9210668065948
2025-03-26 23:10:50.037767,373.15922273533624
2025-03-26 23:11:50.037767,348.6681443321109
2025-03-26 23:12:50.037767,348.5317246511316
2025-03-26 23:13:50.037767,348.38866942851257
2025-03-26 23:14:50.037767,348.2389813878191
2025-03-26 23:15:50.037767,348.08266337889563
2025-03-26 23:16:50.037767,376.4580823536522
2025-03-26 23:17:50.037767,426.3097185574613
2025-03-26 23:18:50.037767,347.57395993422426
2025-03-26 23:19:50.037767,388.7410065568011
2025-03-26 23:20:50.037767,347.2017323879002
2025-03-26 23:21:50.037767,347.00570148083364
2025-03-26 23:22:50.037767,346.8030640854088
2025-03-26 23:23:50.037767,346.5938240595496
2025-03-26 23:24:50.037767,346.3779853868846
2025-03-26 23:25:50.037767,346.15555217667094
2025-03-26 23:26:50.037767,345.9265286637162
2025-03-26 23:27:50.037767,345.69091920829817
2025-03-26 23:28:50.037767,345.4487282960812
2025-03-26 23:29:50.037767,345.199960538031
2025-03-26 23:30:50.037767,344.94462067032714
2025-03-26 23:31:50.037767,344.6827135542728
2025-03-26 23:32:50.037767,464.51254196996933
2025-03-26 23:33:50.037767,344.13921764738404
2025-03-26 23:34:50.037767,493.8271188980938
2025-03-26 23:35:50.037767,343.56951420668236
2025-03-26 23:36:50.037767,384.78582249347045
2025-03-26 23:37:50.037767,342.97364661729034
2025-03-26 23:38:50.037767,646.1324018257525
2025-03-26 23:39:50.037767,342.351660256832
2025-03-26 23:40:50.037767,342.03088726193766
2025-03-26 23:41:50.037767,341.7036024919766
2025-03-26 23:42:50.037767,341.3698121779795
2025-03-26 23:43:50.037767,341.0295226748323
2025-03-26 23:44:50.037767,340.6827404611569
2025-03-26 23:45:50.037767,426.81554733038433
2025-03-26 23:46:50.037767,339.9697244346415
2025-03-26 23:47:50.037767,339.6035041965987
2025-03-26 23:48:50.037767,339.2308183973641
2025-03-26 23:49:50.037767,338.8516741323377
2025-03-26 23:50:50.037767,338.46607861988
2025-03-26 23:51:50.037767,338.0740392011739
2025-03-26 23:52:50.037767,337.6755633400845
2025-03-26 23:53:50.037767,337.270658623018
2025-03-26 23:54:50.037767,336.85933275877653
2025-03-26 23:55:50.037767,336.4415935784116
2025-03-26 23:56:50.037767,336.01744903507495
2025-03-26 23:57:50.037767,335.58690720386755
2025-03-26 23:58:50.037767,335.14997628168504
2025-03-26 23:59:50.037767,334.7066645870625
2025-03-27 00:00:50.037767,334.25698056001534
2025-03-27 00:01:50.037767,333.8009327618794
2025-03-27 00:02:50.037767,348.26238387837867
2025-03-27 00:03:50.037767,355.51086904297654
2025-03-27 00:04:50.037767,621.9675795902474
2025-03-27 00:05:50.037767,331.9132793221698
2025-03-27 00:06:50.037767,331.425545323287
2025-03-27 00:07:50.037767,330.93150145976085
2025-03-27 00:08:50.037767,331.4781265565899
2025-03-27 00:09:50.037767,329.92452188226247
2025-03-27 00:10:50.037767,351.9774667692813
2025-03-27 00:11:50.037767,369.7239479220324
2025-03-27 00:12:50.037767,328.36696757286944
2025-03-27 00:13:50.037767,350.4214391876577
2025-03-27 00:14:50.037767,327.29732339010417
2025-03-27 00:15:50.037767,326.7531492740206
2025-03-27 00:16:50.037767,373.91378584924394
2025-03-27 00:17:50.037767,976.9384463811259
2025-03-27 00:18:50.037767,330.08733752611624
2025-03-27 00:19:50.037767,97.35430472951263
2025-03-27 00:20:50.037767,195.360514767374
2025-03-27 00:21:50.037767,97.00735091368509
2025-03-27 00:22:50.037767,96.83110202539741
2025-03-27 00:23:50.037767,96.65300961250624
2025-03-27 00:24:50.037767,96.47307706563431
2025-03-27 00:25:50.037767,96.29130781043804
2025-03-27 00:26:50.037767,96.10770530754195
2025-03-27 00:27:50.037767,95.92227305247307
2025-03-27 00:28:50.037767,128.8856901192443
2025-03-27 00:29:50.037767,95.54593344203704
2025-03-27 00:30:50.037767,317.8501108387784
2025-03-27 00:31:50.037767,375.9407863255653
2025-03-27 00:32:50.037767,387.7999267535479
2025-03-27 00:33:50.037767,576.0745156893821
2025-03-27 00:34:50.037767,315.24438376290584
2025-03-27 00:35:50.037767,314.57791620470846
2025-03-27 00:36:50.037767,313.90545953644084
2025-03-27 00:37:50.037767,313.22702656070885
2025-03-27 00:38:50.037767,312.54263019389793
2025-03-27 00:39:50.037767,311.8522834659286
2025-03-27 00:40:50.037767,311.1559995200078
2025-03-27 00:41:50.037767,310.4537916123776
2025-03-27 00:42:50.037767,798.6979019086399
2025-03-27 00:43:50.037767,427.894624146467
2025-03-27 00:44:50.037767,308.3117583718849
2025-03-27 00:45:50.037767,307.5859894316877
2025-03-27 00:46:50.037767,306.8543644976278
2025-03-27 00:47:50.037767,306.1168974987885
2025-03-27 00:48:50.037767,305.3736024754791
2025-03-27 00:49:50.037767,388.9114563690013
2025-03-27 00:50:50.037767,303.8695850711997
2025-03-27 00:51:50.037767,303.1088913245537
2025-03-27 00:52:50.037767,302.34242682153854
2025-03-27 00:53:50.037767,301.57020615453393
2025-03-27 00:54:50.037767,478.1381968630441
2025-03-27 00:55:50.037767,462.1308233638633
2025-03-27 00:56:50.037767,299.2191547355312
2025-03-27 00:57:50.037767,298.4240575239324
2025-03-27 00:58:50.037767,297.62327874844704
2025-03-27 00:59:50.037767,296.81683365474896
2025-03-27 01:00:50.037767,731.5571859592318
2025-03-27 01:01:50.037767,295.18700603451
2025-03-27 01:02:50.037767,294.3636545375373
2025-03-27 01:03:50.037767,293.5346987808985
2025-03-27 01:04:50.037767,292.70015454671585
2025-03-27 01:05:50.037767,291.8600377235087
2025-03-27 01:06:50.037767,291.0143643058909
2025-03-27 01:07:50.037767,290.16315039426456
2025-03-27 01:08:50.037767,403.60424041869487
2025-03-27 01:09:50.037767,288.4441660177056
2025-03-27 01:10:50.037767,334.6776167022519
2025-03-27 01:11:50.037767,593.8140705722068
2025-03-27 01:12:50.037767,285.82454430658765
2025-03-27 01:13:50.037767,284.9404314247117
2025-03-27 01:14:50.037767,284.05089368775447
2025-03-27 01:15:50.037767,283.1559480312317
2025-03-27 01:16:50.037767,720.4177729768916
2025-03-27 01:17:50.037767,281.3499012160262
2025-03-27 01:18:50.037767,280.4388344418712
2025-03-27 01:19:50.037767,279.5224285165524
2025-03-27 01:20:50.037767,424.68518373932613
2025-03-27 01:21:50.037767,355.83735467018437
2025-03-27 01:22:50.037767,276.74135081034507
2025-03-27 01:23:50.037767,404.8703960050219
2025-03-27 01:24:50.037767,296.74464827465994
2025-03-27 01:25:50.037767,273.91285489834473
2025-03-27 01:26:50.037767,114.49800700621385
2025-03-27 01:27:50.037767,81.60032595298195
2025-03-27 01:28:50.037767,81.31122762862944
2025-03-27 01:29:50.037767,270.0686041857021
2025-03-27 01:30:50.037767,269.0946412257108
2025-03-27 01:31:50.037767,336.32002796315015
2025-03-27 01:32:50.037767,267.1313644238852
2025-03-27 01:33:50.037767,266.14208796001077
2025-03-27 01:34:50.037767,375.32244056677416
2025-03-27 01:35:50.037767,264.1483530779702
2025-03-27 01:36:50.037767,343.2217816765246
2025-03-27 01:37:50.037767,379.28845369638873
2025-03-27 01:38:50.037767,383.1492149066101
2025-03-27 01:39:50.037767,260.1006889170879
2025-03-27 01:40:50.037767,259.0763446203914
2025-03-27 01:41:50.037767,258.0470678835435
2025-03-27 01:42:50.037767,577.9474229708776
2025-03-27 01:43:50.037767,255.97379556670984
2025-03-27 01:44:50.037767,421.33341659329693
2025-03-27 01:45:50.037767,253.88102985430055
2025-03-27 01:46:50.037767,660.9347334251732
2025-03-27 01:47:50.037767,390.22911669080037
2025-03-27 01:48:50.037767,250.70568019862887
2025-03-27 01:49:50.037767,436.93627891832404
2025-03-27 01:50:50.037767,248.5648814681499
2025-03-27 01:51:50.037767,247.48737341529147
2025-03-27 01:52:50.037767,739.2154606787672
2025-03-27 01:53:50.037767,295.4454421230387
2025-03-27 01:54:50.037767,244.2266609445879
2025-03-27 01:55:50.037767,243.13042966064918
2025-03-27 01:56:50.037767,431.2992870163658
2025-03-27 01:57:50.037767,251.02720801991984
2025-03-27 01:58:50.037767,239.81404661422582
2025-03-27 01:59:50.037767,238.69942602187442
2025-03-27 02:00:50.037767,439.63560868455556
2025-03-27 02:01:50.037767,236.45657266548116
2025-03-27 02:02:50.037767,336.02315021006865
2025-03-27 02:03:50.037767,272.29345414362615
2025-03-27 02:04:50.037767,233.05858310029205
2025-03-27 02:05:50.037767,231.91701687550804
2025-03-27 02:06:50.037767,230.7710352850243
2025-03-27 02:07:50.037767,267.22037253200017
2025-03-27 02:08:50.037767,248.10552165260557
2025-03-27 02:09:50.037767,244.33932380310176
2025-03-27 02:10:50.037767,226.14339287503736
2025-03-27 02:11:50.037767,224.97566339028864
2025-03-27 02:12:50.037767,223.80365069320484
2025-03-27 02:13:50.037767,226.90685292758232
2025-03-27 02:14:50.037767,221.4468649968805
2025-03-27 02:15:50.037767,222.5817794303928
2025-03-27 02:16:50.037767,219.07321526442067
2025-03-27 02:17:50.037767,217.88012282316666
2025-03-27 02:18:50.037767,216.68288225844205
2025-03-27 02:19:50.037767,353.69082184532584
2025-03-27 02:20:50.037767,222.46299644586907
2025-03-27 02:21:50.037767,213.06650015305235
2025-03-27 02:22:50.037767,211.852895815013
2025-03-27 02:23:50.037767,210.6352581032172
2025-03-27 02:24:50.037767,209.41361019973078
2025-03-27 02:25:50.037767,208.1879753629694
2025-03-27 02:26:50.037767,206.95837692725408
2025-03-27 02:27:50.037767,205.72483830236564
2025-03-27 02:28:50.037767,204.48738297310194
2025-03-27 02:29:50.037767,609.7381034964874
2025-03-27 02:30:50.037767,231.8601606153427
2025-03-27 02:31:50.037767,200.75175272286603
2025-03-27 02:32:50.037767,199.4988669087063
2025-03-27 02:33:50.037767,198.24218292369156
2025-03-27 02:34:50.037767,196.98172469327386
2025-03-27 02:35:50.037767,195.71751621476162
2025-03-27 02:36:50.037767,194.44958155686078
2025-03-27 02:37:50.037767,193.17794485922022
2025-03-27 02:38:50.037767,191.90263033197
2025-03-27 02:39:50.037767,190.6236622552595
2025-03-27 02:40:50.037767,216.3730430108556
2025-03-27 02:41:50.037767,188.05486292138852
2025-03-27 02:42:50.037767,186.76508057046402
2025-03-27 02:43:50.037767,223.94203675827558
2025-03-27 02:44:50.037767,184.17487327815448
2025-03-27 02:45:50.037767,182.87449765058204
2025-03-27 02:46:50.037767,254.81158322964458
2025-03-27 02:47:50.037767,180.2633262185191
2025-03-27 02:48:50.037767,178.95258012696817
2025-03-27 02:49:50.037767,177.63842703624675
2025-03-27 02:50:50.037767,317.6681028133717
2025-03-27 02:51:50.037767,174.99999999999991
2025-03-27 02:52:50.037767,173.67577628632313
2025-03-27 02:53:50.037767,172.34824603621357
2025-03-27 02:54:50.037767,171.01743452393413
2025-03-27 02:55:50.037767,352.18658015919186
2025-03-27 02:56:50.037767,168.34606912178575
2025-03-27 02:57:50.037767,181.16547842446585
2025-03-27 02:58:50.037767,231.32021069243615
2025-03-27 02:59:50.037767,164.3150469750618
2025-03-27 03:00:50.037767,162.9650821137888
2025-03-27 03:01:50.037767,161.6120146322621
2025-03-27 03:02:50.037767,168.0525348450848
2025-03-27 03:03:50.037767,158.8966749088412
2025-03-27 03:04:50.037767,157.53445436310244
2025-03-27 03:05:50.037767,156.16923458843306
2025-03-27 03:06:50.037767,154.80104157665025
2025-03-27 03:07:50.037767,153.42990137617727
2025-03-27 03:08:50.037767,182.61786785605867
2025-03-27 03:09:50.037767,150.67888388290308
2025-03-27 03:10:50.037767,293.7427597129497
2025-03-27 03:11:50.037767,147.91639160924476
2025-03-27 03:12:50.037767,146.53090813810016
2025-03-27 03:13:50.037767,254.5366530418341
2025-03-27 03:14:50.037767,143.75159841471697
2025-03-27 03:15:50.037767,221.74918860824482
2025-03-27 03:16:50.037767,183.51531793112076
2025-03-27 03:17:50.037767,139.56217412383606
2025-03-27 03:18:50.037767,233.79377944308305
2025-03-27 03:19:50.037767,136.75589497124588
2025-03-27 03:20:50.037767,149.80388199620066
2025-03-27 03:21:50.037767,205.19336064704584
2025-03-27 03:22:50.037767,180.16008250172942
2025-03-27 03:23:50.037767,131.11230769556906
2025-03-27 03:24:50.037767,129.6951031284429
2025-03-27 03:25:50.037767,152.84533476819877
2025-03-27 03:26:50.037767,150.81804789628862
2025-03-27 03:27:50.037767,125.4287823408553
2025-03-27 03:28:50.037767,157.7014917418226
2025-03-27 03:29:50.037767,122.57258344081342
2025-03-27 03:30:50.037767,121.14096997712272
2025-03-27 03:31:50.037767,196.07128224504032
2025-03-27 03:32:50.037767,118.27085130116421
2025-03-27 03:33:50.037767,116.83240073181999
2025-03-27 03:34:50.037767,173.63704686599064
2025-03-27 03:35:50.037767,122.14264129964795
2025-03-27 03:36:50.037767,112.50381285610668
2025-03-27 03:37:50.037767,191.89406161029655
2025-03-27 03:38:50.037767,109.60733226931266
2025-03-27 03:39:50.037767,108.15594803123172
2025-03-27 03:40:50.037767,168.18523682769555
2025-03-27 03:41:50.037767,105.24702982649588
2025-03-27 03:42:50.037767,103.78955124144993
2025-03-27 03:43:50.037767,102.33009665295772
2025-03-27 03:44:50.037767,100.86869384693154
2025-03-27 03:45:50.037767,99.40537064637297
2025-03-27 03:46:50.037767,106.85199930237451
2025-03-27 03:47:50.037767,96.47307453594996
2025-03-27 03:48:50.037767,175.39404209635617
2025-03-27 03:49:50.037767,93.53343162738973
2025-03-27 03:50:50.037767,121.91701722874075
2025-03-27 03:51:50.037767,90.58666578588227
2025-03-27 03:52:50.037767,140.47747426776778
2025-03-27 03:53:50.037767,87.6330014190547
2025-03-27 03:54:50.037767,144.87763234570224
2025-03-27 03:55:50.037767,84.67266345988348
2025-03-27 03:56:50.037767,101.03691514626716
2025-03-27 03:57:50.037767,121.409200338873
2025-03-27 03:58:50.037767,80.22013682284472
2025-03-27 03:59:50.037767,78.7328690203529
2025-03-27 04:00:50.037767,77.24410225752533
2025-03-27 04:01:50.037767,75.75386487833634
2025-03-27 04:02:50.037767,101.02017537085356
2025-03-27 04:03:50.037767,114.92201676142376
2025-03-27 04:04:50.037767,71.27461289906242
2025-03-27 04:05:50.037767,69.77877704601912
2025-03-27 04:06:50.037767,137.63634872307597
2025-03-27 04:07:50.037767,66.78314838179098
2025-03-27 04:08:50.037767,190.12461428913204
2025-03-27 04:09:50.037767,67.61591331938732
2025-03-27 04:10:50.037767,83.6976205712814
2025-03-27 04:11:50.037767,60.77686218342567
2025-03-27 04:12:50.037767,59.272326347158454
2025-03-27 04:13:50.037767,57.76666205123742
2025-03-27 04:14:50.037767,56.25989796133916
2025-03-27 04:15:50.037767,62.08420279849806
2025-03-27 04:16:50.037767,53.243185166471065
2025-03-27 04:17:50.037767,51.73329389536372
2025-03-27 04:18:50.037767,102.6084605388888
2025-03-27 04:19:50.037767,63.40478818844328
2025-03-27 04:20:50.037767,47.197825595803025
2025-03-27 04:21:50.037767,45.68416727701782
2025-03-27 04:22:50.037767,44.169639197540576
2025-03-27 04:23:50.037767,42.65427019180157
2025-03-27 04:24:50.037767,41.138089110243534
2025-03-27 04:25:50.037767,39.6211248187675
2025-03-27 04:26:50.037767,38.10340619818753
2025-03-27 04:27:50.037767,51.64432300972719
2025-03-27 04:28:50.037767,35.065821564226816
2025-03-27 04:29:50.037767,33.5460133820783
2025-03-27 04:30:50.037767,39.31859666396041
2025-03-27 04:31:50.037767,30.50450996168045
2025-03-27 04:32:50.037767,28.982872629271395
2025-03-27 04:33:50.037767,27.460683504746008
2025-03-27 04:34:50.037767,25.937971568389802
2025-03-27 04:35:50.037767,24.414765810443704
2025-03-27 04:36:50.037767,27.55518737052065
2025-03-27 04:37:50.037767,23.080869217482856
2025-03-27 04:38:50.037767,19.842475647181953
2025-03-27 04:39:50.037767,18.31758468503057
2025-03-27 04:40:50.037767,16.792344982470393
2025-03-27 04:41:50.037767,4.58003567336022
2025-03-27 04:42:50.037767,13.74093551567422
2025-03-27 04:43:50.037767,12.38021315622825
2025-03-27 04:44:50.037767,10.688479623437704
2025-03-27 04:45:50.037767,10.633790759103677
2025-03-27 04:46:50.037767,13.07312422609374
2025-03-27 04:47:50.037767,6.108342253048978
2025-03-27 04:48:50.037767,4.581358449970708
2025-03-27 04:49:50.037767,3.054287424430816
2025-03-27 04:50:50.037767,1.527158249661644
2025-03-27 04:51:50.037767,1.2858791391047208e-13
2025-03-27 04:52:50.037767,0.0
2025-03-27 04:53:50.037767,0.0
2025-03-27 04:54:50.037767,0.0
2025-03-27 04:55:50.037767,0.0
2025-03-27 04:56:50.037767,0.0
2025-03-27 04:57:50.037767,0.0
2025-03-27 04:58:50.037767,0.0
2025-03-27 04:59:50.037767,0.0
2025-03-27 05:00:50.037767,0.0
2025-03-27 05:01:50.037767,0.0
2025-03-27 05:02:50.037767,0.0
2025-03-27 05:03:50.037767,0.0
2025-03-27 05:04:50.037767,0.0
2025-03-27 05:05:50.037767,0.0
2025-03-27 05:06:50.037767,0.0
2025-03-27 05:07:50.037767,0.0
2025-03-27 05:08:50.037767,0.0
2025-03-27 05:09:50.037767,0.0
2025-03-27 05:10:50.037767,0.0
2025-03-27 05:11:50.037767,0.0
2025-03-27 05:12:50.037767,0.0
2025-03-27 05:13:50.037767,0.0
2025-03-27 05:14:50.037767,0.0
2025-03-27 05:15:50.037767,0.0
2025-03-27 05:16:50.037767,0.0
2025-03-27 05:17:50.037767,0.0
2025-03-27 05:18:50.037767,0.0
2025-03-27 05:19:50.037767,0.0
2025-03-27 05:20:50.037767,0.0
2025-03-27 05:21:50.037767,0.0
2025-03-27 05:22:50.037767,0.0
2025-03-27 05:23:50.037767,0.0
2025-03-27 05:24:50.037767,0.0
2025-03-27 05:25:50.037767,0.0
2025-03-27 05:26:50.037767,0.0
2025-03-27 05:27:50.037767,0.0
2025-03-27 05:28:50.037767,0.0
2025-03-27 05:29:50.037767,0.0
2025-03-27 05:30:50.037767,0.0
2025-03-27 05:31:50.037767,0.0
2025-03-27 05:32:50.037767,0.0
2025-03-27 05:33:50.037767,0.0
2025-03-27 05:34:50.037767,0.0
2025-03-27 05:35:50.037767,0.0
2025-03-27 05:36:50.037767,0.0
2025-03-27 05:37:50.037767,0.0
2025-03-27 05:38:50.037767,0.0
2025-03-27 05:39:50.037767,0.0
2025-03-27 05:40:50.037767,0.0
2025-03-27 05:41:50.037767,0.0
2025-03-27 05:42:50.037767,0.0
2025-03-27 05:43:50.037767,0.0
2025-03-27 05:44:50.037767,0.0
2025-03-27 05:45:50.037767,0.0
2025-03-27 05:46:50.037767,0.0
2025-03-27 05:47:50.037767,0.0
2025-03-27 05:48:50.037767,0.0
2025-03-27 05:49:50.037767,0.0
2025-03-27 05:50:50.037767,0.0
2025-03-27 05:51:50.037767,0.0
2025-03-27 05:52:50.037767,0.0
2025-03-27 05:53:50.037767,0.0
2025-03-27 05:54:50.037767,0.0
2025-03-27 05:55:50.037767,0.0
2025-03-27 05:56:50.037767,0.0
2025-03-27 05:57:50.037767,0.0
2025-03-27 05:58:50.037767,0.0
2025-03-27 05:59:50.037767,0.0
2025-03-27 06:00:50.037767,0.0
2025-03-27 06:01:50.037767,0.0
2025-03-27 06:02:50.037767,0.0
2025-03-27 06:03:50.037767,0.0
2025-03-27 06:04:50.037767,0.0
2025-03-27 06:05:50.037767,0.0
2025-03-27 06:06:50.037767,0.0
2025-03-27 06:07:50.037767,0.0
2025-03-27 06:08:50.037767,0.0
2025-03-27 06:09:50.037767,0.0
2025-03-27 06:10:50.037767,0.0
2025-03-27 06:11:50.037767,0.0
2025-03-27 06:12:50.037767,0.0
2025-03-27 06:13:50.037767,0.0
2025-03-27 06:14:50.037767,0.0
2025-03-27 06:15:50.037767,0.0
2025-03-27 06:16:50.037767,0.0
2025-03-27 06:17:50.037767,0.0
2025-03-27 06:18:50.037767,0.0
2025-03-27 06:19:50.037767,0.0
2025-03-27 06:20:50.037767,0.0
2025-03-27 06:21:50.037767,0.0
2025-03-27 06:22:50.037767,0.0
2025-03-27 06:23:50.037767,0.0
2025-03-27 06:24:50.037767,0.0
2025-03-27 06:25:50.037767,0.0
2025-03-27 06:26:50.037767,0.0
2025-03-27 06:27:50.037767,0.0
2025-03-27 06:28:50.037767,0.0
2025-03-27 06:29:50.037767,0.0
2025-03-27 06:30:50.037767,0.0
2025-03-27 06:31:50.037767,0.0
2025-03-27 06:32:50.037767,0.0
2025-03-27 06:33:50.037767,0.0
2025-03-27 06:34:50.037767,0.0
2025-03-27 06:35:50.037767,0.0
2025-03-27 06:36:50.037767,0.0
2025-03-27 06:37:50.037767,0.0
2025-03-27 06:38:50.037767,0.0
2025-03-27 06:39:50.037767,0.0
2025-03-27 06:40:50.037767,0.0
2025-03-27 06:41:50.037767,0.0
2025-03-27 06:42:50.037767,0.0
2025-03-27 06:43:50.037767,0.0
2025-03-27 06:44:50.037767,0.0
2025-03-27 06:45:50.037767,0.0
2025-03-27 06:46:50.037767,0.0
2025-03-27 06:47:50.037767,0.0
2025-03-27 06:48:50.037767,0.0
2025-03-27 06:49:50.037767,0.0
2025-03-27 06:50:50.037767,0.0
2025-03-27 06:51:50.037767,0.0
2025-03-27 06:52:50.037767,0.0
2025-03-27 06:53:50.037767,0.0
2025-03-27 06:54:50.037767,0.0
2025-03-27 06:55:50.037767,0.0
2025-03-27 06:56:50.037767,0.0
2025-03-27 06:57:50.037767,0.0
2025-03-27 06:58:50.037767,0.0
2025-03-27 06:59:50.037767,0.0
2025-03-27 07:00:50.037767,0.0
2025-03-27 07:01:50.037767,0.0
2025-03-27 07:02:50.037767,0.0
2025-03-27 07:03:50.037767,0.0
2025-03-27 07:04:50.037767,0.0
2025-03-27 07:05:50.037767,0.0
2025-03-27 07:06:50.037767,0.0
2025-03-27 07:07:50.037767,0.0
2025-03-27 07:08:50.037767,0.0
2025-03-27 07:09:50.037767,0.0
2025-03-27 07:10:50.037767,0.0
2025-03-27 07:11:50.037767,0.0
2025-03-27 07:12:50.037767,0.0
2025-03-27 07:13:50.037767,0.0
2025-03-27 07:14:50.037767,0.0
2025-03-27 07:15:50.037767,0.0
2025-03-27 07:16:50.037767,0.0
2025-03-27 07:17:50.037767,0.0
2025-03-27 07:18:50.037767,0.0
2025-03-27 07:19:50.037767,0.0
2025-03-27 07:20:50.037767,0.0
2025-03-27 07:21:50.037767,0.0
2025-03-27 07:22:50.037767,0.0
2025-03-27 07:23:50.037767,0.0
2025-03-27 07:24:50.037767,0.0
2025-03-27 07:25:50.037767,0.0
2025-03-27 07:26:50.037767,0.0
2025-03-27 07:27:50.037767,0.0
2025-03-27 07:28:50.037767,0.0
2025-03-27 07:29:50.037767,0.0
2025-03-27 07:30:50.037767,0.0
2025-03-27 07:31:50.037767,0.0
2025-03-27 07:32:50.037767,0.0
2025-03-27 07:33:50.037767,0.0
2025-03-27 07:34:50.037767,0.0
2025-03-27 07:35:50.037767,0.0
2025-03-27 07:36:50.037767,0.0
2025-03-27 07:37:50.037767,0.0
2025-03-27 07:38:50.037767,0.0
2025-03-27 07:39:50.037767,0.0
2025-03-27 07:40:50.037767,0.0
2025-03-27 07:41:50.037767,0.0
2025-03-27 07:42:50.037767,0.0
2025-03-27 07:43:50.037767,0.0
2025-03-27 07:44:50.037767,0.0
2025-03-27 07:45:50.037767,0.0
2025-03-27 07:46:50.037767,0.0
2025-03-27 07:47:50.037767,0.0
2025-03-27 07:48:50.037767,0.0
2025-03-27 07:49:50.037767,0.0
2025-03-27 07:50:50.037767,0.0
2025-03-27 07:51:50.037767,0.0
2025-03-27 07:52:50.037767,0.0
2025-03-27 07:53:50.037767,0.0
2025-03-27 07:54:50.037767,0.0
2025-03-27 07:55:50.037767,0.0
2025-03-27 07:56:50.037767,0.0
2025-03-27 07:57:50.037767,0.0
2025-03-27 07:58:50.037767,0.0
2025-03-27 07:59:50.037767,0.0
2025-03-27 08:00:50.037767,0.0
2025-03-27 08:01:50.037767,0.0
2025-03-27 08:02:50.037767,0.0
2025-03-27 08:03:50.037767,0.0
2025-03-27 08:04:50.037767,0.0
2025-03-27 08:05:50.037767,0.0
2025-03-27 08:06:50.037767,0.0
2025-03-27 08:07:50.037767,0.0
2025-03-27 08:08:50.037767,0.0
2025-03-27 08:09:50.037767,0.0
2025-03-27 08:10:50.037767,0.0
2025-03-27 08:11:50.037767,0.0
2025-03-27 08:12:50.037767,0.0
2025-03-27 08:13:50.037767,0.0
2025-03-27 08:14:50.037767,0.0
2025-03-27 08:15:50.037767,0.0
2025-03-27 08:16:50.037767,0.0
2025-03-27 08:17:50.037767,0.0
2025-03-27 08:18:50.037767,0.0
2025-03-27 08:19:50.037767,0.0
2025-03-27 08:20:50.037767,0.0
2025-03-27 08:21:50.037767,0.0
2025-03-27 08:22:50.037767,0.0
2025-03-27 08:23:50.037767,0.0
2025-03-27 08:24:50.037767,0.0
2025-03-27 08:25:50.037767,0.0
2025-03-27 08:26:50.037767,0.0
2025-03-27 08:27:50.037767,0.0
2025-03-27 08:28:50.037767,0.0
2025-03-27 08:29:50.037767,0.0
2025-03-27 08:30:50.037767,0.0
2025-03-27 08:31:50.037767,0.0
2025-03-27 08:32:50.037767,0.0
2025-03-27 08:33:50.037767,0.0
2025-03-27 08:34:50.037767,0.0
2025-03-27 08:35:50.037767,0.0
2025-03-27 08:36:50.037767,0.0
2025-03-27 08:37:50.037767,0.0
2025-03-27 08:38:50.037767,0.0
2025-03-27 08:39:50.037767,0.0
2025-03-27 08:40:50.037767,0.0
2025-03-27 08:41:50.037767,0.0
2025-03-27 08:42:50.037767,0.0
2025-03-27 08:43:50.037767,0.0
2025-03-27 08:44:50.037767,0.0
2025-03-27 08:45:50.037767,0.0
2025-03-27 08:46:50.037767,0.0
2025-03-27 08:47:50.037767,0.0
2025-03-27 08:48:50.037767,0.0
2025-03-27 08:49:50.037767,0.0
2025-03-27 08:50:50.037767,0.0
2025-03-27 08:51:50.037767,0.0
2025-03-27 08:52:50.037767,0.0
2025-03-27 08:53:50.037767,0.0
2025-03-27 08:54:50.037767,0.0
2025-03-27 08:55:50.037767,0.0
2025-03-27 08:56:50.037767,0.0
2025-03-27 08:57:50.037767,0.0
2025-03-27 08:58:50.037767,0.0
2025-03-27 08:59:50.037767,0.0
2025-03-27 09:00:50.037767,0.0
2025-03-27 09:01:50.037767,0.0
2025-03-27 09:02:50.037767,0.0
2025-03-27 09:03:50.037767,0.0
2025-03-27 09:04:50.037767,0.0
2025-03-27 09:05:50.037767,0.0
2025-03-27 09:06:50.037767,0.0
2025-03-27 09:07:50.037767,0.0
2025-03-27 09:08:50.037767,0.0
2025-03-27 09:09:50.037767,0.0
2025-03-27 09:10:50.037767,0.0
2025-03-27 09:11:50.037767,0.0
2025-03-27 09:12:50.037767,0.0
2025-03-27 09:13:50.037767,0.0
2025-03-27 09:14:50.037767,0.0
2025-03-27 09:15:50.037767,0.0
2025-03-27 09:16:50.037767,0.0
2025-03-27 09:17:50.037767,0.0
2025-03-27 09:18:50.037767,0.0
2025-03-27 09:19:50.037767,0.0
2025-03-27 09:20:50.037767,0.0
2025-03-27 09:21:50.037767,0.0
2025-03-27 09:22:50.037767,0.0
2025-03-27 09:23:50.037767,0.0
2025-03-27 09:24:50.037767,0.0
2025-03-27 09:25:50.037767,0.0
2025-03-27 09:26:50.037767,0.0
2025-03-27 09:27:50.037767,0.0
2025-03-27 09:28:50.037767,0.0
2025-03-27 09:29:50.037767,0.0
2025-03-27 09:30:50.037767,0.0
2025-03-27 09:31:50.037767,0.0
2025-03-27 09:32:50.037767,0.0
2025-03-27 09:33:50.037767,0.0
2025-03-27 09:34:50.037767,0.0
2025-03-27 09:35:50.037767,0.0
2025-03-27 09:36:50.037767,0.0
2025-03-27 09:37:50.037767,0.0
2025-03-27 09:38:50.037767,0.0
2025-03-27 09:39:50.037767,0.0
2025-03-27 09:40:50.037767,0.0
2025-03-27 09:41:50.037767,0.0
2025-03-27 09:42:50.037767,0.0
2025-03-27 09:43:50.037767,0.0
2025-03-27 09:44:50.037767,0.0
2025-03-27 09:45:50.037767,0.0
2025-03-27 09:46:50.037767,0.0
2025-03-27 09:47:50.037767,0.0
2025-03-27 09:48:50.037767,0.0
2025-03-27 09:49:50.037767,0.0
2025-03-27 09:50:50.037767,0.0
2025-03-27 09:51:50.037767,0.0
2025-03-27 09:52:50.037767,0.0
2025-03-27 09:53:50.037767,0.0
2025-03-27 09:54:50.037767,0.0
2025-03-27 09:55:50.037767,0.0
2025-03-27 09:56:50.037767,0.0
2025-03-27 09:57:50.037767,0.0
2025-03-27 09:58:50.037767,0.0
2025-03-27 09:59:50.037767,0.0
2025-03-27 10:00:50.037767,0.0
2025-03-27 10:01:50.037767,0.0
2025-03-27 10:02:50.037767,0.0
2025-03-27 10:03:50.037767,0.0
2025-03-27 10:04:50.037767,0.0
2025-03-27 10:05:50.037767,0.0
2025-03-27 10:06:50.037767,0.0
2025-03-27 10:07:50.037767,0.0
2025-03-27 10:08:50.037767,0.0
2025-03-27 10:09:50.037767,0.0
2025-03-27 10:10:50.037767,0.0
2025-03-27 10:11:50.037767,0.0
2025-03-27 10:12:50.037767,0.0
2025-03-27 10:13:50.037767,0.0
2025-03-27 10:14:50.037767,0.0
2025-03-27 10:15:50.037767,0.0
2025-03-27 10:16:50.037767,0.0
2025-03-27 10:17:50.037767,0.0
2025-03-27 10:18:50.037767,0.0
2025-03-27 10:19:50.037767,0.0
2025-03-27 10:20:50.037767,0.0
2025-03-27 10:21:50.037767,0.0
2025-03-27 10:22:50.037767,0.0
2025-03-27 10:23:50.037767,0.0
2025-03-27 10:24:50.037767,0.0
2025-03-27 10:25:50.037767,0.0
2025-03-27 10:26:50.037767,0.0
2025-03-27 10:27:50.037767,0.0
2025-03-27 10:28:50.037767,0.0
2025-03-27 10:29:50.037767,0.0
2025-03-27 10:30:50.037767,0.0
2025-03-27 10:31:50.037767,0.0
2025-03-27 10:32:50.037767,0.0
2025-03-27 10:33:50.037767,0.0
2025-03-27 10:34:50.037767,0.0
2025-03-27 10:35:50.037767,0.0
2025-03-27 10:36:50.037767,0.0
2025-03-27 10:37:50.037767,0.0
2025-03-27 10:38:50.037767,0.0
2025-03-27 10:39:50.037767,0.0
2025-03-27 10:40:50.037767,0.0
2025-03-27 10:41:50.037767,0.0
2025-03-27 10:42:50.037767,0.0
2025-03-27 10:43:50.037767,0.0
2025-03-27 10:44:50.037767,0.0
2025-03-27 10:45:50.037767,0.0
2025-03-27 10:46:50.037767,0.0
2025-03-27 10:47:50.037767,0.0
2025-03-27 10:48:50.037767,0.0
2025-03-27 10:49:50.037767,0.0
2025-03-27 10:50:50.037767,0.0
2025-03-27 10:51:50.037767,0.0
2025-03-27 10:52:50.037767,0.0
2025-03-27 10:53:50.037767,0.0
2025-03-27 10:54:50.037767,0.0
2025-03-27 10:55:50.037767,0.0
2025-03-27 10:56:50.037767,0.0
2025-03-27 10:57:50.037767,0.0
2025-03-27 10:58:50.037767,0.0
2025-03-27 10:59:50.037767,0.0
2025-03-27 11:00:50.037767,0.0
2025-03-27 11:01:50.037767,0.0
2025-03-27 11:02:50.037767,0.0
2025-03-27 11:03:50.037767,0.0
2025-03-27 11:04:50.037767,0.0
2025-03-27 11:05:50.037767,0.0
2025-03-27 11:06:50.037767,0.0
2025-03-27 11:07:50.037767,0.0
2025-03-27 11:08:50.037767,0.0
2025-03-27 11:09:50.037767,0.0
2025-03-27 11:10:50.037767,0.0
2025-03-27 11:11:50.037767,0.0
2025-03-27 11:12:50.037767,0.0
2025-03-27 11:13:50.037767,0.0
2025-03-27 11:14:50.037767,0.0
2025-03-27 11:15:50.037767,0.0
2025-03-27 11:16:50.037767,0.0
2025-03-27 11:17:50.037767,0.0
2025-03-27 11:18:50.037767,0.0
2025-03-27 11:19:50.037767,0.0
2025-03-27 11:20:50.037767,0.0
2025-03-27 11:21:50.037767,0.0
2025-03-27 11:22:50.037767,0.0
2025-03-27 11:23:50.037767,0.0
2025-03-27 11:24:50.037767,0.0
2025-03-27 11:25:50.037767,0.0
2025-03-27 11:26:50.037767,0.0
2025-03-27 11:27:50.037767,0.0
2025-03-27 11:28:50.037767,0.0
2025-03-27 11:29:50.037767,0.0
2025-03-27 11:30:50.037767,0.0
2025-03-27 11:31:50.037767,0.0
2025-03-27 11:32:50.037767,0.0
2025-03-27 11:33:50.037767,0.0
2025-03-27 11:34:50.037767,0.0
2025-03-27 11:35:50.037767,0.0
2025-03-27 11:36:50.037767,0.0
2025-03-27 11:37:50.037767,0.0
2025-03-27 11:38:50.037767,0.0
2025-03-27 11:39:50.037767,0.0
2025-03-27 11:40:50.037767,0.0
2025-03-27 11:41:50.037767,0.0
2025-03-27 11:42:50.037767,0.0
2025-03-27 11:43:50.037767,0.0
2025-03-27 11:44:50.037767,0.0
2025-03-27 11:45:50.037767,0.0
2025-03-27 11:46:50.037767,0.0
2025-03-27 11:47:50.037767,0.0
2025-03-27 11:48:50.037767,0.0
2025-03-27 11:49:50.037767,0.0
2025-03-27 11:50:50.037767,0.0
2025-03-27 11:51:50.037767,0.0
2025-03-27 11:52:50.037767,0.0
2025-03-27 11:53:50.037767,0.0
2025-03-27 11:54:50.037767,0.0
2025-03-27 11:55:50.037767,0.0
2025-03-27 11:56:50.037767,0.0
2025-03-27 11:57:50.037767,0.0
2025-03-27 11:58:50.037767,0.0
2025-03-27 11:59:50.037767,0.0
2025-03-27 12:00:50.037767,0.0
2025-03-27 12:01:50.037767,0.0
2025-03-27 12:02:50.037767,0.0
2025-03-27 12:03:50.037767,0.0
2025-03-27 12:04:50.037767,0.0
2025-03-27 12:05:50.037767,0.0
2025-03-27 12:06:50.037767,0.0
2025-03-27 12:07:50.037767,0.0
2025-03-27 12:08:50.037767,0.0
2025-03-27 12:09:50.037767,0.0
2025-03-27 12:10:50.037767,0.0
2025-03-27 12:11:50.037767,0.0
2025-03-27 12:12:50.037767,0.0
2025-03-27 12:13:50.037767,0.0
2025-03-27 12:14:50.037767,0.0
2025-03-27 12:15:50.037767,0.0
2025-03-27 12:16:50.037767,0.0
2025-03-27 12:17:50.037767,0.0
2025-03-27 12:18:50.037767,0.0
2025-03-27 12:19:50.037767,0.0
2025-03-27 12:20:50.037767,0.0
2025-03-27 12:21:50.037767,0.0
2025-03-27 12:22:50.037767,0.0
2025-03-27 12:23:50.037767,0.0
2025-03-27 12:24:50.037767,0.0
2025-03-27 12:25:50.037767,0.0
2025-03-27 12:26:50.037767,0.0
2025-03-27 12:27:50.037767,0.0
2025-03-27 12:28:50.037767,0.0
2025-03-27 12:29:50.037767,0.0
2025-03-27 12:30:50.037767,0.0
2025-03-27 12:31:50.037767,0.0
2025-03-27 12:32:50.037767,0.0
2025-03-27 12:33:50.037767,0.0
2025-03-27 12:34:50.037767,0.0
2025-03-27 12:35:50.037767,0.0
2025-03-27 12:36:50.037767,0.0
2025-03-27 12:37:50.037767,0.0
2025-03-27 12:38:50.037767,0.0
2025-03-27 12:39:50.037767,0.0
2025-03-27 12:40:50.037767,0.0
2025-03-27 12:41:50.037767,0.0
2025-03-27 12:42:50.037767,0.0
2025-03-27 12:43:50.037767,0.0
2025-03-27 12:44:50.037767,0.0
2025-03-27 12:45:50.037767,0.0
2025-03-27 12:46:50.037767,0.0
2025-03-27 12:47:50.037767,0.0
2025-03-27 12:48:50.037767,0.0
2025-03-27 12:49:50.037767,0.0
2025-03-27 12:50:50.037767,0.0
2025-03-27 12:51:50.037767,0.0
2025-03-27 12:52:50.037767,0.0
2025-03-27 12:53:50.037767,0.0
2025-03-27 12:54:50.037767,0.0
2025-03-27 12:55:50.037767,0.0
2025-03-27 12:56:50.037767,0.0
2025-03-27 12:57:50.037767,0.0
2025-03-27 12:58:50.037767,0.0
2025-03-27 12:59:50.037767,0.0
2025-03-27 13:00:50.037767,0.0
2025-03-27 13:01:50.037767,0.0
2025-03-27 13:02:50.037767,0.0
2025-03-27 13:03:50.037767,0.0
2025-03-27 13:04:50.037767,0.0
2025-03-27 13:05:50.037767,0.0
2025-03-27 13:06:50.037767,0.0
2025-03-27 13:07:50.037767,0.0
2025-03-27 13:08:50.037767,0.0
2025-03-27 13:09:50.037767,0.0
2025-03-27 13:10:50.037767,0.0
2025-03-27 13:11:50.037767,0.0
2025-03-27 13:12:50.037767,0.0
2025-03-27 13:13:50.037767,0.0
2025-03-27 13:14:50.037767,0.0
2025-03-27 13:15:50.037767,0.0
2025-03-27 13:16:50.037767,0.0
2025-03-27 13:17:50.037767,0.0
2025-03-27 13:18:50.037767,0.0
2025-03-27 13:19:50.037767,0.0
2025-03-27 13:20:50.037767,0.0
2025-03-27 13:21:50.037767,0.0
2025-03-27 13:22:50.037767,0.0
2025-03-27 13:23:50.037767,0.0
2025-03-27 13:24:50.037767,0.0
2025-03-27 13:25:50.037767,0.0
2025-03-27 13:26:50.037767,0.0
2025-03-27 13:27:50.037767,0.0
2025-03-27 13:28:50.037767,0.0
2025-03-27 13:29:50.037767,0.0
2025-03-27 13:30:50.037767,0.0
2025-03-27 13:31:50.037767,0.0
2025-03-27 13:32:50.037767,0.0
2025-03-27 13:33:50.037767,0.0
2025-03-27 13:34:50.037767,0.0
2025-03-27 13:35:50.037767,0.0
2025-03-27 13:36:50.037767,0.0
2025-03-27 13:37:50.037767,0.0
2025-03-27 13:38:50.037767,0.0
2025-03-27 13:39:50.037767,0.0
2025-03-27 13:40:50.037767,0.0
2025-03-27 13:41:50.037767,0.0
2025-03-27 13:42:50.037767,0.0
2025-03-27 13:43:50.037767,0.0
2025-03-27 13:44:50.037767,0.0
2025-03-27 13:45:50.037767,0.0
2025-03-27 13:46:50.037767,0.0
2025-03-27 13:47:50.037767,0.0
2025-03-27 13:48:50.037767,0.0
2025-03-27 13:49:50.037767,0.0
2025-03-27 13:50:50.037767,0.0
2025-03-27 13:51:50.037767,0.0
2025-03-27 13:52:50.037767,0.0
2025-03-27 13:53:50.037767,0.0
2025-03-27 13:54:50.037767,0.0
2025-03-27 13:55:50.037767,0.0
2025-03-27 13:56:50.037767,0.0
2025-03-27 13:57:50.037767,0.0
2025-03-27 13:58:50.037767,0.0
2025-03-27 13:59:50.037767,0.0
2025-03-27 14:00:50.037767,0.0
2025-03-27 14:01:50.037767,0.0
2025-03-27 14:02:50.037767,0.0
2025-03-27 14:03:50.037767,0.0
2025-03-27 14:04:50.037767,0.0
2025-03-27 14:05:50.037767,0.0
2025-03-27 14:06:50.037767,0.0
2025-03-27 14:07:50.037767,0.0
2025-03-27 14:08:50.037767,0.0
2025-03-27 14:09:50.037767,0.0
2025-03-27 14:10:50.037767,0.0
2025-03-27 14:11:50.037767,0.0
2025-03-27 14:12:50.037767,0.0
2025-03-27 14:13:50.037767,0.0
2025-03-27 14:14:50.037767,0.0
2025-03-27 14:15:50.037767,0.0
2025-03-27 14:16:50.037767,0.0
2025-03-27 14:17:50.037767,0.0
2025-03-27 14:18:50.037767,0.0
2025-03-27 14:19:50.037767,0.0
2025-03-27 14:20:50.037767,0.0
2025-03-27 14:21:50.037767,0.0
2025-03-27 14:22:50.037767,0.0
2025-03-27 14:23:50.037767,0.0
2025-03-27 14:24:50.037767,0.0
2025-03-27 14:25:50.037767,0.0
2025-03-27 14:26:50.037767,0.0
2025-03-27 14:27:50.037767,0.0
2025-03-27 14:28:50.037767,0.0
2025-03-27 14:29:50.037767,0.0
2025-03-27 14:30:50.037767,0.0
2025-03-27 14:31:50.037767,0.0
2025-03-27 14:32:50.037767,0.0
2025-03-27 14:33:50.037767,0.0
2025-03-27 14:34:50.037767,0.0
2025-03-27 14:35:50.037767,0.0
2025-03-27 14:36:50.037767,0.0
2025-03-27 14:37:50.037767,0.0
2025-03-27 14:38:50.037767,0.0
2025-03-27 14:39:50.037767,0.0
2025-03-27 14:40:50.037767,0.0
2025-03-27 14:41:50.037767,0.0
2025-03-27 14:42:50.037767,0.0
2025-03-27 14:43:50.037767,0.0
2025-03-27 14:44:50.037767,0.0
2025-03-27 14:45:50.037767,0.0
2025-03-27 14:46:50.037767,0.0
2025-03-27 14:47:50.037767,0.0
2025-03-27 14:48:50.037767,0.0
2025-03-27 14:49:50.037767,0.0
2025-03-27 14:50:50.037767,0.0
2025-03-27 14:51:50.037767,0.0
2025-03-27 14:52:50.037767,0.0
2025-03-27 14:53:50.037767,0.0
2025-03-27 14:54:50.037767,0.0
2025-03-27 14:55:50.037767,0.0
2025-03-27 14:56:50.037767,0.0
2025-03-27 14:57:50.037767,0.0
2025-03-27 14:58:50.037767,0.0
2025-03-27 14:59:50.037767,0.0
2025-03-27 15:00:50.037767,0.0
2025-03-27 15:01:50.037767,0.0
2025-03-27 15:02:50.037767,0.0
2025-03-27 15:03:50.037767,0.0
2025-03-27 15:04:50.037767,0.0
2025-03-27 15:05:50.037767,0.0
2025-03-27 15:06:50.037767,0.0
2025-03-27 15:07:50.037767,0.0
2025-03-27 15:08:50.037767,0.0
2025-03-27 15:09:50.037767,0.0
2025-03-27 15:10:50.037767,0.0
2025-03-27 15:11:50.037767,0.0
2025-03-27 15:12:50.037767,0.0
2025-03-27 15:13:50.037767,0.0
2025-03-27 15:14:50.037767,0.0
2025-03-27 15:15:50.037767,0.0
2025-03-27 15:16:50.037767,0.0
2025-03-27 15:17:50.037767,0.0
2025-03-27 15:18:50.037767,0.0
2025-03-27 15:19:50.037767,0.0
2025-03-27 15:20:50.037767,0.0
2025-03-27 15:21:50.037767,0.0
2025-03-27 15:22:50.037767,0.0
2025-03-27 15:23:50.037767,0.0
2025-03-27 15:24:50.037767,0.0
2025-03-27 15:25:50.037767,0.0
2025-03-27 15:26:50.037767,0.0
2025-03-27 15:27:50.037767,0.0
2025-03-27 15:28:50.037767,0.0
2025-03-27 15:29:50.037767,0.0
2025-03-27 15:30:50.037767,0.0
2025-03-27 15:31:50.037767,0.0
2025-03-27 15:32:50.037767,0.0
2025-03-27 15:33:50.037767,0.0
2025-03-27 15:34:50.037767,0.0
2025-03-27 15:35:50.037767,0.0
2025-03-27 15:36:50.037767,0.0
2025-03-27 15:37:50.037767,0.0
2025-03-27 15:38:50.037767,0.0
2025-03-27 15:39:50.037767,0.0
2025-03-27 15:40:50.037767,0.0
2025-03-27 15:41:50.037767,0.0
2025-03-27 15:42:50.037767,0.0
2025-03-27 15:43:50.037767,0.0
2025-03-27 15:44:50.037767,0.0
2025-03-27 15:45:50.037767,0.0
2025-03-27 15:46:50.037767,0.0
2025-03-27 15:47:50.037767,0.0
2025-03-27 15:48:50.037767,0.0
2025-03-27 15:49:50.037767,0.0
2025-03-27 15:50:50.037767,0.0
2025-03-27 15:51:50.037767,0.0
2025-03-27 15:52:50.037767,0.0
2025-03-27 15:53:50.037767,0.0
2025-03-27 15:54:50.037767,0.0
2025-03-27 15:55:50.037767,0.0
2025-03-27 15:56:50.037767,0.0
2025-03-27 15:57:50.037767,0.0
2025-03-27 15:58:50.037767,0.0
2025-03-27 15:59:50.037767,0.0
2025-03-27 16:00:50.037767,0.0
2025-03-27 16:01:50.037767,0.0
2025-03-27 16:02:50.037767,0.0
2025-03-27 16:03:50.037767,0.0
2025-03-27 16:04:50.037767,0.0
2025-03-27 16:05:50.037767,0.0
2025-03-27 16:06:50.037767,0.0
2025-03-27 16:07:50.037767,0.0
2025-03-27 16:08:50.037767,0.0
2025-03-27 16:09:50.037767,0.0
2025-03-27 16:10:50.037767,0.0
2025-03-27 16:11:50.037767,0.0
2025-03-27 16:12:50.037767,0.0
2025-03-27 16:13:50.037767,0.0
2025-03-27 16:14:50.037767,0.0
2025-03-27 16:15:50.037767,0.0
2025-03-27 16:16:50.037767,0.0
2025-03-27 16:17:50.037767,0.0
2025-03-27 16:18:50.037767,0.0
2025-03-27 16:19:50.037767,0.0
2025-03-27 16:20:50.037767,0.0
2025-03-27 16:21:50.037767,0.0
2025-03-27 16:22:50.037767,0.0
2025-03-27 16:23:50.037767,0.0
2025-03-27 16:24:50.037767,0.0
2025-03-27 16:25:50.037767,0.0
2025-03-27 16:26:50.037767,0.0
2025-03-27 16:27:50.037767,0.0
2025-03-27 16:28:50.037767,0.0
2025-03-27 16:29:50.037767,0.0
2025-03-27 16:30:50.037767,0.0
2025-03-27 16:31:50.037767,0.0
2025-03-27 16:32:50.037767,0.0
2025-03-27 16:33:50.037767,0.0
2025-03-27 16:34:50.037767,0.0
2025-03-27 16:35:50.037767,0.0
2025-03-27 16:36:50.037767,0.0
2025-03-27 16:37:50.037767,0.0
2025-03-27 16:38:50.037767,0.0
2025-03-27 16:39:50.037767,0.0
2025-03-27 16:40:50.037767,0.0
2025-03-27 16:41:50.037767,0.0
2025-03-27 16:42:50.037767,0.0
2025-03-27 16:43:50.037767,0.0
2025-03-27 16:44:50.037767,0.0
2025-03-27 16:45:50.037767,0.0
2025-03-27 16:46:50.037767,0.0
2025-03-27 16:47:50.037767,0.0
2025-03-27 16:48:50.037767,0.0
2025-03-27 16:49:50.037767,0.0
2025-03-27 16:50:50.037767,0.0
2025-03-27 16:51:50.037767,0.0
2025-03-27 16:52:50.037767,1.8857745884047494
2025-03-27 16:53:50.037767,3.0542874244305156
2025-03-27 16:54:50.037767,4.581358449970408
2025-03-27 16:55:50.037767,8.946532596685365
2025-03-27 16:56:50.037767,7.635209762096057
2025-03-27 16:57:50.037767,3.0422233819027578
2025-03-27 16:58:50.037767,3.206543887031408
2025-03-27 16:59:50.037767,3.6644471537625085
2025-03-27 17:00:50.037767,6.827127075459428
2025-03-27 17:01:50.037767,15.26678557786772
2025-03-27 17:02:50.037767,16.792344982470095
2025-03-27 17:03:50.037767,18.317584685030273
2025-03-27 17:04:50.037767,19.842475647182276
2025-03-27 17:05:50.037767,21.366988837199646
2025-03-27 17:06:50.037767,22.891095230550032
2025-03-27 17:07:50.037767,24.414765810444027
2025-03-27 17:08:50.037767,25.9379715683895
2025-03-27 17:09:50.037767,27.460683504745713
2025-03-27 17:10:50.037767,44.426623903335624
2025-03-27 17:11:50.037767,30.504509961680153
2025-03-27 17:12:50.037767,32.02556653219084
2025-03-27 17:13:50.037767,33.54601338207862
2025-03-27 17:14:50.037767,35.06582156422652
2025-03-27 17:15:50.037767,86.37169822770664
2025-03-27 17:16:50.037767,38.10340619818723
2025-03-27 17:17:50.037767,39.62112481876719
2025-03-27 17:18:50.037767,41.138089110243236
2025-03-27 17:19:50.037767,80.51590296719495
2025-03-27 17:20:50.037767,44.169639197540285
2025-03-27 17:21:50.037767,45.68416727701813
2025-03-27 17:22:50.037767,47.19782559580273
2025-03-27 17:23:50.037767,56.869877210686404
2025-03-27 17:24:50.037767,58.93535249508153
2025-03-27 17:25:50.037767,55.07629425098582
2025-03-27 17:26:50.037767,53.24318516647076
2025-03-27 17:27:50.037767,96.46780113644436
2025-03-27 17:28:50.037767,56.25989796133886
2025-03-27 17:29:50.037767,57.76666205123711
2025-03-27 17:30:50.037767,59.272326347158774
2025-03-27 17:31:50.037767,60.77686218342538
2025-03-27 17:32:50.037767,62.28024091584459
2025-03-27 17:33:50.037767,88.88070232910155
2025-03-27 17:34:50.037767,121.82422935230274
2025-03-27 17:35:50.037767,66.78314838179068
2025-03-27 17:36:50.037767,68.28161270564509
2025-03-27 17:37:50.037767,69.77877704601882
2025-03-27 17:38:50.037767,71.27461289906213
2025-03-27 17:39:50.037767,72.7690917862154
2025-03-27 17:40:50.037767,74.26218525475603
2025-03-27 17:41:50.037767,75.75386487833605
2025-03-27 17:42:50.037767,86.24521711409078
2025-03-27 17:43:50.037767,78.73286902035261
2025-03-27 17:44:50.037767,197.7124579601785
2025-03-27 17:45:50.037767,81.70587734956656
2025-03-27 17:46:50.037767,83.19006231416046
2025-03-27 17:47:50.037767,84.6726634598838
2025-03-27 17:48:50.037767,86.15365256014726
2025-03-27 17:49:50.037767,87.63300141905441
2025-03-27 17:50:50.037767,89.69837764121844
2025-03-27 17:51:50.037767,90.58666578588199
2025-03-27 17:52:50.037767,92.06092506029111
2025-03-27 17:53:50.037767,93.53343162739004
2025-03-27 17:54:50.037767,95.00415745277574
2025-03-27 17:55:50.037767,96.47307453594968
2025-03-27 17:56:50.037767,110.34211378332982
2025-03-27 17:57:50.037767,99.40537064637269
2025-03-27 17:58:50.037767,150.80611794844356
2025-03-27 17:59:50.037767,129.75571025775005
2025-03-27 18:00:50.037767,103.78955124144963
2025-03-27 18:01:50.037767,105.2470298264956
2025-03-27 18:02:50.037767,106.70250465980399
2025-03-27 18:03:50.037767,108.15594803123142
2025-03-27 18:04:50.037767,109.60733226931237
2025-03-27 18:05:50.037767,111.05662974178189
2025-03-27 18:06:50.037767,112.50381285610642
2025-03-27 18:07:50.037767,46.94606066268433
2025-03-27 18:08:50.037767,34.61751775259256
2025-03-27 18:09:50.037767,35.04972021954591
2025-03-27 18:10:50.037767,70.83717240260454
2025-03-27 18:11:50.037767,35.91211504919512
2025-03-27 18:12:50.037767,36.34229099313673
2025-03-27 18:13:50.037767,153.26975788494568
2025-03-27 18:14:50.037767,124.00186329920027
2025-03-27 18:15:50.037767,125.42878234085502
2025-03-27 18:16:50.037767,155.5659757868057
2025-03-27 18:17:50.037767,130.88260885002418
2025-03-27 18:18:50.037767,129.6951031284426
2025-03-27 18:19:50.037767,300.9609415989576
2025-03-27 18:20:50.037767,132.52701607335132
2025-03-27 18:21:50.037767,133.9392013277814
2025-03-27 18:22:50.037767,171.7962049232809
2025-03-27 18:23:50.037767,136.75589497124562
2025-03-27 18:24:50.037767,138.1603497344935
2025-03-27 18:25:50.037767,139.56217412383637
2025-03-27 18:26:50.037767,140.96134145055785
2025-03-27 18:27:50.037767,212.21286599359863
2025-03-27 18:28:50.037767,143.75159841471668
2025-03-27 18:29:50.037767,160.65119416379707
2025-03-27 18:30:50.037767,146.53090813809987
2025-03-27 18:31:50.037767,205.31618082555022
2025-03-27 18:32:50.037767,149.29905896551028
2025-03-27 18:33:50.037767,150.67888388290336
2025-03-27 18:34:50.037767,152.0558400915457
2025-03-27 18:35:50.037767,153.42990137617699
2025-03-27 18:36:50.037767,154.80104157665053
2025-03-27 18:37:50.037767,308.12106988808927
2025-03-27 18:38:50.037767,183.96556773015806
2025-03-27 18:39:50.037767,228.53078785136637
2025-03-27 18:40:50.037767,160.2558702909346
2025-03-27 18:41:50.037767,161.61201463226183
2025-03-27 18:42:50.037767,162.96508211378912
2025-03-27 18:43:50.037767,49.29451409251846
2025-03-27 18:44:50.037767,49.69856505440855
2025-03-27 18:45:50.037767,50.10166982725894
2025-03-27 18:46:50.037767,50.50382073653564
2025-03-27 18:47:50.037767,50.90501012586538
2025-03-27 18:48:50.037767,361.08780532773693
2025-03-27 18:49:50.037767,195.43502040961687
2025-03-27 18:50:50.037767,173.67577628632287
2025-03-27 18:51:50.037767,174.99999999999966
2025-03-27 18:52:50.037767,176.32089196593404
2025-03-27 18:53:50.037767,270.1128658036726
2025-03-27 18:54:50.037767,178.9525801269679
2025-03-27 18:55:50.037767,180.2633262185188
2025-03-27 18:56:50.037767,181.57064035618257
2025-03-27 18:57:50.037767,182.87449765058182
2025-03-27 18:58:50.037767,191.78980802226502
2025-03-27 18:59:50.037767,188.55626383015587
2025-03-27 19:00:50.037767,277.88102426687817
2025-03-27 19:01:50.037767,188.05486292138824
2025-03-27 19:02:50.037767,276.30755423005184
2025-03-27 19:03:50.037767,190.62366225525923
2025-03-27 19:04:50.037767,302.58031091396583
2025-03-27 19:05:50.037767,317.835135613377
2025-03-27 19:06:50.037767,251.66531287762717
2025-03-27 19:07:50.037767,250.8675611989143
2025-03-27 19:08:50.037767,196.98172469327412
2025-03-27 19:09:50.037767,198.24218292369127
2025-03-27 19:10:50.037767,535.2369348082011
2025-03-27 19:11:50.037767,200.7517527228663
2025-03-27 19:12:50.037767,202.00081651303162
2025-03-27 19:13:50.037767,203.24603449882892
2025-03-27 19:14:50.037767,204.48738297310223
2025-03-27 19:15:50.037767,301.2895495145288
2025-03-27 19:16:50.037767,206.95837692725385
2025-03-27 19:17:50.037767,208.18797536296915
2025-03-27 19:18:50.037767,209.41361019973053
2025-03-27 19:19:50.037767,210.63525810321693
2025-03-27 19:20:50.037767,264.2202521197228
2025-03-27 19:21:50.037767,213.0665001530521
2025-03-27 19:22:50.037767,214.27604801205732
2025-03-27 19:23:50.037767,215.48151636398012
2025-03-27 19:24:50.037767,216.6828822584418
2025-03-27 19:25:50.037767,217.88012282316691
2025-03-27 19:26:50.037767,230.37021790386774
2025-03-27 19:27:50.037767,237.0889434194163
2025-03-27 19:28:50.037767,376.1755920074191
2025-03-27 19:29:50.037767,493.7802223483697
2025-03-27 19:30:50.037767,223.80365069320462
2025-03-27 19:31:50.037767,224.97566339028887
2025-03-27 19:32:50.037767,226.14339287503716
2025-03-27 19:33:50.037767,253.27610722731637
2025-03-27 19:34:50.037767,228.465913361953
2025-03-27 19:35:50.037767,229.62066014667738
2025-03-27 19:36:50.037767,230.77103528502408
2025-03-27 19:37:50.037767,231.91701687550824
2025-03-27 19:38:50.037767,371.1668695231288
2025-03-27 19:39:50.037767,234.19571222560037
2025-03-27 19:40:50.037767,401.7085325402749
2025-03-27 19:41:50.037767,255.83167485052832
2025-03-27 19:42:50.037767,287.0242332904082
2025-03-27 19:43:50.037767,238.6994260218742
2025-03-27 19:44:50.037767,239.8140466142256
2025-03-27 19:45:50.037767,240.92410149281392
2025-03-27 19:46:50.037767,242.02956952379404
2025-03-27 19:47:50.037767,243.83301327246883
2025-03-27 19:48:50.037767,244.22666094458808
2025-03-27 19:49:50.037767,245.31824250494756
2025-03-27 19:50:50.037767,324.6478984036642
2025-03-27 19:51:50.037767,274.92766985069375
2025-03-27 19:52:50.037767,248.5648814681497
2025-03-27 19:53:50.037767,249.6376572039635
2025-03-27 19:54:50.037767,250.7056801986291
2025-03-27 19:55:50.037767,251.7689301185277
2025-03-27 19:56:50.037767,411.27638742835063
2025-03-27 19:57:50.037767,253.88102985430078
2025-03-27 19:58:50.037767,254.9298394588399
2025-03-27 19:59:50.037767,255.97379556670964
2025-03-27 20:00:50.037767,257.0128783024901
2025-03-27 20:01:50.037767,258.04706788354326
2025-03-27 20:02:50.037767,259.07634462039124
2025-03-27 20:03:50.037767,301.29076190107406
2025-03-27 20:04:50.037767,261.1200812715947
2025-03-27 20:05:50.037767,262.1345022761508
2025-03-27 20:06:50.037767,263.14393261764184
2025-03-27 20:07:50.037767,264.14835307797006
2025-03-27 20:08:50.037767,278.3441008354674
2025-03-27 20:09:50.037767,266.1420879600106
2025-03-27 20:10:50.037767,267.13136442388503
2025-03-27 20:11:50.037767,268.11555509164236
2025-03-27 20:12:50.037767,309.27420368113116
2025-03-27 20:13:50.037767,270.0686041857019
2025-03-27 20:14:50.037767,813.1122762862951
2025-03-27 20:15:50.037767,272.00108650993957
2025-03-27 20:16:50.037767,272.95956908250855
2025-03-27 20:17:50.037767,273.91285489834496
2025-03-27 20:18:50.037767,274.86092580826056
2025-03-27 20:19:50.037767,352.43036184615164
2025-03-27 20:20:50.037767,276.74135081034524
2025-03-27 20:21:50.037767,282.27440526462993
2025-03-27 20:22:50.037767,91.233449258156
2025-03-27 20:23:50.037767,279.52242851655257
2025-03-27 20:24:50.037767,280.4388344418711
2025-03-27 20:25:50.037767,289.1558468766014
2025-03-27 20:26:50.037767,282.255611493619
2025-03-27 20:27:50.037767,283.15594803123145
2025-03-27 20:28:50.037767,284.0508936877543
2025-03-27 20:29:50.037767,284.9404314247115
2025-03-27 20:30:50.037767,285.82454430658754
2025-03-27 20:31:50.037767,286.70321550114716
2025-03-27 20:32:50.037767,287.5764282797571
2025-03-27 20:33:50.037767,288.4441660177054
2025-03-27 20:34:50.037767,289.30641219451604
2025-03-27 20:35:50.037767,290.1631503942644
2025-03-27 20:36:50.037767,527.4978634590551
2025-03-27 20:37:50.037767,291.86003772350887
2025-03-27 20:38:50.037767,292.7001545467156
2025-03-27 20:39:50.037767,754.8735576145897
2025-03-27 20:40:50.037767,294.36365453753746
2025-03-27 20:41:50.037767,427.90872768018056
2025-03-27 20:42:50.037767,296.0047375963906
2025-03-27 20:43:50.037767,296.81683365474913
2025-03-27 20:44:50.037767,363.763542810521
2025-03-27 20:45:50.037767,298.4240575239323
2025-03-27 20:46:50.037767,406.2891677468118
2025-03-27 20:47:50.037767,350.6933472232564
2025-03-27 20:48:50.037767,300.7922440255084
2025-03-27 20:49:50.037767,301.5702061545341
2025-03-27 20:50:50.037767,302.34242682153837
2025-03-27 20:51:50.037767,303.10889132455355
2025-03-27 20:52:50.037767,303.8695850711996
2025-03-27 20:53:50.037767,438.9384806882909
2025-03-27 20:54:50.037767,310.1612543059292
2025-03-27 20:55:50.037767,374.4503478166958
2025-03-27 20:56:50.037767,306.85436449762767
2025-03-27 20:57:50.037767,307.5859894316879
2025-03-27 20:58:50.037767,308.31175837188476
2025-03-27 20:59:50.037767,309.03165750062436
2025-03-27 21:00:50.037767,882.1303688463172
2025-03-27 21:01:50.037767,695.2357850026339
2025-03-27 21:02:50.037767,311.15599952000764
2025-03-27 21:03:50.037767,311.8522834659288
2025-03-27 21:04:50.037767,312.5426301938978
2025-03-27 21:05:50.037767,313.22702656070874
2025-03-27 21:06:50.037767,501.6699918902759
2025-03-27 21:07:50.037767,314.57791620470834
2025-03-27 21:08:50.037767,315.2443837629057
2025-03-27 21:09:50.037767,315.9048495224513
2025-03-27 21:10:50.037767,453.9740887670892
2025-03-27 21:11:50.037767,454.4462390583755
2025-03-27 21:12:50.037767,846.634700335735
2025-03-27 21:13:50.037767,318.48644480679
2025-03-27 21:14:50.037767,350.4413982765269
2025-03-27 21:15:50.037767,319.7409101749104
2025-03-27 21:16:50.037767,320.3590176918064
2025-03-27 21:17:50.037767,320.9710260347934
2025-03-27 21:18:50.037767,369.60586158214744
2025-03-27 21:19:50.037767,322.176698708354
2025-03-27 21:20:50.037767,322.77034008465813
2025-03-27 21:21:50.037767,323.3578363789502
2025-03-27 21:22:50.037767,421.0372901258169
2025-03-27 21:23:50.037767,324.51434909837565
2025-03-27 21:24:50.037767,325.0833435051734
2025-03-27 21:25:50.037767,325.64614879370856
2025-03-27 21:26:50.037767,326.2027542489795
2025-03-27 21:27:50.037767,326.7531492740205
2025-03-27 21:28:50.037767,424.56441646854887
2025-03-27 21:29:50.037767,327.8352662369392
2025-03-27 21:30:50.037767,348.3317749019449
2025-03-27 21:31:50.037767,328.8924172750679
2025-03-27 21:32:50.037767,475.319280717369
2025-03-27 21:33:50.037767,495.90553193858347
2025-03-27 21:34:50.037767,330.43115713747443
2025-03-27 21:35:50.037767,330.9315014597609
2025-03-27 21:36:50.037767,331.4255453232869
2025-03-27 21:37:50.037767,961.855342834194
2025-03-27 21:38:50.037767,332.394694170657
2025-03-27 21:39:50.037767,332.8697807033037
2025-03-27 21:40:50.037767,479.59942082393826
2025-03-27 21:41:50.037767,333.80093276187927
2025-03-27 21:42:50.037767,334.2569805600152
2025-03-27 21:43:50.037767,334.70666458706245
2025-03-27 21:44:50.037767,335.1499762816849
2025-03-27 21:45:50.037767,657.2664378828956
2025-03-27 21:46:50.037767,100.80523471052251
2025-03-27 21:47:50.037767,100.93247807352344
2025-03-27 21:48:50.037767,202.68872428824517
2025-03-27 21:49:50.037767,337.27065862301805
2025-03-27 21:50:50.037767,643.8174478267691
2025-03-27 21:51:50.037767,338.07403920117383
2025-03-27 21:52:50.037767,338.4660786198801
2025-03-27 21:53:50.037767,338.8516741323376
2025-03-27 21:54:50.037767,1000.0
2025-03-27 21:55:50.037767,339.6035041965988
2025-03-27 21:56:50.037767,347.099202414043
2025-03-27 21:57:50.037767,340.3294721391868
2025-03-27 21:58:50.037767,340.682740461157
2025-03-27 21:59:50.037767,390.21220212024093
2025-03-27 22:00:50.037767,341.3698121779794
2025-03-27 22:01:50.037767,341.70360249197665
2025-03-27 22:02:50.037767,411.7648279770835
2025-03-27 22:03:50.037767,1000.0
2025-03-27 22:04:50.037767,342.66591536960425
2025-03-27 22:05:50.037767,342.9736466172903
2025-03-27 22:06:50.037767,343.27484814113063
2025-03-27 22:07:50.037767,343.5695142066823
2025-03-27 22:08:50.037767,343.8576392039284
2025-03-27 22:09:50.037767,621.6059303724004
2025-03-27 22:10:50.037767,344.4142441762017
2025-03-27 22:11:50.037767,344.68271355427277
2025-03-27 22:12:50.037767,344.9446206703272
2025-03-27 22:13:50.037767,613.9117600342023
2025-03-27 22:14:50.037767,380.1986999260325
2025-03-27 22:15:50.037767,345.69091920829817
2025-03-27 22:16:50.037767,345.92652866371617
2025-03-27 22:17:50.037767,346.1555521766709
2025-03-27 22:18:50.037767,346.3779853868846
2025-03-27 22:19:50.037767,346.5938240595496
2025-03-27 22:20:50.037767,346.8030640854088
2025-03-27 22:21:50.037767,347.00570148083364
2025-03-27 22:22:50.037767,347.2017323879002
2025-03-27 22:23:50.037767,397.29347584560736
2025-03-27 22:24:50.037767,347.57395993422426
2025-03-27 22:25:50.037767,480.3395140684357
2025-03-27 22:26:50.037767,347.9197183778119
2025-03-27 22:27:50.037767,360.7424574441123
2025-03-27 22:28:50.037767,348.2389813878191
2025-03-27 22:29:50.037767,348.38866942851257
2025-03-27 22:30:50.037767,599.8126042250568
2025-03-27 22:31:50.037767,348.6681443321109
2025-03-27 22:32:50.037767,348.7979258742165
2025-03-27 22:33:50.037767,348.92106680659475
2025-03-27 22:34:50.037767,402.6025122354759
2025-03-27 22:35:50.037767,349.14741759093846
2025-03-27 22:36:50.037767,349.25062313351117
2025-03-27 22:37:50.037767,807.6863575838718
2025-03-27 22:38:50.037767,363.9827019604649
2025-03-27 22:39:50.037767,349.5203371641008
2025-03-27 22:40:50.037767,349.59693526973274
2025-03-27 22:41:50.037767,349.66687755365024
2025-03-27 22:42:50.037767,369.86931118848526
2025-03-27 22:43:50.037767,349.7867894566835
2025-03-27 22:44:50.037767,408.46376302411517
2025-03-27 22:45:50.037767,349.88006374144504
2025-03-27 22:46:50.037767,835.1351460819352
2025-03-27 22:47:50.037767,349.9466933047369
2025-03-27 22:48:50.037767,403.8837333608737
2025-03-27 22:49:50.037767,349.98667307245995
2025-03-27 22:50:50.037767,349.99666825225705
2025-03-27 22:51:50.037767,469.64299280858756
2025-03-27 22:52:50.037767,464.3130018953404
2025-03-27 22:53:50.037767,349.98667307245995
2025-03-27 22:54:50.037767,349.97001465090244
2025-03-27 22:55:50.037767,1000.0
2025-03-27 22:56:50.037767,349.91670947796814
2025-03-27 22:57:50.037767,349.88006374144504
2025-03-27 22:58:50.037767,349.8367567928495
2025-03-27 22:59:50.037767,349.7867894566835
2025-03-27 23:00:50.037767,448.66021764551823
2025-03-27 23:01:50.037767,349.66687755365024
2025-03-27 23:02:50.037767,550.847244542772
2025-03-27 23:03:50.037767,349.5203371641008
2025-03-27 23:04:50.037767,392.6197393660703
2025-03-27 23:05:50.037767,603.8575663687078
2025-03-27 23:06:50.037767,796.2128259797928
2025-03-27 23:07:50.037767,349.1474175909384
2025-03-27 23:08:50.037767,349.03756478481995
2025-03-27 23:09:50.037767,348.9210668065948
2025-03-27 23:10:50.037767,348.79792587421645
2025-03-27 23:11:50.037767,849.9635688676392
2025-03-27 23:12:50.037767,348.5317246511316
2025-03-27 23:13:50.037767,348.38866942851257
2025-03-27 23:14:50.037767,660.2502831130698
2025-03-27 23:15:50.037767,348.08266337889563
2025-03-27 23:16:50.037767,561.0977397977505
2025-03-27 23:17:50.037767,347.7501494868056
2025-03-27 23:18:50.037767,347.5739599342242
2025-03-27 23:19:50.037767,347.39115307446275
2025-03-27 23:20:50.037767,347.2017323879003
2025-03-27 23:21:50.037767,347.0057014808336
2025-03-27 23:22:50.037767,694.1855932458941
2025-03-27 23:23:50.037767,420.348397114044
2025-03-27 23:24:50.037767,346.3779853868845
2025-03-27 23:25:50.037767,346.15555217667094
2025-03-27 23:26:50.037767,345.9265286637163
2025-03-27 23:27:50.037767,345.69091920829817
2025-03-27 23:28:50.037767,345.4487282960812
2025-03-27 23:29:50.037767,345.199960538031
2025-03-27 23:30:50.037767,344.94462067032714
2025-03-27 23:31:50.037767,344.6827135542729
2025-03-27 23:32:50.037767,344.4142441762018
2025-03-27 23:33:50.037767,344.13921764738404
2025-03-27 23:34:50.037767,343.85763920392844
2025-03-27 23:35:50.037767,343.56951420668236
2025-03-27 23:36:50.037767,343.2748481411306
2025-03-27 23:37:50.037767,418.50352677820007
2025-03-27 23:38:50.037767,342.66591536960436
2025-03-27 23:39:50.037767,342.3516602568319
2025-03-27 23:40:50.037767,493.2211414838421
2025-03-27 23:41:50.037767,520.0065577470638
2025-03-27 23:42:50.037767,341.3698121779795
2025-03-27 23:43:50.037767,341.0295226748323
2025-03-27 23:44:50.037767,454.4193835871378
2025-03-27 23:45:50.037767,431.78861404539
2025-03-27 23:46:50.037767,339.96972443464153
2025-03-27 23:47:50.037767,339.60350419659875
2025-03-27 23:48:50.037767,339.2308183973641
2025-03-27 23:49:50.037767,487.33741125566473
2025-03-27 23:50:50.037767,338.46607861988
2025-03-27 23:51:50.037767,1000.0
2025-03-27 23:52:50.037767,381.27251808350803
2025-03-27 23:53:50.037767,1000.0
2025-03-27 23:54:50.037767,336.8593327587766
2025-03-27 23:55:50.037767,336.4415935784116
2025-03-27 23:56:50.037767,336.01744903507495
2025-03-27 23:57:50.037767,335.5869072038676
2025-03-27 23:58:50.037767,335.14997628168504
2025-03-27 23:59:50.037767,334.70666458706233
2025-03-28 00:00:50.037767,334.2569805600154
2025-03-28 00:01:50.037767,815.2488377345511
2025-03-28 00:02:50.037767,334.7407869562013
2025-03-28 00:03:50.037767,332.86978070330383
2025-03-28 00:04:50.037767,752.5068810717721
2025-03-28 00:05:50.037767,331.91327932216984
2025-03-28 00:06:50.037767,331.425545323287
2025-03-28 00:07:50.037767,330.93150145976085
2025-03-28 00:08:50.037767,330.43115713747454
2025-03-28 00:09:50.037767,567.5954633266941
2025-03-28 00:10:50.037767,329.4116053397297
2025-03-28 00:11:50.037767,328.89241727506806
2025-03-28 00:12:50.037767,328.3669675728695
2025-03-28 00:13:50.037767,341.7328907281189
2025-03-28 00:14:50.037767,486.9777402016743
2025-03-28 00:15:50.037767,344.9820188635685
2025-03-28 00:16:50.037767,326.2027542489794
2025-03-28 00:17:50.037767,597.9670386448813
2025-03-28 00:18:50.037767,364.82089341686145
2025-03-28 00:19:50.037767,324.51434909837553
2025-03-28 00:20:50.037767,97.18175292184449
2025-03-28 00:21:50.037767,97.0073509136851
2025-03-28 00:22:50.037767,101.09029106763353
2025-03-28 00:23:50.037767,322.1766987083542
2025-03-28 00:24:50.037767,321.57692355211435
2025-03-28 00:25:50.037767,320.97102603479334
2025-03-28 00:26:50.037767,320.3590176918065
2025-03-28 00:27:50.037767,319.7409101749103
2025-03-28 00:28:50.037767,319.11671525198085
2025-03-28 00:29:50.037767,318.4864448067902
2025-03-28 00:30:50.037767,467.2409330833631
2025-03-28 00:31:50.037767,353.0787498662915
2025-03-28 00:32:50.037767,316.5593009090288
2025-03-28 00:33:50.037767,378.7606912786801
2025-03-28 00:34:50.037767,315.24438376290584
2025-03-28 00:35:50.037767,393.1996949513386
2025-03-28 00:36:50.037767,313.90545953644084
2025-03-28 00:37:50.037767,515.185607522543
2025-03-28 00:38:50.037767,312.542630193898
2025-03-28 00:39:50.037767,311.8522834659287
2025-03-28 00:40:50.037767,311.15599952000787
2025-03-28 00:41:50.037767,310.45379161237764
2025-03-28 00:42:50.037767,563.2714360215825
2025-03-28 00:43:50.037767,385.7635620752442
2025-03-28 00:44:50.037767,524.483039402969
2025-03-28 00:45:50.037767,471.57475217806825
2025-03-28 00:46:50.037767,306.8543644976278
2025-03-28 00:47:50.037767,358.5572375217595
2025-03-28 00:48:50.037767,305.3736024754789
2025-03-28 00:49:50.037767,304.624493578965
2025-03-28 00:50:50.037767,380.07799287003
2025-03-28 00:51:50.037767,303.10889132455344
2025-03-28 00:52:50.037767,302.34242682153854
2025-03-28 00:53:50.037767,904.710618463602
2025-03-28 00:54:50.037767,300.79224402550864
2025-03-28 00:55:50.037767,300.0085552457394
2025-03-28 00:56:50.037767,299.2191547355312
2025-03-28 00:57:50.037767,298.4240575239324
2025-03-28 00:58:50.037767,598.7921219187218
2025-03-28 00:59:50.037767,296.816833654749
2025-03-28 01:00:50.037767,296.0047375963908
2025-03-28 01:01:50.037767,295.18700603451003
2025-03-28 01:02:50.037767,294.3636545375373
2025-03-28 01:03:50.037767,293.53469878089857
2025-03-28 01:04:50.037767,506.2898095266476
2025-03-28 01:05:50.037767,291.86003772350875
2025-03-28 01:06:50.037767,291.0143643058909
2025-03-28 01:07:50.037767,290.1631503942646
2025-03-28 01:08:50.037767,289.30641219451593
2025-03-28 01:09:50.037767,288.44416601770564
2025-03-28 01:10:50.037767,287.5764282797573
2025-03-28 01:11:50.037767,397.80784840092144
2025-03-28 01:12:50.037767,403.2297226070637
2025-03-28 01:13:50.037767,445.08483282044386
2025-03-28 01:14:50.037767,284.0508936877542
2025-03-28 01:15:50.037767,283.15594803123173
2025-03-28 01:16:50.037767,282.25561149361886
2025-03-28 01:17:50.037767,281.34990121602624
2025-03-28 01:18:50.037767,384.91451481596886
2025-03-28 01:19:50.037767,279.52242851655245
2025-03-28 01:20:50.037767,278.6007008871179
2025-03-28 01:21:50.037767,277.6736691019324
2025-03-28 01:22:50.037767,276.7413508103451
2025-03-28 01:23:50.037767,275.8037637623529
2025-03-28 01:24:50.037767,274.8609258082608
2025-03-28 01:25:50.037767,425.4841786053001
2025-03-28 01:26:50.037767,272.9595690825088
2025-03-28 01:27:50.037767,272.00108650993985
2025-03-28 01:28:50.037767,271.0374254287649
2025-03-28 01:29:50.037767,274.68710318356267
2025-03-28 01:30:50.037767,269.09464122571086
2025-03-28 01:31:50.037767,268.1155550916422
2025-03-28 01:32:50.037767,267.13136442388526
2025-03-28 01:33:50.037767,266.1420879600108
2025-03-28 01:34:50.037767,531.8383731923013
2025-03-28 01:35:50.037767,264.14835307797034
2025-03-28 01:36:50.037767,263.1439326176421
2025-03-28 01:37:50.037767,323.6781185429744
2025-03-28 01:38:50.037767,261.120081271595
2025-03-28 01:39:50.037767,260.100688917088
2025-03-28 01:40:50.037767,259.07634462039107
2025-03-28 01:41:50.037767,258.04706788354355
2025-03-28 01:42:50.037767,260.90552418532917
2025-03-28 01:43:50.037767,362.1712135716773
2025-03-28 01:44:50.037767,254.92983945884018
2025-03-28 01:45:50.037767,253.8810298543006
2025-03-28 01:46:50.037767,252.82738672091472
2025-03-28 01:47:50.037767,251.76893011852798
2025-03-28 01:48:50.037767,250.70568019862887
2025-03-28 01:49:50.037767,249.63765720396378
2025-03-28 01:50:50.037767,281.4592134288572
2025-03-28 01:51:50.037767,247.4873734152915
2025-03-28 01:52:50.037767,246.4051535595891
2025-03-28 01:53:50.037767,245.31824250494782
2025-03-28 01:54:50.037767,289.56567401690586
2025-03-28 01:55:50.037767,243.1304296606492
2025-03-28 01:56:50.037767,242.02956952379432
2025-03-28 01:57:50.037767,240.92410149281378
2025-03-28 01:58:50.037767,239.81404661422587
2025-03-28 01:59:50.037767,238.6994260218745
2025-03-28 02:00:50.037767,237.58026093652944
2025-03-28 02:01:50.037767,236.45657266548122
2025-03-28 02:02:50.037767,545.0188361330961
2025-03-28 02:03:50.037767,674.4878264818218
2025-03-28 02:04:50.037767,233.05858310029214
2025-03-28 02:05:50.037767,231.91701687550807
2025-03-28 02:06:50.037767,230.77103528502437
2025-03-28 02:07:50.037767,229.62066014667764
2025-03-28 02:08:50.037767,238.37643702579908
2025-03-28 02:09:50.037767,227.30681691556453
2025-03-28 02:10:50.037767,291.0828167535951
2025-03-28 02:11:50.037767,224.97566339028867
2025-03-28 02:12:50.037767,223.8036506932049
2025-03-28 02:13:50.037767,260.9224696844414
2025-03-28 02:14:50.037767,221.44686499688052
2025-03-28 02:15:50.037767,220.26213686744333
2025-03-28 02:16:50.037767,219.07321526442075
2025-03-28 02:17:50.037767,391.3055994213924
2025-03-28 02:18:50.037767,216.68288225844213
2025-03-28 02:19:50.037767,305.97819479109444
2025-03-28 02:20:50.037767,214.27604801205712
2025-03-28 02:21:50.037767,213.06650015305243
2025-03-28 02:22:50.037767,228.86988205796138
2025-03-28 02:23:50.037767,210.63525810321673
2025-03-28 02:24:50.037767,367.2097767342971
2025-03-28 02:25:50.037767,208.18797536296947
2025-03-28 02:26:50.037767,221.30979144483712
2025-03-28 02:27:50.037767,225.17422266374925
2025-03-28 02:28:50.037767,209.98088187054998
2025-03-28 02:29:50.037767,203.24603449882923
2025-03-28 02:30:50.037767,368.9991953757126
2025-03-28 02:31:50.037767,200.75175272286612
2025-03-28 02:32:50.037767,199.49886690870636
2025-03-28 02:33:50.037767,408.4422026931883
2025-03-28 02:34:50.037767,474.73215084877137
2025-03-28 02:35:50.037767,195.7175162147617
2025-03-28 02:36:50.037767,194.44958155686086
2025-03-28 02:37:50.037767,281.7611856160747
2025-03-28 02:38:50.037767,348.47957072532233
2025-03-28 02:39:50.037767,190.62366225525955
2025-03-28 02:40:50.037767,189.34106497879773
2025-03-28 02:41:50.037767,188.0548629213886
2025-03-28 02:42:50.037767,186.76508057046408
2025-03-28 02:43:50.037767,185.4717424816216
2025-03-28 02:44:50.037767,184.17487327815456
2025-03-28 02:45:50.037767,189.27153441627257
2025-03-28 02:46:50.037767,255.00360085091535
2025-03-28 02:47:50.037767,180.26332621851918
2025-03-28 02:48:50.037767,178.95258012696823
2025-03-28 02:49:50.037767,177.63842703624627
2025-03-28 02:50:50.037767,176.3208919659344
2025-03-28 02:51:50.037767,175.0
2025-03-28 02:52:50.037767,173.67577628632267
2025-03-28 02:53:50.037767,172.34824603621365
2025-03-28 02:54:50.037767,216.1437431748363
2025-03-28 02:55:50.037767,169.68336708621828
2025-03-28 02:56:50.037767,280.5241613442501
2025-03-28 02:57:50.037767,167.00556609086289
2025-03-28 02:58:50.037767,165.6618835146955
2025-03-28 02:59:50.037767,256.8668195943796
2025-03-28 03:00:50.037767,162.9650821137889
2025-03-28 03:01:50.037767,161.61201463226215
2025-03-28 03:02:50.037767,160.25587029093495
2025-03-28 03:03:50.037767,158.89667490884128
2025-03-28 03:04:50.037767,287.7432679587088
2025-03-28 03:05:50.037767,156.1692345884331
2025-03-28 03:06:50.037767,164.49111052218035
2025-03-28 03:07:50.037767,153.42990137617736
2025-03-28 03:08:50.037767,152.05584009154603
2025-03-28 03:09:50.037767,150.67888388290316
2025-03-28 03:10:50.037767,149.29905896551062
2025-03-28 03:11:50.037767,172.6793100992311
2025-03-28 03:12:50.037767,146.53090813809965
2025-03-28 03:13:50.037767,145.14263492968385
2025-03-28 03:14:50.037767,143.75159841471705
2025-03-28 03:15:50.037767,142.35782507652985
2025-03-28 03:16:50.037767,140.9613414505582
2025-03-28 03:17:50.037767,229.15249602192364
2025-03-28 03:18:50.037767,138.1603497344939
2025-03-28 03:19:50.037767,136.75589497124597
2025-03-28 03:20:50.037767,141.85689439210162
2025-03-28 03:21:50.037767,333.85197325004407
2025-03-28 03:22:50.037767,132.5270160733517
2025-03-28 03:23:50.037767,131.11230769556914
2025-03-28 03:24:50.037767,129.69510312844298
2025-03-28 03:25:50.037767,128.27542935350414
2025-03-28 03:26:50.037767,126.85331339929549
2025-03-28 03:27:50.037767,148.10892068685783
2025-03-28 03:28:50.037767,213.54010643968547
2025-03-28 03:29:50.037767,122.57258344081349
2025-03-28 03:30:50.037767,121.1409699771228
2025-03-28 03:31:50.037767,119.7070501639841
2025-03-28 03:32:50.037767,80.61846070517022
2025-03-28 03:33:50.037767,133.91247582313818
2025-03-28 03:34:50.037767,148.66492976597914
2025-03-28 03:35:50.037767,113.94885406000466
2025-03-28 03:36:50.037767,112.50381285610676
2025-03-28 03:37:50.037767,223.33999993937462
2025-03-28 03:38:50.037767,190.53786951458446
2025-03-28 03:39:50.037767,108.1559480312318
2025-03-28 03:40:50.037767,106.70250465980375
2025-03-28 03:41:50.037767,31.574108947948794
2025-03-28 03:42:50.037767,31.136865372434997
2025-03-28 03:43:50.037767,30.699028995887346
2025-03-28 03:44:50.037767,30.26060815407948
2025-03-28 03:45:50.037767,33.59919872757251
2025-03-28 03:46:50.037767,29.382046473254146
2025-03-28 03:47:50.037767,28.941922360785014
2025-03-28 03:48:50.037767,28.501247235832828
2025-03-28 03:49:50.037767,93.5334316273898
2025-03-28 03:50:50.037767,92.06092506029148
2025-03-28 03:51:50.037767,99.8710024013523
2025-03-28 03:52:50.037767,89.11068187193455
2025-03-28 03:53:50.037767,87.63300141905476
2025-03-28 03:54:50.037767,86.15365256014765
2025-03-28 03:55:50.037767,84.67266345988357
2025-03-28 03:56:50.037767,83.19006231416084
2025-03-28 03:57:50.037767,93.68488253741705
2025-03-28 03:58:50.037767,126.76003859062429
2025-03-28 03:59:50.037767,78.73286902035298
2025-03-28 04:00:50.037767,77.24410225752541
2025-03-28 04:01:50.037767,75.7538648783358
2025-03-28 04:02:50.037767,104.69003802949109
2025-03-28 04:03:50.037767,105.84298025195464
2025-03-28 04:04:50.037767,71.2746128990619
2025-03-28 04:05:50.037767,77.89638035887069
2025-03-28 04:06:50.037767,68.28161270564486
2025-03-28 04:07:50.037767,152.45650238259867
2025-03-28 04:08:50.037767,195.85023780917183
2025-03-28 04:09:50.037767,63.78243392225156
2025-03-28 04:10:50.037767,65.07157397074825
2025-03-28 04:11:50.037767,60.776862183425756
2025-03-28 04:12:50.037767,59.27232634715855
2025-03-28 04:13:50.037767,74.88708876535912
2025-03-28 04:14:50.037767,83.35481061014204
2025-03-28 04:15:50.037767,54.752062764080705
2025-03-28 04:16:50.037767,81.06949008777983
2025-03-28 04:17:50.037767,63.573021744635774
2025-03-28 04:18:50.037767,50.22241769691263
2025-03-28 04:19:50.037767,48.71058533602318
2025-03-28 04:20:50.037767,56.40549836245464
2025-03-28 04:21:50.037767,70.06256167551463
2025-03-28 04:22:50.037767,44.16963919754067
2025-03-28 04:23:50.037767,42.65427019180166
2025-03-28 04:24:50.037767,41.138089110243
2025-03-28 04:25:50.037767,39.621124818767576
2025-03-28 04:26:50.037767,38.10340619818761
2025-03-28 04:27:50.037767,36.58496214367851
2025-03-28 04:28:50.037767,35.06582156422691
2025-03-28 04:29:50.037767,33.546013382078385
2025-03-28 04:30:50.037767,32.02556653219123
2025-03-28 04:31:50.037767,30.504509961680537
2025-03-28 04:32:50.037767,28.98287262927148
2025-03-28 04:33:50.037767,27.4606835047461
2025-03-28 04:34:50.037767,25.93797156838988
2025-03-28 04:35:50.037767,24.41476581044379
2025-03-28 04:36:50.037767,22.891095230550416
2025-03-28 04:37:50.037767,26.81366082233035
2025-03-28 04:38:50.037767,37.51630438924958
2025-03-28 04:39:50.037767,18.317584685030656
2025-03-28 04:40:50.037767,25.295200867241373
2025-03-28 04:41:50.037767,18.46303504441358
2025-03-28 04:42:50.037767,13.740935515674305
2025-03-28 04:43:50.037767,12.214823845875415
2025-03-28 04:44:50.037767,10.68847962343779
2025-03-28 04:45:50.037767,9.161931907755868
2025-03-28 04:46:50.037767,7.6352097620964425
2025-03-28 04:47:50.037767,6.108342253049064
2025-03-28 04:48:50.037767,4.581358449970794
2025-03-28 04:49:50.037767,3.054287424430901
2025-03-28 04:50:50.037767,1.5271582496611082
2025-03-28 04:51:50.037767,2.205299177229499e-13
2025-03-28 04:52:50.037767,0.0
2025-03-28 04:53:50.037767,0.0
2025-03-28 04:54:50.037767,0.0
2025-03-28 04:55:50.037767,0.0
2025-03-28 04:56:50.037767,0.0
2025-03-28 04:57:50.037767,0.0
2025-03-28 04:58:50.037767,0.0
2025-03-28 04:59:50.037767,0.0
2025-03-28 05:00:50.037767,0.0
2025-03-28 05:01:50.037767,0.0
2025-03-28 05:02:50.037767,0.0
2025-03-28 05:03:50.037767,0.0
2025-03-28 05:04:50.037767,0.0
2025-03-28 05:05:50.037767,0.0
2025-03-28 05:06:50.037767,0.0
2025-03-28 05:07:50.037767,0.0
2025-03-28 05:08:50.037767,0.0
2025-03-28 05:09:50.037767,0.0
2025-03-28 05:10:50.037767,0.0
2025-03-28 05:11:50.037767,0.0
2025-03-28 05:12:50.037767,0.0
2025-03-28 05:13:50.037767,0.0
2025-03-28 05:14:50.037767,0.0
2025-03-28 05:15:50.037767,0.0
2025-03-28 05:16:50.037767,0.0
2025-03-28 05:17:50.037767,0.0
2025-03-28 05:18:50.037767,0.0
2025-03-28 05:19:50.037767,0.0
2025-03-28 05:20:50.037767,0.0
2025-03-28 05:21:50.037767,0.0
2025-03-28 05:22:50.037767,0.0
2025-03-28 05:23:50.037767,0.0
2025-03-28 05:24:50.037767,0.0
2025-03-28 05:25:50.037767,0.0
2025-03-28 05:26:50.037767,0.0
2025-03-28 05:27:50.037767,0.0
2025-03-28 05:28:50.037767,0.0
2025-03-28 05:29:50.037767,0.0
2025-03-28 05:30:50.037767,0.0
2025-03-28 05:31:50.037767,0.0
2025-03-28 05:32:50.037767,0.0
2025-03-28 05:33:50.037767,0.0
2025-03-28 05:34:50.037767,0.0
2025-03-28 05:35:50.037767,0.0
2025-03-28 05:36:50.037767,0.0
2025-03-28 05:37:50.037767,0.0
2025-03-28 05:38:50.037767,0.0
2025-03-28 05:39:50.037767,0.0
2025-03-28 05:40:50.037767,0.0
2025-03-28 05:41:50.037767,0.0
2025-03-28 05:42:50.037767,0.0
2025-03-28 05:43:50.037767,0.0
2025-03-28 05:44:50.037767,0.0
2025-03-28 05:45:50.037767,0.0
2025-03-28 05:46:50.037767,0.0
2025-03-28 05:47:50.037767,0.0
2025-03-28 05:48:50.037767,0.0
2025-03-28 05:49:50.037767,0.0
2025-03-28 05:50:50.037767,0.0
2025-03-28 05:51:50.037767,0.0
2025-03-28 05:52:50.037767,0.0
2025-03-28 05:53:50.037767,0.0
2025-03-28 05:54:50.037767,0.0
2025-03-28 05:55:50.037767,0.0
2025-03-28 05:56:50.037767,0.0
2025-03-28 05:57:50.037767,0.0
2025-03-28 05:58:50.037767,0.0
2025-03-28 05:59:50.037767,0.0
2025-03-28 06:00:50.037767,0.0
2025-03-28 06:01:50.037767,0.0
2025-03-28 06:02:50.037767,0.0
2025-03-28 06:03:50.037767,0.0
2025-03-28 06:04:50.037767,0.0
2025-03-28 06:05:50.037767,0.0
2025-03-28 06:06:50.037767,0.0
2025-03-28 06:07:50.037767,0.0
2025-03-28 06:08:50.037767,0.0
2025-03-28 06:09:50.037767,0.0
2025-03-28 06:10:50.037767,0.0
2025-03-28 06:11:50.037767,0.0
2025-03-28 06:12:50.037767,0.0
2025-03-28 06:13:50.037767,0.0
2025-03-28 06:14:50.037767,0.0
2025-03-28 06:15:50.037767,0.0
2025-03-28 06:16:50.037767,0.0
2025-03-28 06:17:50.037767,0.0
2025-03-28 06:18:50.037767,0.0
2025-03-28 06:19:50.037767,0.0
2025-03-28 06:20:50.037767,0.0
2025-03-28 06:21:50.037767,0.0
2025-03-28 06:22:50.037767,0.0
2025-03-28 06:23:50.037767,0.0
2025-03-28 06:24:50.037767,0.0
2025-03-28 06:25:50.037767,0.0
2025-03-28 06:26:50.037767,0.0
2025-03-28 06:27:50.037767,0.0
2025-03-28 06:28:50.037767,0.0
2025-03-28 06:29:50.037767,0.0
2025-03-28 06:30:50.037767,0.0
2025-03-28 06:31:50.037767,0.0
2025-03-28 06:32:50.037767,0.0
2025-03-28 06:33:50.037767,0.0
2025-03-28 06:34:50.037767,0.0
2025-03-28 06:35:50.037767,0.0
2025-03-28 06:36:50.037767,0.0
2025-03-28 06:37:50.037767,0.0
2025-03-28 06:38:50.037767,0.0
2025-03-28 06:39:50.037767,0.0
2025-03-28 06:40:50.037767,0.0
2025-03-28 06:41:50.037767,0.0
2025-03-28 06:42:50.037767,0.0
2025-03-28 06:43:50.037767,0.0
2025-03-28 06:44:50.037767,0.0
2025-03-28 06:45:50.037767,0.0
2025-03-28 06:46:50.037767,0.0
2025-03-28 06:47:50.037767,0.0
2025-03-28 06:48:50.037767,0.0
2025-03-28 06:49:50.037767,0.0
2025-03-28 06:50:50.037767,0.0
2025-03-28 06:51:50.037767,0.0
2025-03-28 06:52:50.037767,0.0
2025-03-28 06:53:50.037767,0.0
2025-03-28 06:54:50.037767,0.0
2025-03-28 06:55:50.037767,0.0
2025-03-28 06:56:50.037767,0.0
2025-03-28 06:57:50.037767,0.0
2025-03-28 06:58:50.037767,0.0
2025-03-28 06:59:50.037767,0.0
2025-03-28 07:00:50.037767,0.0
2025-03-28 07:01:50.037767,0.0
2025-03-28 07:02:50.037767,0.0
2025-03-28 07:03:50.037767,0.0
2025-03-28 07:04:50.037767,0.0
2025-03-28 07:05:50.037767,0.0
2025-03-28 07:06:50.037767,0.0
2025-03-28 07:07:50.037767,0.0
2025-03-28 07:08:50.037767,0.0
2025-03-28 07:09:50.037767,0.0
2025-03-28 07:10:50.037767,0.0
2025-03-28 07:11:50.037767,0.0
2025-03-28 07:12:50.037767,0.0
2025-03-28 07:13:50.037767,0.0
2025-03-28 07:14:50.037767,0.0
2025-03-28 07:15:50.037767,0.0
2025-03-28 07:16:50.037767,0.0
2025-03-28 07:17:50.037767,0.0
2025-03-28 07:18:50.037767,0.0
2025-03-28 07:19:50.037767,0.0
2025-03-28 07:20:50.037767,0.0
2025-03-28 07:21:50.037767,0.0
2025-03-28 07:22:50.037767,0.0
2025-03-28 07:23:50.037767,0.0
2025-03-28 07:24:50.037767,0.0
2025-03-28 07:25:50.037767,0.0
2025-03-28 07:26:50.037767,0.0
2025-03-28 07:27:50.037767,0.0
2025-03-28 07:28:50.037767,0.0
2025-03-28 07:29:50.037767,0.0
2025-03-28 07:30:50.037767,0.0
2025-03-28 07:31:50.037767,0.0
2025-03-28 07:32:50.037767,0.0
2025-03-28 07:33:50.037767,0.0
2025-03-28 07:34:50.037767,0.0
2025-03-28 07:35:50.037767,0.0
2025-03-28 07:36:50.037767,0.0
2025-03-28 07:37:50.037767,0.0
2025-03-28 07:38:50.037767,0.0
2025-03-28 07:39:50.037767,0.0
2025-03-28 07:40:50.037767,0.0
2025-03-28 07:41:50.037767,0.0
2025-03-28 07:42:50.037767,0.0
2025-03-28 07:43:50.037767,0.0
2025-03-28 07:44:50.037767,0.0
2025-03-28 07:45:50.037767,0.0
2025-03-28 07:46:50.037767,0.0
2025-03-28 07:47:50.037767,0.0
2025-03-28 07:48:50.037767,0.0
2025-03-28 07:49:50.037767,0.0
2025-03-28 07:50:50.037767,0.0
2025-03-28 07:51:50.037767,0.0
2025-03-28 07:52:50.037767,0.0
2025-03-28 07:53:50.037767,0.0
2025-03-28 07:54:50.037767,0.0
2025-03-28 07:55:50.037767,0.0
2025-03-28 07:56:50.037767,0.0
2025-03-28 07:57:50.037767,0.0
2025-03-28 07:58:50.037767,0.0
2025-03-28 07:59:50.037767,0.0
2025-03-28 08:00:50.037767,0.0
2025-03-28 08:01:50.037767,0.0
2025-03-28 08:02:50.037767,0.0
2025-03-28 08:03:50.037767,0.0
2025-03-28 08:04:50.037767,0.0
2025-03-28 08:05:50.037767,0.0
2025-03-28 08:06:50.037767,0.0
2025-03-28 08:07:50.037767,0.0
2025-03-28 08:08:50.037767,0.0
2025-03-28 08:09:50.037767,0.0
2025-03-28 08:10:50.037767,0.0
2025-03-28 08:11:50.037767,0.0
2025-03-28 08:12:50.037767,0.0
2025-03-28 08:13:50.037767,0.0
2025-03-28 08:14:50.037767,0.0
2025-03-28 08:15:50.037767,0.0
2025-03-28 08:16:50.037767,0.0
2025-03-28 08:17:50.037767,0.0
2025-03-28 08:18:50.037767,0.0
2025-03-28 08:19:50.037767,0.0
2025-03-28 08:20:50.037767,0.0
2025-03-28 08:21:50.037767,0.0
2025-03-28 08:22:50.037767,0.0
2025-03-28 08:23:50.037767,0.0
2025-03-28 08:24:50.037767,0.0
2025-03-28 08:25:50.037767,0.0
2025-03-28 08:26:50.037767,0.0
2025-03-28 08:27:50.037767,0.0
2025-03-28 08:28:50.037767,0.0
2025-03-28 08:29:50.037767,0.0
2025-03-28 08:30:50.037767,0.0
2025-03-28 08:31:50.037767,0.0
2025-03-28 08:32:50.037767,0.0
2025-03-28 08:33:50.037767,0.0
2025-03-28 08:34:50.037767,0.0
2025-03-28 08:35:50.037767,0.0
2025-03-28 08:36:50.037767,0.0
2025-03-28 08:37:50.037767,0.0
2025-03-28 08:38:50.037767,0.0
2025-03-28 08:39:50.037767,0.0
2025-03-28 08:40:50.037767,0.0
2025-03-28 08:41:50.037767,0.0
2025-03-28 08:42:50.037767,0.0
2025-03-28 08:43:50.037767,0.0
2025-03-28 08:44:50.037767,0.0
2025-03-28 08:45:50.037767,0.0
2025-03-28 08:46:50.037767,0.0
2025-03-28 08:47:50.037767,0.0
2025-03-28 08:48:50.037767,0.0
2025-03-28 08:49:50.037767,0.0
2025-03-28 08:50:50.037767,0.0
2025-03-28 08:51:50.037767,0.0
2025-03-28 08:52:50.037767,0.0
2025-03-28 08:53:50.037767,0.0
2025-03-28 08:54:50.037767,0.0
2025-03-28 08:55:50.037767,0.0
2025-03-28 08:56:50.037767,0.0
2025-03-28 08:57:50.037767,0.0
2025-03-28 08:58:50.037767,0.0
2025-03-28 08:59:50.037767,0.0
2025-03-28 09:00:50.037767,0.0
2025-03-28 09:01:50.037767,0.0
2025-03-28 09:02:50.037767,0.0
2025-03-28 09:03:50.037767,0.0
2025-03-28 09:04:50.037767,0.0
2025-03-28 09:05:50.037767,0.0
2025-03-28 09:06:50.037767,0.0
2025-03-28 09:07:50.037767,0.0
2025-03-28 09:08:50.037767,0.0
2025-03-28 09:09:50.037767,0.0
2025-03-28 09:10:50.037767,0.0
2025-03-28 09:11:50.037767,0.0
2025-03-28 09:12:50.037767,0.0
2025-03-28 09:13:50.037767,0.0
2025-03-28 09:14:50.037767,0.0
2025-03-28 09:15:50.037767,0.0
2025-03-28 09:16:50.037767,0.0
2025-03-28 09:17:50.037767,0.0
2025-03-28 09:18:50.037767,0.0
2025-03-28 09:19:50.037767,0.0
2025-03-28 09:20:50.037767,0.0
2025-03-28 09:21:50.037767,0.0
2025-03-28 09:22:50.037767,0.0
2025-03-28 09:23:50.037767,0.0
2025-03-28 09:24:50.037767,0.0
2025-03-28 09:25:50.037767,0.0
2025-03-28 09:26:50.037767,0.0
2025-03-28 09:27:50.037767,0.0
2025-03-28 09:28:50.037767,0.0
2025-03-28 09:29:50.037767,0.0
2025-03-28 09:30:50.037767,0.0
2025-03-28 09:31:50.037767,0.0
2025-03-28 09:32:50.037767,0.0
2025-03-28 09:33:50.037767,0.0
2025-03-28 09:34:50.037767,0.0
2025-03-28 09:35:50.037767,0.0
2025-03-28 09:36:50.037767,0.0
2025-03-28 09:37:50.037767,0.0
2025-03-28 09:38:50.037767,0.0
2025-03-28 09:39:50.037767,0.0
2025-03-28 09:40:50.037767,0.0
2025-03-28 09:41:50.037767,0.0
2025-03-28 09:42:50.037767,0.0
2025-03-28 09:43:50.037767,0.0
2025-03-28 09:44:50.037767,0.0
2025-03-28 09:45:50.037767,0.0
2025-03-28 09:46:50.037767,0.0
2025-03-28 09:47:50.037767,0.0
2025-03-28 09:48:50.037767,0.0
2025-03-28 09:49:50.037767,0.0
2025-03-28 09:50:50.037767,0.0
2025-03-28 09:51:50.037767,0.0
2025-03-28 09:52:50.037767,0.0
2025-03-28 09:53:50.037767,0.0
2025-03-28 09:54:50.037767,0.0
2025-03-28 09:55:50.037767,0.0
2025-03-28 09:56:50.037767,0.0
2025-03-28 09:57:50.037767,0.0
2025-03-28 09:58:50.037767,0.0
2025-03-28 09:59:50.037767,0.0
2025-03-28 10:00:50.037767,0.0
2025-03-28 10:01:50.037767,0.0
2025-03-28 10:02:50.037767,0.0
2025-03-28 10:03:50.037767,0.0
2025-03-28 10:04:50.037767,0.0
2025-03-28 10:05:50.037767,0.0
2025-03-28 10:06:50.037767,0.0
2025-03-28 10:07:50.037767,0.0
2025-03-28 10:08:50.037767,0.0
2025-03-28 10:09:50.037767,0.0
2025-03-28 10:10:50.037767,0.0
2025-03-28 10:11:50.037767,0.0
2025-03-28 10:12:50.037767,0.0
2025-03-28 10:13:50.037767,0.0
2025-03-28 10:14:50.037767,0.0
2025-03-28 10:15:50.037767,0.0
2025-03-28 10:16:50.037767,0.0
2025-03-28 10:17:50.037767,0.0
2025-03-28 10:18:50.037767,0.0
2025-03-28 10:19:50.037767,0.0
2025-03-28 10:20:50.037767,0.0
2025-03-28 10:21:50.037767,0.0
2025-03-28 10:22:50.037767,0.0
2025-03-28 10:23:50.037767,0.0
2025-03-28 10:24:50.037767,0.0
2025-03-28 10:25:50.037767,0.0
2025-03-28 10:26:50.037767,0.0
2025-03-28 10:27:50.037767,0.0
2025-03-28 10:28:50.037767,0.0
2025-03-28 10:29:50.037767,0.0
2025-03-28 10:30:50.037767,0.0
2025-03-28 10:31:50.037767,0.0
2025-03-28 10:32:50.037767,0.0
2025-03-28 10:33:50.037767,0.0
2025-03-28 10:34:50.037767,0.0
2025-03-28 10:35:50.037767,0.0
2025-03-28 10:36:50.037767,0.0
2025-03-28 10:37:50.037767,0.0
2025-03-28 10:38:50.037767,0.0
2025-03-28 10:39:50.037767,0.0
2025-03-28 10:40:50.037767,0.0
2025-03-28 10:41:50.037767,0.0
2025-03-28 10:42:50.037767,0.0
2025-03-28 10:43:50.037767,0.0
2025-03-28 10:44:50.037767,0.0
2025-03-28 10:45:50.037767,0.0
2025-03-28 10:46:50.037767,0.0
2025-03-28 10:47:50.037767,0.0
2025-03-28 10:48:50.037767,0.0
2025-03-28 10:49:50.037767,0.0
2025-03-28 10:50:50.037767,0.0
2025-03-28 10:51:50.037767,0.0
2025-03-28 10:52:50.037767,0.0
2025-03-28 10:53:50.037767,0.0
2025-03-28 10:54:50.037767,0.0
2025-03-28 10:55:50.037767,0.0
2025-03-28 10:56:50.037767,0.0
2025-03-28 10:57:50.037767,0.0
2025-03-28 10:58:50.037767,0.0
2025-03-28 10:59:50.037767,0.0
2025-03-28 11:00:50.037767,0.0
2025-03-28 11:01:50.037767,0.0
2025-03-28 11:02:50.037767,0.0
2025-03-28 11:03:50.037767,0.0
2025-03-28 11:04:50.037767,0.0
2025-03-28 11:05:50.037767,0.0
2025-03-28 11:06:50.037767,0.0
2025-03-28 11:07:50.037767,0.0
2025-03-28 11:08:50.037767,0.0
2025-03-28 11:09:50.037767,0.0
2025-03-28 11:10:50.037767,0.0
2025-03-28 11:11:50.037767,0.0
2025-03-28 11:12:50.037767,0.0
2025-03-28 11:13:50.037767,0.0
2025-03-28 11:14:50.037767,0.0
2025-03-28 11:15:50.037767,0.0
2025-03-28 11:16:50.037767,0.0
2025-03-28 11:17:50.037767,0.0
2025-03-28 11:18:50.037767,0.0
2025-03-28 11:19:50.037767,0.0
2025-03-28 11:20:50.037767,0.0
2025-03-28 11:21:50.037767,0.0
2025-03-28 11:22:50.037767,0.0
2025-03-28 11:23:50.037767,0.0
2025-03-28 11:24:50.037767,0.0
2025-03-28 11:25:50.037767,0.0
2025-03-28 11:26:50.037767,0.0
2025-03-28 11:27:50.037767,0.0
2025-03-28 11:28:50.037767,0.0
2025-03-28 11:29:50.037767,0.0
2025-03-28 11:30:50.037767,0.0
2025-03-28 11:31:50.037767,0.0
2025-03-28 11:32:50.037767,0.0
2025-03-28 11:33:50.037767,0.0
2025-03-28 11:34:50.037767,0.0
2025-03-28 11:35:50.037767,0.0
2025-03-28 11:36:50.037767,0.0
2025-03-28 11:37:50.037767,0.0
2025-03-28 11:38:50.037767,0.0
2025-03-28 11:39:50.037767,0.0
2025-03-28 11:40:50.037767,0.0
2025-03-28 11:41:50.037767,0.0
2025-03-28 11:42:50.037767,0.0
2025-03-28 11:43:50.037767,0.0
2025-03-28 11:44:50.037767,0.0
2025-03-28 11:45:50.037767,0.0
2025-03-28 11:46:50.037767,0.0
2025-03-28 11:47:50.037767,0.0
2025-03-28 11:48:50.037767,0.0
2025-03-28 11:49:50.037767,0.0
2025-03-28 11:50:50.037767,0.0
2025-03-28 11:51:50.037767,0.0
2025-03-28 11:52:50.037767,0.0
2025-03-28 11:53:50.037767,0.0
2025-03-28 11:54:50.037767,0.0
2025-03-28 11:55:50.037767,0.0
2025-03-28 11:56:50.037767,0.0
2025-03-28 11:57:50.037767,0.0
2025-03-28 11:58:50.037767,0.0
2025-03-28 11:59:50.037767,0.0
2025-03-28 12:00:50.037767,0.0
2025-03-28 12:01:50.037767,0.0
2025-03-28 12:02:50.037767,0.0
2025-03-28 12:03:50.037767,0.0
2025-03-28 12:04:50.037767,0.0
2025-03-28 12:05:50.037767,0.0
2025-03-28 12:06:50.037767,0.0
2025-03-28 12:07:50.037767,0.0
2025-03-28 12:08:50.037767,0.0
2025-03-28 12:09:50.037767,0.0
2025-03-28 12:10:50.037767,0.0
2025-03-28 12:11:50.037767,0.0
2025-03-28 12:12:50.037767,0.0
2025-03-28 12:13:50.037767,0.0
2025-03-28 12:14:50.037767,0.0
2025-03-28 12:15:50.037767,0.0
2025-03-28 12:16:50.037767,0.0
2025-03-28 12:17:50.037767,0.0
2025-03-28 12:18:50.037767,0.0
2025-03-28 12:19:50.037767,0.0
2025-03-28 12:20:50.037767,0.0
2025-03-28 12:21:50.037767,0.0
2025-03-28 12:22:50.037767,0.0
2025-03-28 12:23:50.037767,0.0
2025-03-28 12:24:50.037767,0.0
2025-03-28 12:25:50.037767,0.0
2025-03-28 12:26:50.037767,0.0
2025-03-28 12:27:50.037767,0.0
2025-03-28 12:28:50.037767,0.0
2025-03-28 12:29:50.037767,0.0
2025-03-28 12:30:50.037767,0.0
2025-03-28 12:31:50.037767,0.0
2025-03-28 12:32:50.037767,0.0
2025-03-28 12:33:50.037767,0.0
2025-03-28 12:34:50.037767,0.0
2025-03-28 12:35:50.037767,0.0
2025-03-28 12:36:50.037767,0.0
2025-03-28 12:37:50.037767,0.0
2025-03-28 12:38:50.037767,0.0
2025-03-28 12:39:50.037767,0.0
2025-03-28 12:40:50.037767,0.0
2025-03-28 12:41:50.037767,0.0
2025-03-28 12:42:50.037767,0.0
2025-03-28 12:43:50.037767,0.0
2025-03-28 12:44:50.037767,0.0
2025-03-28 12:45:50.037767,0.0
2025-03-28 12:46:50.037767,0.0
2025-03-28 12:47:50.037767,0.0
2025-03-28 12:48:50.037767,0.0
2025-03-28 12:49:50.037767,0.0
2025-03-28 12:50:50.037767,0.0
2025-03-28 12:51:50.037767,0.0
2025-03-28 12:52:50.037767,0.0
2025-03-28 12:53:50.037767,0.0
2025-03-28 12:54:50.037767,0.0
2025-03-28 12:55:50.037767,0.0
2025-03-28 12:56:50.037767,0.0
2025-03-28 12:57:50.037767,0.0
2025-03-28 12:58:50.037767,0.0
2025-03-28 12:59:50.037767,0.0
2025-03-28 13:00:50.037767,0.0
2025-03-28 13:01:50.037767,0.0
2025-03-28 13:02:50.037767,0.0
2025-03-28 13:03:50.037767,0.0
2025-03-28 13:04:50.037767,0.0
2025-03-28 13:05:50.037767,0.0
2025-03-28 13:06:50.037767,0.0
2025-03-28 13:07:50.037767,0.0
2025-03-28 13:08:50.037767,0.0
2025-03-28 13:09:50.037767,0.0
2025-03-28 13:10:50.037767,0.0
2025-03-28 13:11:50.037767,0.0
2025-03-28 13:12:50.037767,0.0
2025-03-28 13:13:50.037767,0.0
2025-03-28 13:14:50.037767,0.0
2025-03-28 13:15:50.037767,0.0
2025-03-28 13:16:50.037767,0.0
2025-03-28 13:17:50.037767,0.0
2025-03-28 13:18:50.037767,0.0
2025-03-28 13:19:50.037767,0.0
2025-03-28 13:20:50.037767,0.0
2025-03-28 13:21:50.037767,0.0
2025-03-28 13:22:50.037767,0.0
2025-03-28 13:23:50.037767,0.0
2025-03-28 13:24:50.037767,0.0
2025-03-28 13:25:50.037767,0.0
2025-03-28 13:26:50.037767,0.0
2025-03-28 13:27:50.037767,0.0
2025-03-28 13:28:50.037767,0.0
2025-03-28 13:29:50.037767,0.0
2025-03-28 13:30:50.037767,0.0
2025-03-28 13:31:50.037767,0.0
2025-03-28 13:32:50.037767,0.0
2025-03-28 13:33:50.037767,0.0
2025-03-28 13:34:50.037767,0.0
2025-03-28 13:35:50.037767,0.0
2025-03-28 13:36:50.037767,0.0
2025-03-28 13:37:50.037767,0.0
2025-03-28 13:38:50.037767,0.0
2025-03-28 13:39:50.037767,0.0
2025-03-28 13:40:50.037767,0.0
2025-03-28 13:41:50.037767,0.0
2025-03-28 13:42:50.037767,0.0
2025-03-28 13:43:50.037767,0.0
2025-03-28 13:44:50.037767,0.0
2025-03-28 13:45:50.037767,0.0
2025-03-28 13:46:50.037767,0.0
2025-03-28 13:47:50.037767,0.0
2025-03-28 13:48:50.037767,0.0
2025-03-28 13:49:50.037767,0.0
2025-03-28 13:50:50.037767,0.0
2025-03-28 13:51:50.037767,0.0
2025-03-28 13:52:50.037767,0.0
2025-03-28 13:53:50.037767,0.0
2025-03-28 13:54:50.037767,0.0
2025-03-28 13:55:50.037767,0.0
2025-03-28 13:56:50.037767,0.0
2025-03-28 13:57:50.037767,0.0
2025-03-28 13:58:50.037767,0.0
2025-03-28 13:59:50.037767,0.0
2025-03-28 14:00:50.037767,0.0
2025-03-28 14:01:50.037767,0.0
2025-03-28 14:02:50.037767,0.0
2025-03-28 14:03:50.037767,0.0
2025-03-28 14:04:50.037767,0.0
2025-03-28 14:05:50.037767,0.0
2025-03-28 14:06:50.037767,0.0
2025-03-28 14:07:50.037767,0.0
2025-03-28 14:08:50.037767,0.0
2025-03-28 14:09:50.037767,0.0
2025-03-28 14:10:50.037767,0.0
2025-03-28 14:11:50.037767,0.0
2025-03-28 14:12:50.037767,0.0
2025-03-28 14:13:50.037767,0.0
2025-03-28 14:14:50.037767,0.0
2025-03-28 14:15:50.037767,0.0
2025-03-28 14:16:50.037767,0.0
2025-03-28 14:17:50.037767,0.0
2025-03-28 14:18:50.037767,0.0
2025-03-28 14:19:50.037767,0.0
2025-03-28 14:20:50.037767,0.0
2025-03-28 14:21:50.037767,0.0
2025-03-28 14:22:50.037767,0.0
2025-03-28 14:23:50.037767,0.0
2025-03-28 14:24:50.037767,0.0
2025-03-28 14:25:50.037767,0.0
2025-03-28 14:26:50.037767,0.0
2025-03-28 14:27:50.037767,0.0
2025-03-28 14:28:50.037767,0.0
2025-03-28 14:29:50.037767,0.0
2025-03-28 14:30:50.037767,0.0
2025-03-28 14:31:50.037767,0.0
2025-03-28 14:32:50.037767,0.0
2025-03-28 14:33:50.037767,0.0
2025-03-28 14:34:50.037767,0.0
2025-03-28 14:35:50.037767,0.0
2025-03-28 14:36:50.037767,0.0
2025-03-28 14:37:50.037767,0.0
2025-03-28 14:38:50.037767,0.0
2025-03-28 14:39:50.037767,0.0
2025-03-28 14:40:50.037767,0.0
2025-03-28 14:41:50.037767,0.0
2025-03-28 14:42:50.037767,0.0
2025-03-28 14:43:50.037767,0.0
2025-03-28 14:44:50.037767,0.0
2025-03-28 14:45:50.037767,0.0
2025-03-28 14:46:50.037767,0.0
2025-03-28 14:47:50.037767,0.0
2025-03-28 14:48:50.037767,0.0
2025-03-28 14:49:50.037767,0.0
2025-03-28 14:50:50.037767,0.0
2025-03-28 14:51:50.037767,0.0
2025-03-28 14:52:50.037767,0.0
2025-03-28 14:53:50.037767,0.0
2025-03-28 14:54:50.037767,0.0
2025-03-28 14:55:50.037767,0.0
2025-03-28 14:56:50.037767,0.0
2025-03-28 14:57:50.037767,0.0
2025-03-28 14:58:50.037767,0.0
2025-03-28 14:59:50.037767,0.0
2025-03-28 15:00:50.037767,0.0
2025-03-28 15:01:50.037767,0.0
2025-03-28 15:02:50.037767,0.0
2025-03-28 15:03:50.037767,0.0
2025-03-28 15:04:50.037767,0.0
2025-03-28 15:05:50.037767,0.0
2025-03-28 15:06:50.037767,0.0
2025-03-28 15:07:50.037767,0.0
2025-03-28 15:08:50.037767,0.0
2025-03-28 15:09:50.037767,0.0
2025-03-28 15:10:50.037767,0.0
2025-03-28 15:11:50.037767,0.0
2025-03-28 15:12:50.037767,0.0
2025-03-28 15:13:50.037767,0.0
2025-03-28 15:14:50.037767,0.0
2025-03-28 15:15:50.037767,0.0
2025-03-28 15:16:50.037767,0.0
2025-03-28 15:17:50.037767,0.0
2025-03-28 15:18:50.037767,0.0
2025-03-28 15:19:50.037767,0.0
2025-03-28 15:20:50.037767,0.0
2025-03-28 15:21:50.037767,0.0
2025-03-28 15:22:50.037767,0.0
2025-03-28 15:23:50.037767,0.0
2025-03-28 15:24:50.037767,0.0
2025-03-28 15:25:50.037767,0.0
2025-03-28 15:26:50.037767,0.0
2025-03-28 15:27:50.037767,0.0
2025-03-28 15:28:50.037767,0.0
2025-03-28 15:29:50.037767,0.0
2025-03-28 15:30:50.037767,0.0
2025-03-28 15:31:50.037767,0.0
2025-03-28 15:32:50.037767,0.0
2025-03-28 15:33:50.037767,0.0
2025-03-28 15:34:50.037767,0.0
2025-03-28 15:35:50.037767,0.0
2025-03-28 15:36:50.037767,0.0
2025-03-28 15:37:50.037767,0.0
2025-03-28 15:38:50.037767,0.0
2025-03-28 15:39:50.037767,0.0
2025-03-28 15:40:50.037767,0.0
2025-03-28 15:41:50.037767,0.0
2025-03-28 15:42:50.037767,0.0
2025-03-28 15:43:50.037767,0.0
2025-03-28 15:44:50.037767,0.0
2025-03-28 15:45:50.037767,0.0
2025-03-28 15:46:50.037767,0.0
2025-03-28 15:47:50.037767,0.0
2025-03-28 15:48:50.037767,0.0
2025-03-28 15:49:50.037767,0.0
2025-03-28 15:50:50.037767,0.0
2025-03-28 15:51:50.037767,0.0
2025-03-28 15:52:50.037767,0.0
2025-03-28 15:53:50.037767,0.0
2025-03-28 15:54:50.037767,0.0
2025-03-28 15:55:50.037767,0.0
2025-03-28 15:56:50.037767,0.0
2025-03-28 15:57:50.037767,0.0
2025-03-28 15:58:50.037767,0.0
2025-03-28 15:59:50.037767,0.0
2025-03-28 16:00:50.037767,0.0
2025-03-28 16:01:50.037767,0.0
2025-03-28 16:02:50.037767,0.0
2025-03-28 16:03:50.037767,0.0
2025-03-28 16:04:50.037767,0.0
2025-03-28 16:05:50.037767,0.0
2025-03-28 16:06:50.037767,0.0
2025-03-28 16:07:50.037767,0.0
2025-03-28 16:08:50.037767,0.0
2025-03-28 16:09:50.037767,0.0
2025-03-28 16:10:50.037767,0.0
2025-03-28 16:11:50.037767,0.0
2025-03-28 16:12:50.037767,0.0
2025-03-28 16:13:50.037767,0.0
2025-03-28 16:14:50.037767,0.0
2025-03-28 16:15:50.037767,0.0
2025-03-28 16:16:50.037767,0.0
2025-03-28 16:17:50.037767,0.0
2025-03-28 16:18:50.037767,0.0
2025-03-28 16:19:50.037767,0.0
2025-03-28 16:20:50.037767,0.0
2025-03-28 16:21:50.037767,0.0
2025-03-28 16:22:50.037767,0.0
2025-03-28 16:23:50.037767,0.0
2025-03-28 16:24:50.037767,0.0
2025-03-28 16:25:50.037767,0.0
2025-03-28 16:26:50.037767,0.0
2025-03-28 16:27:50.037767,0.0
2025-03-28 16:28:50.037767,0.0
2025-03-28 16:29:50.037767,0.0
2025-03-28 16:30:50.037767,0.0
2025-03-28 16:31:50.037767,0.0
2025-03-28 16:32:50.037767,0.0
2025-03-28 16:33:50.037767,0.0
2025-03-28 16:34:50.037767,0.0
2025-03-28 16:35:50.037767,0.0
2025-03-28 16:36:50.037767,0.0
2025-03-28 16:37:50.037767,0.0
2025-03-28 16:38:50.037767,0.0
2025-03-28 16:39:50.037767,0.0
2025-03-28 16:40:50.037767,0.0
2025-03-28 16:41:50.037767,0.0
2025-03-28 16:42:50.037767,0.0
2025-03-28 16:43:50.037767,0.0
2025-03-28 16:44:50.037767,0.0
2025-03-28 16:45:50.037767,0.0
2025-03-28 16:46:50.037767,0.0
2025-03-28 16:47:50.037767,0.0
2025-03-28 16:48:50.037767,0.0
2025-03-28 16:49:50.037767,0.0
2025-03-28 16:50:50.037767,0.0
2025-03-28 16:51:50.037767,0.0
2025-03-28 16:52:50.037767,1.5271582496612583
2025-03-28 16:53:50.037767,3.054287424431051
2025-03-28 16:54:50.037767,4.581358449970944
2025-03-28 16:55:50.037767,7.5144378779822
2025-03-28 16:56:50.037767,7.63520976209597
2025-03-28 16:57:50.037767,9.161931907755397
2025-03-28 16:58:50.037767,10.68847962343794
2025-03-28 16:59:50.037767,13.569331769497012
2025-03-28 17:00:50.037767,13.740935515674455
2025-03-28 17:01:50.037767,45.80035673360104
2025-03-28 17:02:50.037767,16.792344982470013
2025-03-28 17:03:50.037767,18.317584685030187
2025-03-28 17:04:50.037767,37.79924414908883
2025-03-28 17:05:50.037767,21.366988837200182
2025-03-28 17:06:50.037767,22.891095230550565
2025-03-28 17:07:50.037767,43.90291679315488
2025-03-28 17:08:50.037767,25.937971568389415
2025-03-28 17:09:50.037767,65.14712662126018
2025-03-28 17:10:50.037767,28.982872629271633
2025-03-28 17:11:50.037767,33.70300519347548
2025-03-28 17:12:50.037767,32.02556653219014
2025-03-28 17:13:50.037767,33.546013382077916
2025-03-28 17:14:50.037767,35.06582156422643
2025-03-28 17:15:50.037767,36.584962143678666
2025-03-28 17:16:50.037767,38.10340619818776
2025-03-28 17:17:50.037767,39.621124818767726
2025-03-28 17:18:50.037767,41.13808911024253
2025-03-28 17:19:50.037767,42.65427019180119
2025-03-28 17:20:50.037767,44.1696391975402
2025-03-28 17:21:50.037767,45.68416727701806
2025-03-28 17:22:50.037767,47.19782559580326
2025-03-28 17:23:50.037767,77.80437238361053
2025-03-28 17:24:50.037767,51.501239932936954
2025-03-28 17:25:50.037767,51.73329389536334
2025-03-28 17:26:50.037767,108.06348849266114
2025-03-28 17:27:50.037767,54.752062764080854
2025-03-28 17:28:50.037767,56.25989796133939
2025-03-28 17:29:50.037767,57.76666205123765
2025-03-28 17:30:50.037767,59.27232634715807
2025-03-28 17:31:50.037767,60.77686218342529
2025-03-28 17:32:50.037767,62.2802409158445
2025-03-28 17:33:50.037767,63.782433922251705
2025-03-28 17:34:50.037767,65.28341260305743
2025-03-28 17:35:50.037767,66.78314838178999
2025-03-28 17:36:50.037767,74.60739655849474
2025-03-28 17:37:50.037767,96.78513150865214
2025-03-28 17:38:50.037767,71.27461289906205
2025-03-28 17:39:50.037767,72.76909178621591
2025-03-28 17:40:50.037767,22.278655576426967
2025-03-28 17:41:50.037767,22.726159463500608
2025-03-28 17:42:50.037767,23.173230677257482
2025-03-28 17:43:50.037767,24.821187399858097
2025-03-28 17:44:50.037767,80.22013682284494
2025-03-28 17:45:50.037767,81.70587734956707
2025-03-28 17:46:50.037767,107.02950857509973
2025-03-28 17:47:50.037767,84.67266345988311
2025-03-28 17:48:50.037767,86.1536525601472
2025-03-28 17:49:50.037767,87.63300141905432
2025-03-28 17:50:50.037767,89.1106818719347
2025-03-28 17:51:50.037767,90.5866657858825
2025-03-28 17:52:50.037767,92.06092506029164
2025-03-28 17:53:50.037767,123.07642730176651
2025-03-28 17:54:50.037767,95.00415745277566
2025-03-28 17:55:50.037767,139.7223441269012
2025-03-28 17:56:50.037767,97.9401549108473
2025-03-28 17:57:50.037767,99.40537064637321
2025-03-28 17:58:50.037767,100.86869384693057
2025-03-28 17:59:50.037767,102.33009665295737
2025-03-28 18:00:50.037767,103.78955124144954
2025-03-28 18:01:50.037767,105.24702982649553
2025-03-28 18:02:50.037767,106.70250465980392
2025-03-28 18:03:50.037767,116.58368791386259
2025-03-28 18:04:50.037767,109.6073322693117
2025-03-28 18:05:50.037767,111.05662974178182
2025-03-28 18:06:50.037767,113.44200785812521
2025-03-28 18:07:50.037767,113.94885406000479
2025-03-28 18:08:50.037767,115.39172584197573
2025-03-28 18:09:50.037767,116.83240073182019
2025-03-28 18:10:50.037767,221.833004964619
2025-03-28 18:11:50.037767,119.70705016398367
2025-03-28 18:12:50.037767,145.17745413134523
2025-03-28 18:13:50.037767,122.57258344081363
2025-03-28 18:14:50.037767,176.37601607037607
2025-03-28 18:15:50.037767,125.42878234085552
2025-03-28 18:16:50.037767,146.6976145047008
2025-03-28 18:17:50.037767,289.96030534614744
2025-03-28 18:18:50.037767,129.69510312844255
2025-03-28 18:19:50.037767,131.11230769556929
2025-03-28 18:20:50.037767,132.52701607335183
2025-03-28 18:21:50.037767,133.93920132778072
2025-03-28 18:22:50.037767,151.6699810889313
2025-03-28 18:23:50.037767,136.75589497124554
2025-03-28 18:24:50.037767,138.16034973449345
2025-03-28 18:25:50.037767,139.5621741238363
2025-03-28 18:26:50.037767,140.96134145055834
2025-03-28 18:27:50.037767,142.35782507652945
2025-03-28 18:28:50.037767,143.7515984147166
2025-03-28 18:29:50.037767,275.9371613965182
2025-03-28 18:30:50.037767,164.8336035303119
2025-03-28 18:31:50.037767,178.6575168152046
2025-03-28 18:32:50.037767,149.29905896551077
2025-03-28 18:33:50.037767,150.67888388290274
2025-03-28 18:34:50.037767,152.0558400915456
2025-03-28 18:35:50.037767,216.46115718497578
2025-03-28 18:36:50.037767,154.80104157665048
2025-03-28 18:37:50.037767,156.16923458843326
2025-03-28 18:38:50.037767,157.53445436310264
2025-03-28 18:39:50.037767,158.89667490884085
2025-03-28 18:40:50.037767,160.25587029093455
2025-03-28 18:41:50.037767,240.24833673092212
2025-03-28 18:42:50.037767,169.65736759037014
2025-03-28 18:43:50.037767,164.31504697506202
2025-03-28 18:44:50.037767,165.6618835146956
2025-03-28 18:45:50.037767,282.11857230150923
2025-03-28 18:46:50.037767,168.3460691217854
2025-03-28 18:47:50.037767,169.68336708621786
2025-03-28 18:48:50.037767,171.01743452393433
2025-03-28 18:49:50.037767,172.3482460362138
2025-03-28 18:50:50.037767,173.67577628632228
2025-03-28 18:51:50.037767,174.99999999999957
2025-03-28 18:52:50.037767,176.32089196593395
2025-03-28 18:53:50.037767,177.6384270362464
2025-03-28 18:54:50.037767,178.95258012696834
2025-03-28 18:55:50.037767,180.2633262185193
2025-03-28 18:56:50.037767,181.57064035618194
2025-03-28 18:57:50.037767,182.87449765058173
2025-03-28 18:58:50.037767,184.17487327815417
2025-03-28 18:59:50.037767,231.67795726873263
2025-03-28 19:00:50.037767,186.7650805704642
2025-03-28 19:01:50.037767,338.31578868369695
2025-03-28 19:02:50.037767,189.34106497879736
2025-03-28 19:03:50.037767,386.33081290298077
2025-03-28 19:04:50.037767,259.8776137899271
2025-03-28 19:05:50.037767,272.99058292893494
2025-03-28 19:06:50.037767,194.44958155686098
2025-03-28 19:07:50.037767,195.7175162147618
2025-03-28 19:08:50.037767,196.98172469327355
2025-03-28 19:09:50.037767,198.2421829236912
2025-03-28 19:10:50.037767,199.49886690870596
2025-03-28 19:11:50.037767,200.75175272286623
2025-03-28 19:12:50.037767,442.6828398885556
2025-03-28 19:13:50.037767,203.24603449882832
2025-03-28 19:14:50.037767,61.346214891930494
2025-03-28 19:15:50.037767,205.72483830236536
2025-03-28 19:16:50.037767,209.6777929276222
2025-03-28 19:17:50.037767,208.1879753629696
2025-03-28 19:18:50.037767,209.41361019973098
2025-03-28 19:19:50.037767,210.63525810321636
2025-03-28 19:20:50.037767,263.5061086729386
2025-03-28 19:21:50.037767,213.06650015305206
2025-03-28 19:22:50.037767,214.27604801205723
2025-03-28 19:23:50.037767,215.48151636398055
2025-03-28 19:24:50.037767,216.68288225844222
2025-03-28 19:25:50.037767,217.88012282316635
2025-03-28 19:26:50.037767,219.07321526442036
2025-03-28 19:27:50.037767,220.26213686744296
2025-03-28 19:28:50.037767,221.44686499688063
2025-03-28 19:29:50.037767,222.62737709721762
2025-03-28 19:30:50.037767,223.80365069320501
2025-03-28 19:31:50.037767,224.97566339028833
2025-03-28 19:32:50.037767,226.1433928750371
2025-03-28 19:33:50.037767,227.30681691556418
2025-03-28 19:34:50.037767,228.46591336195291
2025-03-28 19:35:50.037767,230.095878574915
2025-03-28 19:36:50.037767,230.77103528502357
2025-03-28 19:37:50.037767,231.91701687550773
2025-03-28 19:38:50.037767,233.0585831002918
2025-03-28 19:39:50.037767,234.19571222560032
2025-03-28 19:40:50.037767,235.3283826021339
2025-03-28 19:41:50.037767,236.45657266548133
2025-03-28 19:42:50.037767,282.7888802636362
2025-03-28 19:43:50.037767,238.69942602187413
2025-03-28 19:44:50.037767,574.0941729533355
2025-03-28 19:45:50.037767,240.9241014928139
2025-03-28 19:46:50.037767,242.02956952379444
2025-03-28 19:47:50.037767,243.13042966064933
2025-03-28 19:48:50.037767,244.2266609445876
2025-03-28 19:49:50.037767,559.1111491030517
2025-03-28 19:50:50.037767,445.35674682885247
2025-03-28 19:51:50.037767,247.48737341529167
2025-03-28 19:52:50.037767,248.56488146815002
2025-03-28 19:53:50.037767,381.3815364741946
2025-03-28 19:54:50.037767,250.7056801986286
2025-03-28 19:55:50.037767,251.76893011852763
2025-03-28 19:56:50.037767,252.82738672091438
2025-03-28 19:57:50.037767,542.7577683361764
2025-03-28 19:58:50.037767,254.9298394588403
2025-03-28 19:59:50.037767,291.80093195116524
2025-03-28 20:00:50.037767,257.0128783024896
2025-03-28 20:01:50.037767,273.04666664416857
2025-03-28 20:02:50.037767,259.0763446203911
2025-03-28 20:03:50.037767,301.96355789820484
2025-03-28 20:04:50.037767,262.6212603886651
2025-03-28 20:05:50.037767,262.1345022761503
2025-03-28 20:06:50.037767,263.1439326176418
2025-03-28 20:07:50.037767,264.14835307797
2025-03-28 20:08:50.037767,309.58808184750654
2025-03-28 20:09:50.037767,538.2231519847678
2025-03-28 20:10:50.037767,267.1313644238854
2025-03-28 20:11:50.037767,268.1155550916419
2025-03-28 20:12:50.037767,269.0946412257106
2025-03-28 20:13:50.037767,270.0686041857019
2025-03-28 20:14:50.037767,420.58549852118284
2025-03-28 20:15:50.037767,272.0010865099399
2025-03-28 20:16:50.037767,272.9595690825089
2025-03-28 20:17:50.037767,273.9128548983445
2025-03-28 20:18:50.037767,274.8609258082605
2025-03-28 20:19:50.037767,347.2486473258904
2025-03-28 20:20:50.037767,308.5074369843044
2025-03-28 20:21:50.037767,277.6736691019325
2025-03-28 20:22:50.037767,278.6007008871172
2025-03-28 20:23:50.037767,279.52242851655217
2025-03-28 20:24:50.037767,280.438834441871
2025-03-28 20:25:50.037767,350.8723063196067
2025-03-28 20:26:50.037767,336.74423795071476
2025-03-28 20:27:50.037767,283.1559480312318
2025-03-28 20:28:50.037767,346.87304806519427
2025-03-28 20:29:50.037767,322.06342776973275
2025-03-28 20:30:50.037767,285.8245443065875
2025-03-28 20:31:50.037767,286.7032155011471
2025-03-28 20:32:50.037767,287.57642827975735
2025-03-28 20:33:50.037767,288.44416601770575
2025-03-28 20:34:50.037767,289.30641219451564
2025-03-28 20:35:50.037767,297.89640068548596
2025-03-28 20:36:50.037767,291.0143643058907
2025-03-28 20:37:50.037767,291.86003772350887
2025-03-28 20:38:50.037767,452.3125732356433
2025-03-28 20:39:50.037767,732.7856135511029
2025-03-28 20:40:50.037767,403.8145404415871
2025-03-28 20:41:50.037767,295.1870060345098
2025-03-28 20:42:50.037767,296.00473759639056
2025-03-28 20:43:50.037767,296.8168336547491
2025-03-28 20:44:50.037767,297.62327874844715
2025-03-28 20:45:50.037767,298.42405752393194
2025-03-28 20:46:50.037767,299.219154735531
2025-03-28 20:47:50.037767,300.00855524573916
2025-03-28 20:48:50.037767,834.9209638346081
2025-03-28 20:49:50.037767,301.57020615453405
2025-03-28 20:50:50.037767,546.438567854425
2025-03-28 20:51:50.037767,303.10889132455316
2025-03-28 20:52:50.037767,303.86958507119954
2025-03-28 20:53:50.037767,506.79295727122343
2025-03-28 20:54:50.037767,305.37360247547895
2025-03-28 20:55:50.037767,306.1168974987886
2025-03-28 20:56:50.037767,306.8543644976279
2025-03-28 20:57:50.037767,307.58598943168755
2025-03-28 20:58:50.037767,308.31175837188476
2025-03-28 20:59:50.037767,309.03165750062436
2025-03-28 21:00:50.037767,319.0735422787316
2025-03-28 21:01:50.037767,310.4537916123777
2025-03-28 21:02:50.037767,311.1559995200079
2025-03-28 21:03:50.037767,821.228020524634
2025-03-28 21:04:50.037767,312.54263019389776
2025-03-28 21:05:50.037767,313.2270265607087
2025-03-28 21:06:50.037767,340.6448986023126
2025-03-28 21:07:50.037767,314.5779162047085
2025-03-28 21:08:50.037767,315.24438376290595
2025-03-28 21:09:50.037767,315.90484952245095
2025-03-28 21:10:50.037767,316.55930090902865
2025-03-28 21:11:50.037767,317.20772546282745
2025-03-28 21:12:50.037767,317.8501108387785
2025-03-28 21:13:50.037767,318.48644480679025
2025-03-28 21:14:50.037767,429.00481545884196
2025-03-28 21:15:50.037767,319.7409101749101
2025-03-28 21:16:50.037767,320.3590176918064
2025-03-28 21:17:50.037767,320.9710260347934
2025-03-28 21:18:50.037767,321.57692355211447
2025-03-28 21:19:50.037767,322.17669870835425
2025-03-28 21:20:50.037767,322.7703400846579
2025-03-28 21:21:50.037767,323.35783637895014
2025-03-28 21:22:50.037767,323.93917640614814
2025-03-28 21:23:50.037767,324.5143490983756
2025-03-28 21:24:50.037767,325.08334350517356
2025-03-28 21:25:50.037767,451.34085032610113
2025-03-28 21:26:50.037767,326.20275424897926
2025-03-28 21:27:50.037767,326.7531492740205
2025-03-28 21:28:50.037767,294.5675910510936
2025-03-28 21:29:50.037767,98.35057987108175
2025-03-28 21:30:50.037767,98.51009027186086
2025-03-28 21:31:50.037767,446.6954064382868
2025-03-28 21:32:50.037767,677.5859867114706
2025-03-28 21:33:50.037767,634.6886132782838
2025-03-28 21:34:50.037767,330.4311571374744
2025-03-28 21:35:50.037767,330.9315014597609
2025-03-28 21:36:50.037767,331.42554532328705
2025-03-28 21:37:50.037767,331.9132793221695
2025-03-28 21:38:50.037767,332.39469417065675
2025-03-28 21:39:50.037767,332.86978070330366
2025-03-28 21:40:50.037767,333.3385298751474
2025-03-28 21:41:50.037767,333.80093276187944
2025-03-28 21:42:50.037767,334.2569805600154
2025-03-28 21:43:50.037767,503.54903913382196
2025-03-28 21:44:50.037767,335.1499762816849
2025-03-28 21:45:50.037767,100.67607216116025
2025-03-28 21:46:50.037767,100.80523471052251
2025-03-28 21:47:50.037767,362.41961111558464
2025-03-28 21:48:50.037767,724.1200033111892
2025-03-28 21:49:50.037767,337.2706586230179
2025-03-28 21:50:50.037767,395.96646514220527
2025-03-28 21:51:50.037767,339.5315688062587
2025-03-28 21:52:50.037767,338.4660786198801
2025-03-28 21:53:50.037767,338.85167413233773
2025-03-28 21:54:50.037767,339.23081839736415
2025-03-28 21:55:50.037767,488.2979757676019
2025-03-28 21:56:50.037767,706.0706337909073
2025-03-28 21:57:50.037767,340.3294721391868
2025-03-28 21:58:50.037767,340.6827404611569
2025-03-28 21:59:50.037767,540.8538451607019
2025-03-28 22:00:50.037767,341.3698121779792
2025-03-28 22:01:50.037767,341.96562005816895
2025-03-28 22:02:50.037767,342.03088726193755
2025-03-28 22:03:50.037767,342.35166025683196
2025-03-28 22:04:50.037767,342.66591536960436
2025-03-28 22:05:50.037767,342.9736466172904
2025-03-28 22:06:50.037767,400.61088770652253
2025-03-28 22:07:50.037767,343.5695142066823
2025-03-28 22:08:50.037767,343.85763920392833
2025-03-28 22:09:50.037767,344.1392176473841
2025-03-28 22:10:50.037767,344.4142441762018
2025-03-28 22:11:50.037767,344.6827135542729
2025-03-28 22:12:50.037767,505.36182666096494
2025-03-28 22:13:50.037767,549.923333978597
2025-03-28 22:14:50.037767,345.44872829608113
2025-03-28 22:15:50.037767,345.69091920829817
2025-03-28 22:16:50.037767,345.9265286637163
2025-03-28 22:17:50.037767,346.15555217667094
2025-03-28 22:18:50.037767,346.37798538688446
2025-03-28 22:19:50.037767,346.59382405954955
2025-03-28 22:20:50.037767,346.8030640854088
2025-03-28 22:21:50.037767,347.00570148083364
2025-03-28 22:22:50.037767,347.2017323879003
2025-03-28 22:23:50.037767,469.21128408045655
2025-03-28 22:24:50.037767,347.57395993422415
2025-03-28 22:25:50.037767,347.7501494868056
2025-03-28 22:26:50.037767,347.9197183778118
2025-03-28 22:27:50.037767,348.08266337889563
2025-03-28 22:28:50.037767,348.23898138781914
2025-03-28 22:29:50.037767,348.3886694285125
2025-03-28 22:30:50.037767,348.5317246511316
2025-03-28 22:31:50.037767,791.8177154615316
2025-03-28 22:32:50.037767,348.7979258742165
2025-03-28 22:33:50.037767,348.9210668065948
2025-03-28 22:34:50.037767,349.03756478481995
2025-03-28 22:35:50.037767,349.1474175909384
2025-03-28 22:36:50.037767,349.25062313351117
2025-03-28 22:37:50.037767,349.34717944765345
2025-03-28 22:38:50.037767,349.4370846950721
2025-03-28 22:39:50.037767,558.347083449283
2025-03-28 22:40:50.037767,349.59693526973274
2025-03-28 22:41:50.037767,391.1849799496312
2025-03-28 22:42:50.037767,349.730162684253
2025-03-28 22:43:50.037767,358.48708105826756
2025-03-28 22:44:50.037767,472.6271119667566
2025-03-28 22:45:50.037767,349.88006374144504
2025-03-28 22:46:50.037767,521.9675552888767
2025-03-28 22:47:50.037767,470.5805152490026
2025-03-28 22:48:50.037767,349.97001465090244
2025-03-28 22:49:50.037767,349.98667307245995
2025-03-28 22:50:50.037767,700.9079985839154
2025-03-28 22:51:50.037767,350.0
2025-03-28 22:52:50.037767,349.99666825225705
2025-03-28 22:53:50.037767,349.98667307245995
2025-03-28 22:54:50.037767,349.97001465090244
2025-03-28 22:55:50.037767,443.5528825275869
2025-03-28 22:56:50.037767,567.6452585875561
2025-03-28 22:57:50.037767,476.2263664048257
2025-03-28 22:58:50.037767,349.83675679284954
2025-03-28 22:59:50.037767,349.7867894566835
2025-03-28 23:00:50.037767,349.73016268425306
2025-03-28 23:01:50.037767,349.66687755365024
2025-03-28 23:02:50.037767,679.9913020753255
2025-03-28 23:03:50.037767,349.5203371641008
2025-03-28 23:04:50.037767,349.43708469507214
2025-03-28 23:05:50.037767,349.34717944765345
2025-03-28 23:06:50.037767,349.2506231335112
2025-03-28 23:07:50.037767,349.1474175909384
2025-03-28 23:08:50.037767,349.03756478481995
2025-03-28 23:09:50.037767,858.1938895160106
2025-03-28 23:10:50.037767,348.79792587421656
2025-03-28 23:11:50.037767,374.5026299691208
2025-03-28 23:12:50.037767,489.7360494966941
2025-03-28 23:13:50.037767,348.38866942851257
2025-03-28 23:14:50.037767,348.2389813878191
2025-03-28 23:15:50.037767,348.0826633788957
2025-03-28 23:16:50.037767,475.209939682045
2025-03-28 23:17:50.037767,347.7501494868056
2025-03-28 23:18:50.037767,374.0022925753404
2025-03-28 23:19:50.037767,347.3911530744627
2025-03-28 23:20:50.037767,347.2017323879002
2025-03-28 23:21:50.037767,347.0057014808337
2025-03-28 23:22:50.037767,593.2890569004553
2025-03-28 23:23:50.037767,346.5938240595496
2025-03-28 23:24:50.037767,346.3779853868846
2025-03-28 23:25:50.037767,346.1555521766708
2025-03-28 23:26:50.037767,387.2100879344822
2025-03-28 23:27:50.037767,345.6909192082982
2025-03-28 23:28:50.037767,345.4487282960812
2025-03-28 23:29:50.037767,345.199960538031
2025-03-28 23:30:50.037767,344.9446206703272
2025-03-28 23:31:50.037767,344.68271355427277
2025-03-28 23:32:50.037767,407.0738760117992
2025-03-28 23:33:50.037767,344.1392176473842
2025-03-28 23:34:50.037767,370.2190824759274
2025-03-28 23:35:50.037767,343.56951420668236
2025-03-28 23:36:50.037767,343.27484814113063
2025-03-28 23:37:50.037767,342.9736466172903
2025-03-28 23:38:50.037767,394.1942474177856
2025-03-28 23:39:50.037767,549.007840732791
2025-03-28 23:40:50.037767,342.03088726193766
2025-03-28 23:41:50.037767,341.70360249197665
2025-03-28 23:42:50.037767,345.07869744803236
2025-03-28 23:43:50.037767,341.0295226748322
2025-03-28 23:44:50.037767,350.2798300083101
2025-03-28 23:45:50.037767,340.3294721391869
2025-03-28 23:46:50.037767,414.79175702412084
2025-03-28 23:47:50.037767,339.60350419659875
2025-03-28 23:48:50.037767,339.230818397364
2025-03-28 23:49:50.037767,338.8516741323376
2025-03-28 23:50:50.037767,338.4660786198802
2025-03-28 23:51:50.037767,101.42221176035218
2025-03-28 23:52:50.037767,129.15042106037632
2025-03-28 23:53:50.037767,131.5751599035949
2025-03-28 23:54:50.037767,138.70344851254154
2025-03-28 23:55:50.037767,100.93247807352341
2025-03-28 23:56:50.037767,100.80523471052256
2025-03-28 23:57:50.037767,121.54277393546322
2025-03-28 23:58:50.037767,155.49732002542777
2025-03-28 23:59:50.037767,100.4119993761187
2025-03-29 00:00:50.037767,100.27709416800457
2025-03-29 00:01:50.037767,100.14027982856388
2025-03-29 00:02:50.037767,333.3385298751476
2025-03-29 00:03:50.037767,332.86978070330383
2025-03-29 00:04:50.037767,332.3946941706569
2025-03-29 00:05:50.037767,428.9070918987148
2025-03-29 00:06:50.037767,331.4255453232868
2025-03-29 00:07:50.037767,707.8747516457183
2025-03-29 00:08:50.037767,330.4311571374746
2025-03-29 00:09:50.037767,329.9245218822625
2025-03-29 00:10:50.037767,329.4116053397297
2025-03-29 00:11:50.037767,328.8924172750678
2025-03-29 00:12:50.037767,757.9786307337386
2025-03-29 00:13:50.037767,327.8352662369394
2025-03-29 00:14:50.037767,327.2973233901043
2025-03-29 00:15:50.037767,504.2895890673561
2025-03-29 00:16:50.037767,586.254035207481
2025-03-29 00:17:50.037767,325.64614879370845
2025-03-29 00:18:50.037767,695.570773194058
2025-03-29 00:19:50.037767,324.51434909837576
2025-03-29 00:20:50.037767,323.9391764061483
2025-03-29 00:21:50.037767,323.35783637895037
2025-03-29 00:22:50.037767,322.7703400846581
2025-03-29 00:23:50.037767,327.8754854930711
2025-03-29 00:24:50.037767,321.57692355211464
2025-03-29 00:25:50.037767,373.80973380509545
2025-03-29 00:26:50.037767,320.35901769180657
2025-03-29 00:27:50.037767,319.7409101749103
2025-03-29 00:28:50.037767,95.73501457559426
2025-03-29 00:29:50.037767,95.54593344203698
2025-03-29 00:30:50.037767,199.43903347221996
2025-03-29 00:31:50.037767,95.1623176388483
2025-03-29 00:32:50.037767,316.5593009090289
2025-03-29 00:33:50.037767,338.3799735674077
2025-03-29 00:34:50.037767,315.24438376290567
2025-03-29 00:35:50.037767,333.85536095227184
2025-03-29 00:36:50.037767,313.9054595364412
2025-03-29 00:37:50.037767,313.22702656070896
2025-03-29 00:38:50.037767,312.542630193898
2025-03-29 00:39:50.037767,311.8522834659287
2025-03-29 00:40:50.037767,311.1559995200076
2025-03-29 00:41:50.037767,392.2686027360026
2025-03-29 00:42:50.037767,327.1768604602081
2025-03-29 00:43:50.037767,92.70949725018735
2025-03-29 00:44:50.037767,308.311758371885
2025-03-29 00:45:50.037767,307.5859894316878
2025-03-29 00:46:50.037767,525.4643856112897
2025-03-29 00:47:50.037767,306.1168974987889
2025-03-29 00:48:50.037767,305.37360247547923
2025-03-29 00:49:50.037767,304.62449357896503
2025-03-29 00:50:50.037767,657.8524337075431
2025-03-29 00:51:50.037767,303.10889132455344
2025-03-29 00:52:50.037767,302.3424268215383
2025-03-29 00:53:50.037767,301.57020615453433
2025-03-29 00:54:50.037767,300.79224402550864
2025-03-29 00:55:50.037767,300.00855524573944
2025-03-29 00:56:50.037767,299.2191547355313
2025-03-29 00:57:50.037767,298.42405752393216
2025-03-29 00:58:50.037767,409.25063389798146
2025-03-29 00:59:50.037767,688.9119797372978
2025-03-29 01:00:50.037767,296.00473759639084
2025-03-29 01:01:50.037767,295.18700603451003
2025-03-29 01:02:50.037767,294.36365453753734
2025-03-29 01:03:50.037767,293.5346987808982
2025-03-29 01:04:50.037767,340.5567544448792
2025-03-29 01:05:50.037767,291.86003772350915
2025-03-29 01:06:50.037767,291.014364305891
2025-03-29 01:07:50.037767,290.1631503942647
2025-03-29 01:08:50.037767,454.9925126224736
2025-03-29 01:09:50.037767,288.44416601770536
2025-03-29 01:10:50.037767,314.8826428270791
2025-03-29 01:11:50.037767,286.70321550114744
2025-03-29 01:12:50.037767,285.82454430658777
2025-03-29 01:13:50.037767,424.2009367378457
2025-03-29 01:14:50.037767,315.9210479147347
2025-03-29 01:15:50.037767,283.1559480312314
2025-03-29 01:16:50.037767,282.25561149361926
2025-03-29 01:17:50.037767,281.3499012160263
2025-03-29 01:18:50.037767,280.43883444187134
2025-03-29 01:19:50.037767,513.2973912919142
2025-03-29 01:20:50.037767,278.60070088711757
2025-03-29 01:21:50.037767,277.67366910193203
2025-03-29 01:22:50.037767,276.7413508103456
2025-03-29 01:23:50.037767,715.2609604732348
2025-03-29 01:24:50.037767,274.86092580826084
2025-03-29 01:25:50.037767,273.91285489834485
2025-03-29 01:26:50.037767,272.95956908250844
2025-03-29 01:27:50.037767,272.0010865099395
2025-03-29 01:28:50.037767,271.0374254287653
2025-03-29 01:29:50.037767,270.0686041857022
2025-03-29 01:30:50.037767,385.8143054435129
2025-03-29 01:31:50.037767,406.6320180236978
2025-03-29 01:32:50.037767,299.60822752071783
2025-03-29 01:33:50.037767,266.1420879600105
2025-03-29 01:34:50.037767,265.1477445344177
2025-03-29 01:35:50.037767,264.1483530779704
2025-03-29 01:36:50.037767,263.1439326176421
2025-03-29 01:37:50.037767,262.13450227615067
2025-03-29 01:38:50.037767,261.1200812715946
2025-03-29 01:39:50.037767,693.3279079865171
2025-03-29 01:40:50.037767,259.0763446203915
2025-03-29 01:41:50.037767,258.0470678835436
2025-03-29 01:42:50.037767,309.9022091092142
2025-03-29 01:43:50.037767,368.4752129989715
2025-03-29 01:44:50.037767,254.92983945883978
2025-03-29 01:45:50.037767,253.88102985430112
2025-03-29 01:46:50.037767,252.82738672091477
2025-03-29 01:47:50.037767,304.7599043397246
2025-03-29 01:48:50.037767,250.70568019862898
2025-03-29 01:49:50.037767,249.6376572039634
2025-03-29 01:50:50.037767,482.95315880924323
2025-03-29 01:51:50.037767,247.48737341529207
2025-03-29 01:52:50.037767,256.7332161210139
2025-03-29 01:53:50.037767,245.3182425049479
2025-03-29 01:54:50.037767,522.0733043022474
2025-03-29 01:55:50.037767,243.13042966064882
2025-03-29 01:56:50.037767,496.3345812332462
2025-03-29 01:57:50.037767,240.9241014928143
2025-03-29 01:58:50.037767,567.7913648099267
2025-03-29 01:59:50.037767,238.69942602187453
2025-03-29 02:00:50.037767,255.87957510375708
2025-03-29 02:01:50.037767,236.45657266548085
2025-03-29 02:02:50.037767,235.32838260213435
2025-03-29 02:03:50.037767,234.19571222560072
2025-03-29 02:04:50.037767,233.05858310029217
2025-03-29 02:05:50.037767,333.87253213735903
2025-03-29 02:06:50.037767,230.77103528502397
2025-03-29 02:07:50.037767,278.7220264300651
2025-03-29 02:08:50.037767,228.46591336195334
2025-03-29 02:09:50.037767,227.3068169155646
2025-03-29 02:10:50.037767,387.56205547433484
2025-03-29 02:11:50.037767,224.97566339028876
2025-03-29 02:12:50.037767,223.8036506932045
2025-03-29 02:13:50.037767,222.62737709721705
2025-03-29 02:14:50.037767,221.44686499688106
2025-03-29 02:15:50.037767,220.2621368674434
2025-03-29 02:16:50.037767,313.70200743239286
2025-03-29 02:17:50.037767,217.88012282316683
2025-03-29 02:18:50.037767,216.68288225844168
2025-03-29 02:19:50.037767,646.44454909194
2025-03-29 02:20:50.037767,214.2760480120577
2025-03-29 02:21:50.037767,521.8498714418238
2025-03-29 02:22:50.037767,211.8528958150131
2025-03-29 02:23:50.037767,210.6352581032168
2025-03-29 02:24:50.037767,209.4136101997304
2025-03-29 02:25:50.037767,208.18797536297
2025-03-29 02:26:50.037767,206.95837692725425
2025-03-29 02:27:50.037767,205.7248383023658
2025-03-29 02:28:50.037767,204.48738297310211
2025-03-29 02:29:50.037767,203.2460344988288
2025-03-29 02:30:50.037767,202.00081651303148
2025-03-29 02:31:50.037767,429.4191986436619
2025-03-29 02:32:50.037767,199.49886690870645
2025-03-29 02:33:50.037767,201.62871774259713
2025-03-29 02:34:50.037767,196.98172469327403
2025-03-29 02:35:50.037767,241.18172073947707
2025-03-29 02:36:50.037767,194.44958155686044
2025-03-29 02:37:50.037767,193.17794485922087
2025-03-29 02:38:50.037767,191.90263033197016
2025-03-29 02:39:50.037767,190.62366225525963
2025-03-29 02:40:50.037767,189.34106497879782
2025-03-29 02:41:50.037767,188.05486292138812
2025-03-29 02:42:50.037767,186.76508057046362
2025-03-29 02:43:50.037767,185.47174248162221
2025-03-29 02:44:50.037767,184.17487327815462
2025-03-29 02:45:50.037767,182.8744976505822
2025-03-29 02:46:50.037767,359.82544927349664
2025-03-29 02:47:50.037767,180.2633262185187
2025-03-29 02:48:50.037767,178.95258012696885
2025-03-29 02:49:50.037767,177.6384270362469
2025-03-29 02:50:50.037767,176.32089196593446
2025-03-29 02:51:50.037767,175.00000000000009
2025-03-29 02:52:50.037767,173.67577628632276
2025-03-29 02:53:50.037767,252.9326305624768
2025-03-29 02:54:50.037767,171.0174345239348
2025-03-29 02:55:50.037767,169.68336708621834
2025-03-29 02:56:50.037767,168.3460691217859
2025-03-29 02:57:50.037767,167.00556609086297
2025-03-29 02:58:50.037767,282.0984330949164
2025-03-29 02:59:50.037767,164.31504697506142
2025-03-29 03:00:50.037767,162.96508211378955
2025-03-29 03:01:50.037767,161.61201463226223
2025-03-29 03:02:50.037767,160.255870290935
2025-03-29 03:03:50.037767,158.89667490884136
2025-03-29 03:04:50.037767,157.53445436310204
2025-03-29 03:05:50.037767,156.1692345884327
2025-03-29 03:06:50.037767,154.80104157665096
2025-03-29 03:07:50.037767,153.4299013761774
2025-03-29 03:08:50.037767,173.51646821170476
2025-03-29 03:09:50.037767,150.67888388290325
2025-03-29 03:10:50.037767,149.29905896551017
2025-03-29 03:11:50.037767,302.6931362531038
2025-03-29 03:12:50.037767,146.5309081381003
2025-03-29 03:13:50.037767,145.14263492968394
2025-03-29 03:14:50.037767,143.75159841471714
2025-03-29 03:15:50.037767,142.35782507652993
2025-03-29 03:16:50.037767,140.9613414505577
2025-03-29 03:17:50.037767,139.56217412383683
2025-03-29 03:18:50.037767,138.160349734494
2025-03-29 03:19:50.037767,136.75589497124605
2025-03-29 03:20:50.037767,40.60465097186617
2025-03-29 03:21:50.037767,43.59941971415081
2025-03-29 03:22:50.037767,39.75810482200535
2025-03-29 03:23:50.037767,39.33369230867094
2025-03-29 03:24:50.037767,38.90853093853292
2025-03-29 03:25:50.037767,38.482628806051274
2025-03-29 03:26:50.037767,38.05599401978866
2025-03-29 03:27:50.037767,37.628634702256456
2025-03-29 03:28:50.037767,37.20055898976004
2025-03-29 03:29:50.037767,122.57258344081416
2025-03-29 03:30:50.037767,121.14096997712288
2025-03-29 03:31:50.037767,206.4494812652265
2025-03-29 03:32:50.037767,118.27085130116438
2025-03-29 03:33:50.037767,116.83240073181955
2025-03-29 03:34:50.037767,115.39172584197507
2025-03-29 03:35:50.037767,113.94885406000533
2025-03-29 03:36:50.037767,248.61248187829787
2025-03-29 03:37:50.037767,111.05662974178233
2025-03-29 03:38:50.037767,109.60733226931222
2025-03-29 03:39:50.037767,155.66589175665663
2025-03-29 03:40:50.037767,106.70250465980443
2025-03-29 03:41:50.037767,105.24702982649606
2025-03-29 03:42:50.037767,103.78955124145008
2025-03-29 03:43:50.037767,102.3300966529579
2025-03-29 03:44:50.037767,100.86869384693111
2025-03-29 03:45:50.037767,99.40537064637255
2025-03-29 03:46:50.037767,97.94015491084784
2025-03-29 03:47:50.037767,198.87080330613853
2025-03-29 03:48:50.037767,95.0041574527762
2025-03-29 03:49:50.037767,93.5334316273899
2025-03-29 03:50:50.037767,114.15129131413552
2025-03-29 03:51:50.037767,90.58666578588185
2025-03-29 03:52:50.037767,89.11068187193524
2025-03-29 03:53:50.037767,87.63300141905486
2025-03-29 03:54:50.037767,86.15365256014772
2025-03-29 03:55:50.037767,84.67266345988365
2025-03-29 03:56:50.037767,83.19006231416031
2025-03-29 03:57:50.037767,113.95564058148356
2025-03-29 03:58:50.037767,88.50642076859044
2025-03-29 03:59:50.037767,78.73286902035306
2025-03-29 04:00:50.037767,77.24410225752548
2025-03-29 04:01:50.037767,75.7538648783359
2025-03-29 04:02:50.037767,74.26218525475588
2025-03-29 04:03:50.037767,72.76909178621646
2025-03-29 04:04:50.037767,71.2746128990626
2025-03-29 04:05:50.037767,87.87688421100498
2025-03-29 04:06:50.037767,68.28161270564495
2025-03-29 04:07:50.037767,66.78314838179053
2025-03-29 04:08:50.037767,96.08501082093609
2025-03-29 04:09:50.037767,19.134730176675674
2025-03-29 04:10:50.037767,18.684072274753515
2025-03-29 04:11:50.037767,18.233058655027754
2025-03-29 04:12:50.037767,17.781697904147585
2025-03-29 04:13:50.037767,24.14103927798235
2025-03-29 04:14:50.037767,16.877969388401613
2025-03-29 04:15:50.037767,54.7520627640814
2025-03-29 04:16:50.037767,53.24318516647123
2025-03-29 04:17:50.037767,51.73329389536389
2025-03-29 04:18:50.037767,66.68611119334778
2025-03-29 04:19:50.037767,48.710585336022646
2025-03-29 04:20:50.037767,47.19782559580258
2025-03-29 04:21:50.037767,45.68416727701862
2025-03-29 04:22:50.037767,48.39590572424579
2025-03-29 04:23:50.037767,42.65427019180174
2025-03-29 04:24:50.037767,59.81696105839301
2025-03-29 04:25:50.037767,39.62112481876704
2025-03-29 04:26:50.037767,44.44887032359209
2025-03-29 04:27:50.037767,36.58496214367922
2025-03-29 04:28:50.037767,43.27421737074636
2025-03-29 04:29:50.037767,33.54601338207846
2025-03-29 04:30:50.037767,32.025566532190695
2025-03-29 04:31:50.037767,46.1017868035312
2025-03-29 04:32:50.037767,49.13686927189115
2025-03-29 04:33:50.037767,27.46068350474618
2025-03-29 04:34:50.037767,25.937971568389973
2025-03-29 04:35:50.037767,24.414765810443882
2025-03-29 04:36:50.037767,22.891095230549883
2025-03-29 04:37:50.037767,21.366988837199496
2025-03-29 04:38:50.037767,19.842475647182745
2025-03-29 04:39:50.037767,18.31758468503074
2025-03-29 04:40:50.037767,50.37703494741171
2025-03-29 04:41:50.037767,15.26678557786757
2025-03-29 04:42:50.037767,13.740935515673767
2025-03-29 04:43:50.037767,16.196474320774588
2025-03-29 04:44:50.037767,10.688479623438498
2025-03-29 04:45:50.037767,10.818365184519871
2025-03-29 04:46:50.037767,7.635209762096528
2025-03-29 04:47:50.037767,6.108342253049148
2025-03-29 04:48:50.037767,4.581358449970258
2025-03-29 04:49:50.037767,6.543100656104914
2025-03-29 04:50:50.037767,1.7080794659821479
2025-03-29 04:51:50.037767,3.0003846579110147e-13
2025-03-29 04:52:50.037767,0.0
2025-03-29 04:53:50.037767,0.0
2025-03-29 04:54:50.037767,0.0
2025-03-29 04:55:50.037767,0.0
2025-03-29 04:56:50.037767,0.0
2025-03-29 04:57:50.037767,0.0
2025-03-29 04:58:50.037767,0.0
2025-03-29 04:59:50.037767,0.0
2025-03-29 05:00:50.037767,0.0
2025-03-29 05:01:50.037767,0.0
2025-03-29 05:02:50.037767,0.0
2025-03-29 05:03:50.037767,0.0
2025-03-29 05:04:50.037767,0.0
2025-03-29 05:05:50.037767,0.0
2025-03-29 05:06:50.037767,0.0
2025-03-29 05:07:50.037767,0.0
2025-03-29 05:08:50.037767,0.0
2025-03-29 05:09:50.037767,0.0
2025-03-29 05:10:50.037767,0.0
2025-03-29 05:11:50.037767,0.0
2025-03-29 05:12:50.037767,0.0
2025-03-29 05:13:50.037767,0.0
2025-03-29 05:14:50.037767,0.0
2025-03-29 05:15:50.037767,0.0
2025-03-29 05:16:50.037767,0.0
2025-03-29 05:17:50.037767,0.0
2025-03-29 05:18:50.037767,0.0
2025-03-29 05:19:50.037767,0.0
2025-03-29 05:20:50.037767,0.0
2025-03-29 05:21:50.037767,0.0
2025-03-29 05:22:50.037767,0.0
2025-03-29 05:23:50.037767,0.0
2025-03-29 05:24:50.037767,0.0
2025-03-29 05:25:50.037767,0.0
2025-03-29 05:26:50.037767,0.0
2025-03-29 05:27:50.037767,0.0
2025-03-29 05:28:50.037767,0.0
2025-03-29 05:29:50.037767,0.0
2025-03-29 05:30:50.037767,0.0
2025-03-29 05:31:50.037767,0.0
2025-03-29 05:32:50.037767,0.0
2025-03-29 05:33:50.037767,0.0
2025-03-29 05:34:50.037767,0.0
2025-03-29 05:35:50.037767,0.0
2025-03-29 05:36:50.037767,0.0
2025-03-29 05:37:50.037767,0.0
2025-03-29 05:38:50.037767,0.0
2025-03-29 05:39:50.037767,0.0
2025-03-29 05:40:50.037767,0.0
2025-03-29 05:41:50.037767,0.0
2025-03-29 05:42:50.037767,0.0
2025-03-29 05:43:50.037767,0.0
2025-03-29 05:44:50.037767,0.0
2025-03-29 05:45:50.037767,0.0
2025-03-29 05:46:50.037767,0.0
2025-03-29 05:47:50.037767,0.0
2025-03-29 05:48:50.037767,0.0
2025-03-29 05:49:50.037767,0.0
2025-03-29 05:50:50.037767,0.0
2025-03-29 05:51:50.037767,0.0
2025-03-29 05:52:50.037767,0.0
2025-03-29 05:53:50.037767,0.0
2025-03-29 05:54:50.037767,0.0
2025-03-29 05:55:50.037767,0.0
2025-03-29 05:56:50.037767,0.0
2025-03-29 05:57:50.037767,0.0
2025-03-29 05:58:50.037767,0.0
2025-03-29 05:59:50.037767,0.0
2025-03-29 06:00:50.037767,0.0
2025-03-29 06:01:50.037767,0.0
2025-03-29 06:02:50.037767,0.0
2025-03-29 06:03:50.037767,0.0
2025-03-29 06:04:50.037767,0.0
2025-03-29 06:05:50.037767,0.0
2025-03-29 06:06:50.037767,0.0
2025-03-29 06:07:50.037767,0.0
2025-03-29 06:08:50.037767,0.0
2025-03-29 06:09:50.037767,0.0
2025-03-29 06:10:50.037767,0.0
2025-03-29 06:11:50.037767,0.0
2025-03-29 06:12:50.037767,0.0
2025-03-29 06:13:50.037767,0.0
2025-03-29 06:14:50.037767,0.0
2025-03-29 06:15:50.037767,0.0
2025-03-29 06:16:50.037767,0.0
2025-03-29 06:17:50.037767,0.0
2025-03-29 06:18:50.037767,0.0
2025-03-29 06:19:50.037767,0.0
2025-03-29 06:20:50.037767,0.0
2025-03-29 06:21:50.037767,0.0
2025-03-29 06:22:50.037767,0.0
2025-03-29 06:23:50.037767,0.0
2025-03-29 06:24:50.037767,0.0
2025-03-29 06:25:50.037767,0.0
2025-03-29 06:26:50.037767,0.0
2025-03-29 06:27:50.037767,0.0
2025-03-29 06:28:50.037767,0.0
2025-03-29 06:29:50.037767,0.0
2025-03-29 06:30:50.037767,0.0
2025-03-29 06:31:50.037767,0.0
2025-03-29 06:32:50.037767,0.0
2025-03-29 06:33:50.037767,0.0
2025-03-29 06:34:50.037767,0.0
2025-03-29 06:35:50.037767,0.0
2025-03-29 06:36:50.037767,0.0
2025-03-29 06:37:50.037767,0.0
2025-03-29 06:38:50.037767,0.0
2025-03-29 06:39:50.037767,0.0
2025-03-29 06:40:50.037767,0.0
2025-03-29 06:41:50.037767,0.0
2025-03-29 06:42:50.037767,0.0
2025-03-29 06:43:50.037767,0.0
2025-03-29 06:44:50.037767,0.0
2025-03-29 06:45:50.037767,0.0
2025-03-29 06:46:50.037767,0.0
2025-03-29 06:47:50.037767,0.0
2025-03-29 06:48:50.037767,0.0
2025-03-29 06:49:50.037767,0.0
2025-03-29 06:50:50.037767,0.0
2025-03-29 06:51:50.037767,0.0
2025-03-29 06:52:50.037767,0.0
2025-03-29 06:53:50.037767,0.0
2025-03-29 06:54:50.037767,0.0
2025-03-29 06:55:50.037767,0.0
2025-03-29 06:56:50.037767,0.0
2025-03-29 06:57:50.037767,0.0
2025-03-29 06:58:50.037767,0.0
2025-03-29 06:59:50.037767,0.0
2025-03-29 07:00:50.037767,0.0
2025-03-29 07:01:50.037767,0.0
2025-03-29 07:02:50.037767,0.0
2025-03-29 07:03:50.037767,0.0
2025-03-29 07:04:50.037767,0.0
2025-03-29 07:05:50.037767,0.0
2025-03-29 07:06:50.037767,0.0
2025-03-29 07:07:50.037767,0.0
2025-03-29 07:08:50.037767,0.0
2025-03-29 07:09:50.037767,0.0
2025-03-29 07:10:50.037767,0.0
2025-03-29 07:11:50.037767,0.0
2025-03-29 07:12:50.037767,0.0
2025-03-29 07:13:50.037767,0.0
2025-03-29 07:14:50.037767,0.0
2025-03-29 07:15:50.037767,0.0
2025-03-29 07:16:50.037767,0.0
2025-03-29 07:17:50.037767,0.0
2025-03-29 07:18:50.037767,0.0
2025-03-29 07:19:50.037767,0.0
2025-03-29 07:20:50.037767,0.0
2025-03-29 07:21:50.037767,0.0
2025-03-29 07:22:50.037767,0.0
2025-03-29 07:23:50.037767,0.0
2025-03-29 07:24:50.037767,0.0
2025-03-29 07:25:50.037767,0.0
2025-03-29 07:26:50.037767,0.0
2025-03-29 07:27:50.037767,0.0
2025-03-29 07:28:50.037767,0.0
2025-03-29 07:29:50.037767,0.0
2025-03-29 07:30:50.037767,0.0
2025-03-29 07:31:50.037767,0.0
2025-03-29 07:32:50.037767,0.0
2025-03-29 07:33:50.037767,0.0
2025-03-29 07:34:50.037767,0.0
2025-03-29 07:35:50.037767,0.0
2025-03-29 07:36:50.037767,0.0
2025-03-29 07:37:50.037767,0.0
2025-03-29 07:38:50.037767,0.0
2025-03-29 07:39:50.037767,0.0
2025-03-29 07:40:50.037767,0.0
2025-03-29 07:41:50.037767,0.0
2025-03-29 07:42:50.037767,0.0
2025-03-29 07:43:50.037767,0.0
2025-03-29 07:44:50.037767,0.0
2025-03-29 07:45:50.037767,0.0
2025-03-29 07:46:50.037767,0.0
2025-03-29 07:47:50.037767,0.0
2025-03-29 07:48:50.037767,0.0
2025-03-29 07:49:50.037767,0.0
2025-03-29 07:50:50.037767,0.0
2025-03-29 07:51:50.037767,0.0
2025-03-29 07:52:50.037767,0.0
2025-03-29 07:53:50.037767,0.0
2025-03-29 07:54:50.037767,0.0
2025-03-29 07:55:50.037767,0.0
2025-03-29 07:56:50.037767,0.0
2025-03-29 07:57:50.037767,0.0
2025-03-29 07:58:50.037767,0.0
2025-03-29 07:59:50.037767,0.0
2025-03-29 08:00:50.037767,0.0
2025-03-29 08:01:50.037767,0.0
2025-03-29 08:02:50.037767,0.0
2025-03-29 08:03:50.037767,0.0
2025-03-29 08:04:50.037767,0.0
2025-03-29 08:05:50.037767,0.0
2025-03-29 08:06:50.037767,0.0
2025-03-29 08:07:50.037767,0.0
2025-03-29 08:08:50.037767,0.0
2025-03-29 08:09:50.037767,0.0
2025-03-29 08:10:50.037767,0.0
2025-03-29 08:11:50.037767,0.0
2025-03-29 08:12:50.037767,0.0
2025-03-29 08:13:50.037767,0.0
2025-03-29 08:14:50.037767,0.0
2025-03-29 08:15:50.037767,0.0
2025-03-29 08:16:50.037767,0.0
2025-03-29 08:17:50.037767,0.0
2025-03-29 08:18:50.037767,0.0
2025-03-29 08:19:50.037767,0.0
2025-03-29 08:20:50.037767,0.0
2025-03-29 08:21:50.037767,0.0
2025-03-29 08:22:50.037767,0.0
2025-03-29 08:23:50.037767,0.0
2025-03-29 08:24:50.037767,0.0
2025-03-29 08:25:50.037767,0.0
2025-03-29 08:26:50.037767,0.0
2025-03-29 08:27:50.037767,0.0
2025-03-29 08:28:50.037767,0.0
2025-03-29 08:29:50.037767,0.0
2025-03-29 08:30:50.037767,0.0
2025-03-29 08:31:50.037767,0.0
2025-03-29 08:32:50.037767,0.0
2025-03-29 08:33:50.037767,0.0
2025-03-29 08:34:50.037767,0.0
2025-03-29 08:35:50.037767,0.0
2025-03-29 08:36:50.037767,0.0
2025-03-29 08:37:50.037767,0.0
2025-03-29 08:38:50.037767,0.0
2025-03-29 08:39:50.037767,0.0
2025-03-29 08:40:50.037767,0.0
2025-03-29 08:41:50.037767,0.0
2025-03-29 08:42:50.037767,0.0
2025-03-29 08:43:50.037767,0.0
2025-03-29 08:44:50.037767,0.0
2025-03-29 08:45:50.037767,0.0
2025-03-29 08:46:50.037767,0.0
2025-03-29 08:47:50.037767,0.0
2025-03-29 08:48:50.037767,0.0
2025-03-29 08:49:50.037767,0.0
2025-03-29 08:50:50.037767,0.0
2025-03-29 08:51:50.037767,0.0
2025-03-29 08:52:50.037767,0.0
2025-03-29 08:53:50.037767,0.0
2025-03-29 08:54:50.037767,0.0
2025-03-29 08:55:50.037767,0.0
2025-03-29 08:56:50.037767,0.0
2025-03-29 08:57:50.037767,0.0
2025-03-29 08:58:50.037767,0.0
2025-03-29 08:59:50.037767,0.0
2025-03-29 09:00:50.037767,0.0
2025-03-29 09:01:50.037767,0.0
2025-03-29 09:02:50.037767,0.0
2025-03-29 09:03:50.037767,0.0
2025-03-29 09:04:50.037767,0.0
2025-03-29 09:05:50.037767,0.0
2025-03-29 09:06:50.037767,0.0
2025-03-29 09:07:50.037767,0.0
2025-03-29 09:08:50.037767,0.0
2025-03-29 09:09:50.037767,0.0
2025-03-29 09:10:50.037767,0.0
2025-03-29 09:11:50.037767,0.0
2025-03-29 09:12:50.037767,0.0
2025-03-29 09:13:50.037767,0.0
2025-03-29 09:14:50.037767,0.0
2025-03-29 09:15:50.037767,0.0
2025-03-29 09:16:50.037767,0.0
2025-03-29 09:17:50.037767,0.0
2025-03-29 09:18:50.037767,0.0
2025-03-29 09:19:50.037767,0.0
2025-03-29 09:20:50.037767,0.0
2025-03-29 09:21:50.037767,0.0
2025-03-29 09:22:50.037767,0.0
2025-03-29 09:23:50.037767,0.0
2025-03-29 09:24:50.037767,0.0
2025-03-29 09:25:50.037767,0.0
2025-03-29 09:26:50.037767,0.0
2025-03-29 09:27:50.037767,0.0
2025-03-29 09:28:50.037767,0.0
2025-03-29 09:29:50.037767,0.0
2025-03-29 09:30:50.037767,0.0
2025-03-29 09:31:50.037767,0.0
2025-03-29 09:32:50.037767,0.0
2025-03-29 09:33:50.037767,0.0
2025-03-29 09:34:50.037767,0.0
2025-03-29 09:35:50.037767,0.0
2025-03-29 09:36:50.037767,0.0
2025-03-29 09:37:50.037767,0.0
2025-03-29 09:38:50.037767,0.0
2025-03-29 09:39:50.037767,0.0
2025-03-29 09:40:50.037767,0.0
2025-03-29 09:41:50.037767,0.0
2025-03-29 09:42:50.037767,0.0
2025-03-29 09:43:50.037767,0.0
2025-03-29 09:44:50.037767,0.0
2025-03-29 09:45:50.037767,0.0
2025-03-29 09:46:50.037767,0.0
2025-03-29 09:47:50.037767,0.0
2025-03-29 09:48:50.037767,0.0
2025-03-29 09:49:50.037767,0.0
2025-03-29 09:50:50.037767,0.0
2025-03-29 09:51:50.037767,0.0
2025-03-29 09:52:50.037767,0.0
2025-03-29 09:53:50.037767,0.0
2025-03-29 09:54:50.037767,0.0
2025-03-29 09:55:50.037767,0.0
2025-03-29 09:56:50.037767,0.0
2025-03-29 09:57:50.037767,0.0
2025-03-29 09:58:50.037767,0.0
2025-03-29 09:59:50.037767,0.0
2025-03-29 10:00:50.037767,0.0
2025-03-29 10:01:50.037767,0.0
2025-03-29 10:02:50.037767,0.0
2025-03-29 10:03:50.037767,0.0
2025-03-29 10:04:50.037767,0.0
2025-03-29 10:05:50.037767,0.0
2025-03-29 10:06:50.037767,0.0
2025-03-29 10:07:50.037767,0.0
2025-03-29 10:08:50.037767,0.0
2025-03-29 10:09:50.037767,0.0
2025-03-29 10:10:50.037767,0.0
2025-03-29 10:11:50.037767,0.0
2025-03-29 10:12:50.037767,0.0
2025-03-29 10:13:50.037767,0.0
2025-03-29 10:14:50.037767,0.0
2025-03-29 10:15:50.037767,0.0
2025-03-29 10:16:50.037767,0.0
2025-03-29 10:17:50.037767,0.0
2025-03-29 10:18:50.037767,0.0
2025-03-29 10:19:50.037767,0.0
2025-03-29 10:20:50.037767,0.0
2025-03-29 10:21:50.037767,0.0
2025-03-29 10:22:50.037767,0.0
2025-03-29 10:23:50.037767,0.0
2025-03-29 10:24:50.037767,0.0
2025-03-29 10:25:50.037767,0.0
2025-03-29 10:26:50.037767,0.0
2025-03-29 10:27:50.037767,0.0
2025-03-29 10:28:50.037767,0.0
2025-03-29 10:29:50.037767,0.0
2025-03-29 10:30:50.037767,0.0
2025-03-29 10:31:50.037767,0.0
2025-03-29 10:32:50.037767,0.0
2025-03-29 10:33:50.037767,0.0
2025-03-29 10:34:50.037767,0.0
2025-03-29 10:35:50.037767,0.0
2025-03-29 10:36:50.037767,0.0
2025-03-29 10:37:50.037767,0.0
2025-03-29 10:38:50.037767,0.0
2025-03-29 10:39:50.037767,0.0
2025-03-29 10:40:50.037767,0.0
2025-03-29 10:41:50.037767,0.0
2025-03-29 10:42:50.037767,0.0
2025-03-29 10:43:50.037767,0.0
2025-03-29 10:44:50.037767,0.0
2025-03-29 10:45:50.037767,0.0
2025-03-29 10:46:50.037767,0.0
2025-03-29 10:47:50.037767,0.0
2025-03-29 10:48:50.037767,0.0
2025-03-29 10:49:50.037767,0.0
2025-03-29 10:50:50.037767,0.0
2025-03-29 10:51:50.037767,0.0
2025-03-29 10:52:50.037767,0.0
2025-03-29 10:53:50.037767,0.0
2025-03-29 10:54:50.037767,0.0
2025-03-29 10:55:50.037767,0.0
2025-03-29 10:56:50.037767,0.0
2025-03-29 10:57:50.037767,0.0
2025-03-29 10:58:50.037767,0.0
2025-03-29 10:59:50.037767,0.0
2025-03-29 11:00:50.037767,0.0
2025-03-29 11:01:50.037767,0.0
2025-03-29 11:02:50.037767,0.0
2025-03-29 11:03:50.037767,0.0
2025-03-29 11:04:50.037767,0.0
2025-03-29 11:05:50.037767,0.0
2025-03-29 11:06:50.037767,0.0
2025-03-29 11:07:50.037767,0.0
2025-03-29 11:08:50.037767,0.0
2025-03-29 11:09:50.037767,0.0
2025-03-29 11:10:50.037767,0.0
2025-03-29 11:11:50.037767,0.0
2025-03-29 11:12:50.037767,0.0
2025-03-29 11:13:50.037767,0.0
2025-03-29 11:14:50.037767,0.0
2025-03-29 11:15:50.037767,0.0
2025-03-29 11:16:50.037767,0.0
2025-03-29 11:17:50.037767,0.0
2025-03-29 11:18:50.037767,0.0
2025-03-29 11:19:50.037767,0.0
2025-03-29 11:20:50.037767,0.0
2025-03-29 11:21:50.037767,0.0
2025-03-29 11:22:50.037767,0.0
2025-03-29 11:23:50.037767,0.0
2025-03-29 11:24:50.037767,0.0
2025-03-29 11:25:50.037767,0.0
2025-03-29 11:26:50.037767,0.0
2025-03-29 11:27:50.037767,0.0
2025-03-29 11:28:50.037767,0.0
2025-03-29 11:29:50.037767,0.0
2025-03-29 11:30:50.037767,0.0
2025-03-29 11:31:50.037767,0.0
2025-03-29 11:32:50.037767,0.0
2025-03-29 11:33:50.037767,0.0
2025-03-29 11:34:50.037767,0.0
2025-03-29 11:35:50.037767,0.0
2025-03-29 11:36:50.037767,0.0
2025-03-29 11:37:50.037767,0.0
2025-03-29 11:38:50.037767,0.0
2025-03-29 11:39:50.037767,0.0
2025-03-29 11:40:50.037767,0.0
2025-03-29 11:41:50.037767,0.0
2025-03-29 11:42:50.037767,0.0
2025-03-29 11:43:50.037767,0.0
2025-03-29 11:44:50.037767,0.0
2025-03-29 11:45:50.037767,0.0
2025-03-29 11:46:50.037767,0.0
2025-03-29 11:47:50.037767,0.0
2025-03-29 11:48:50.037767,0.0
2025-03-29 11:49:50.037767,0.0
2025-03-29 11:50:50.037767,0.0
2025-03-29 11:51:50.037767,0.0
2025-03-29 11:52:50.037767,0.0
2025-03-29 11:53:50.037767,0.0
2025-03-29 11:54:50.037767,0.0
2025-03-29 11:55:50.037767,0.0
2025-03-29 11:56:50.037767,0.0
2025-03-29 11:57:50.037767,0.0
2025-03-29 11:58:50.037767,0.0
2025-03-29 11:59:50.037767,0.0
2025-03-29 12:00:50.037767,0.0
2025-03-29 12:01:50.037767,0.0
2025-03-29 12:02:50.037767,0.0
2025-03-29 12:03:50.037767,0.0
2025-03-29 12:04:50.037767,0.0
2025-03-29 12:05:50.037767,0.0
2025-03-29 12:06:50.037767,0.0
2025-03-29 12:07:50.037767,0.0
2025-03-29 12:08:50.037767,0.0
2025-03-29 12:09:50.037767,0.0
2025-03-29 12:10:50.037767,0.0
2025-03-29 12:11:50.037767,0.0
2025-03-29 12:12:50.037767,0.0
2025-03-29 12:13:50.037767,0.0
2025-03-29 12:14:50.037767,0.0
2025-03-29 12:15:50.037767,0.0
2025-03-29 12:16:50.037767,0.0
2025-03-29 12:17:50.037767,0.0
2025-03-29 12:18:50.037767,0.0
2025-03-29 12:19:50.037767,0.0
2025-03-29 12:20:50.037767,0.0
2025-03-29 12:21:50.037767,0.0
2025-03-29 12:22:50.037767,0.0
2025-03-29 12:23:50.037767,0.0
2025-03-29 12:24:50.037767,0.0
2025-03-29 12:25:50.037767,0.0
2025-03-29 12:26:50.037767,0.0
2025-03-29 12:27:50.037767,0.0
2025-03-29 12:28:50.037767,0.0
2025-03-29 12:29:50.037767,0.0
2025-03-29 12:30:50.037767,0.0
2025-03-29 12:31:50.037767,0.0
2025-03-29 12:32:50.037767,0.0
2025-03-29 12:33:50.037767,0.0
2025-03-29 12:34:50.037767,0.0
2025-03-29 12:35:50.037767,0.0
2025-03-29 12:36:50.037767,0.0
2025-03-29 12:37:50.037767,0.0
2025-03-29 12:38:50.037767,0.0
2025-03-29 12:39:50.037767,0.0
2025-03-29 12:40:50.037767,0.0
2025-03-29 12:41:50.037767,0.0
2025-03-29 12:42:50.037767,0.0
2025-03-29 12:43:50.037767,0.0
2025-03-29 12:44:50.037767,0.0
2025-03-29 12:45:50.037767,0.0
2025-03-29 12:46:50.037767,0.0
2025-03-29 12:47:50.037767,0.0
2025-03-29 12:48:50.037767,0.0
2025-03-29 12:49:50.037767,0.0
2025-03-29 12:50:50.037767,0.0
2025-03-29 12:51:50.037767,0.0
2025-03-29 12:52:50.037767,0.0
2025-03-29 12:53:50.037767,0.0
2025-03-29 12:54:50.037767,0.0
2025-03-29 12:55:50.037767,0.0
2025-03-29 12:56:50.037767,0.0
2025-03-29 12:57:50.037767,0.0
2025-03-29 12:58:50.037767,0.0
2025-03-29 12:59:50.037767,0.0
2025-03-29 13:00:50.037767,0.0
2025-03-29 13:01:50.037767,0.0
2025-03-29 13:02:50.037767,0.0
2025-03-29 13:03:50.037767,0.0
2025-03-29 13:04:50.037767,0.0
2025-03-29 13:05:50.037767,0.0
2025-03-29 13:06:50.037767,0.0
2025-03-29 13:07:50.037767,0.0
2025-03-29 13:08:50.037767,0.0
2025-03-29 13:09:50.037767,0.0
2025-03-29 13:10:50.037767,0.0
2025-03-29 13:11:50.037767,0.0
2025-03-29 13:12:50.037767,0.0
2025-03-29 13:13:50.037767,0.0
2025-03-29 13:14:50.037767,0.0
2025-03-29 13:15:50.037767,0.0
2025-03-29 13:16:50.037767,0.0
2025-03-29 13:17:50.037767,0.0
2025-03-29 13:18:50.037767,0.0
2025-03-29 13:19:50.037767,0.0
2025-03-29 13:20:50.037767,0.0
2025-03-29 13:21:50.037767,0.0
2025-03-29 13:22:50.037767,0.0
2025-03-29 13:23:50.037767,0.0
2025-03-29 13:24:50.037767,0.0
2025-03-29 13:25:50.037767,0.0
2025-03-29 13:26:50.037767,0.0
2025-03-29 13:27:50.037767,0.0
2025-03-29 13:28:50.037767,0.0
2025-03-29 13:29:50.037767,0.0
2025-03-29 13:30:50.037767,0.0
2025-03-29 13:31:50.037767,0.0
2025-03-29 13:32:50.037767,0.0
2025-03-29 13:33:50.037767,0.0
2025-03-29 13:34:50.037767,0.0
2025-03-29 13:35:50.037767,0.0
2025-03-29 13:36:50.037767,0.0
2025-03-29 13:37:50.037767,0.0
2025-03-29 13:38:50.037767,0.0
2025-03-29 13:39:50.037767,0.0
2025-03-29 13:40:50.037767,0.0
2025-03-29 13:41:50.037767,0.0
2025-03-29 13:42:50.037767,0.0
2025-03-29 13:43:50.037767,0.0
2025-03-29 13:44:50.037767,0.0
2025-03-29 13:45:50.037767,0.0
2025-03-29 13:46:50.037767,0.0
2025-03-29 13:47:50.037767,0.0
2025-03-29 13:48:50.037767,0.0
2025-03-29 13:49:50.037767,0.0
2025-03-29 13:50:50.037767,0.0
2025-03-29 13:51:50.037767,0.0
2025-03-29 13:52:50.037767,0.0
2025-03-29 13:53:50.037767,0.0
2025-03-29 13:54:50.037767,0.0
2025-03-29 13:55:50.037767,0.0
2025-03-29 13:56:50.037767,0.0
2025-03-29 13:57:50.037767,0.0
2025-03-29 13:58:50.037767,0.0
2025-03-29 13:59:50.037767,0.0
2025-03-29 14:00:50.037767,0.0
2025-03-29 14:01:50.037767,0.0
2025-03-29 14:02:50.037767,0.0
2025-03-29 14:03:50.037767,0.0
2025-03-29 14:04:50.037767,0.0
2025-03-29 14:05:50.037767,0.0
2025-03-29 14:06:50.037767,0.0
2025-03-29 14:07:50.037767,0.0
2025-03-29 14:08:50.037767,0.0
2025-03-29 14:09:50.037767,0.0
2025-03-29 14:10:50.037767,0.0
2025-03-29 14:11:50.037767,0.0
2025-03-29 14:12:50.037767,0.0
2025-03-29 14:13:50.037767,0.0
2025-03-29 14:14:50.037767,0.0
2025-03-29 14:15:50.037767,0.0
2025-03-29 14:16:50.037767,0.0
2025-03-29 14:17:50.037767,0.0
2025-03-29 14:18:50.037767,0.0
2025-03-29 14:19:50.037767,0.0
2025-03-29 14:20:50.037767,0.0
2025-03-29 14:21:50.037767,0.0
2025-03-29 14:22:50.037767,0.0
2025-03-29 14:23:50.037767,0.0
2025-03-29 14:24:50.037767,0.0
2025-03-29 14:25:50.037767,0.0
2025-03-29 14:26:50.037767,0.0
2025-03-29 14:27:50.037767,0.0
2025-03-29 14:28:50.037767,0.0
2025-03-29 14:29:50.037767,0.0
2025-03-29 14:30:50.037767,0.0
2025-03-29 14:31:50.037767,0.0
2025-03-29 14:32:50.037767,0.0
2025-03-29 14:33:50.037767,0.0
2025-03-29 14:34:50.037767,0.0
2025-03-29 14:35:50.037767,0.0
2025-03-29 14:36:50.037767,0.0
2025-03-29 14:37:50.037767,0.0
2025-03-29 14:38:50.037767,0.0
2025-03-29 14:39:50.037767,0.0
2025-03-29 14:40:50.037767,0.0
2025-03-29 14:41:50.037767,0.0
2025-03-29 14:42:50.037767,0.0
2025-03-29 14:43:50.037767,0.0
2025-03-29 14:44:50.037767,0.0
2025-03-29 14:45:50.037767,0.0
2025-03-29 14:46:50.037767,0.0
2025-03-29 14:47:50.037767,0.0
2025-03-29 14:48:50.037767,0.0
2025-03-29 14:49:50.037767,0.0
2025-03-29 14:50:50.037767,0.0
2025-03-29 14:51:50.037767,0.0
2025-03-29 14:52:50.037767,0.0
2025-03-29 14:53:50.037767,0.0
2025-03-29 14:54:50.037767,0.0
2025-03-29 14:55:50.037767,0.0
2025-03-29 14:56:50.037767,0.0
2025-03-29 14:57:50.037767,0.0
2025-03-29 14:58:50.037767,0.0
2025-03-29 14:59:50.037767,0.0
2025-03-29 15:00:50.037767,0.0
2025-03-29 15:01:50.037767,0.0
2025-03-29 15:02:50.037767,0.0
2025-03-29 15:03:50.037767,0.0
2025-03-29 15:04:50.037767,0.0
2025-03-29 15:05:50.037767,0.0
2025-03-29 15:06:50.037767,0.0
2025-03-29 15:07:50.037767,0.0
2025-03-29 15:08:50.037767,0.0
2025-03-29 15:09:50.037767,0.0
2025-03-29 15:10:50.037767,0.0
2025-03-29 15:11:50.037767,0.0
2025-03-29 15:12:50.037767,0.0
2025-03-29 15:13:50.037767,0.0
2025-03-29 15:14:50.037767,0.0
2025-03-29 15:15:50.037767,0.0
2025-03-29 15:16:50.037767,0.0
2025-03-29 15:17:50.037767,0.0
2025-03-29 15:18:50.037767,0.0
2025-03-29 15:19:50.037767,0.0
2025-03-29 15:20:50.037767,0.0
2025-03-29 15:21:50.037767,0.0
2025-03-29 15:22:50.037767,0.0
2025-03-29 15:23:50.037767,0.0
2025-03-29 15:24:50.037767,0.0
2025-03-29 15:25:50.037767,0.0
2025-03-29 15:26:50.037767,0.0
2025-03-29 15:27:50.037767,0.0
2025-03-29 15:28:50.037767,0.0
2025-03-29 15:29:50.037767,0.0
2025-03-29 15:30:50.037767,0.0
2025-03-29 15:31:50.037767,0.0
2025-03-29 15:32:50.037767,0.0
2025-03-29 15:33:50.037767,0.0
2025-03-29 15:34:50.037767,0.0
2025-03-29 15:35:50.037767,0.0
2025-03-29 15:36:50.037767,0.0
2025-03-29 15:37:50.037767,0.0
2025-03-29 15:38:50.037767,0.0
2025-03-29 15:39:50.037767,0.0
2025-03-29 15:40:50.037767,0.0
2025-03-29 15:41:50.037767,0.0
2025-03-29 15:42:50.037767,0.0
2025-03-29 15:43:50.037767,0.0
2025-03-29 15:44:50.037767,0.0
2025-03-29 15:45:50.037767,0.0
2025-03-29 15:46:50.037767,0.0
2025-03-29 15:47:50.037767,0.0
2025-03-29 15:48:50.037767,0.0
2025-03-29 15:49:50.037767,0.0
2025-03-29 15:50:50.037767,0.0
2025-03-29 15:51:50.037767,0.0
2025-03-29 15:52:50.037767,0.0
2025-03-29 15:53:50.037767,0.0
2025-03-29 15:54:50.037767,0.0
2025-03-29 15:55:50.037767,0.0
2025-03-29 15:56:50.037767,0.0
2025-03-29 15:57:50.037767,0.0
2025-03-29 15:58:50.037767,0.0
2025-03-29 15:59:50.037767,0.0
2025-03-29 16:00:50.037767,0.0
2025-03-29 16:01:50.037767,0.0
2025-03-29 16:02:50.037767,0.0
2025-03-29 16:03:50.037767,0.0
2025-03-29 16:04:50.037767,0.0
2025-03-29 16:05:50.037767,0.0
2025-03-29 16:06:50.037767,0.0
2025-03-29 16:07:50.037767,0.0
2025-03-29 16:08:50.037767,0.0
2025-03-29 16:09:50.037767,0.0
2025-03-29 16:10:50.037767,0.0
2025-03-29 16:11:50.037767,0.0
2025-03-29 16:12:50.037767,0.0
2025-03-29 16:13:50.037767,0.0
2025-03-29 16:14:50.037767,0.0
2025-03-29 16:15:50.037767,0.0
2025-03-29 16:16:50.037767,0.0
2025-03-29 16:17:50.037767,0.0
2025-03-29 16:18:50.037767,0.0
2025-03-29 16:19:50.037767,0.0
2025-03-29 16:20:50.037767,0.0
2025-03-29 16:21:50.037767,0.0
2025-03-29 16:22:50.037767,0.0
2025-03-29 16:23:50.037767,0.0
2025-03-29 16:24:50.037767,0.0
2025-03-29 16:25:50.037767,0.0
2025-03-29 16:26:50.037767,0.0
2025-03-29 16:27:50.037767,0.0
2025-03-29 16:28:50.037767,0.0
2025-03-29 16:29:50.037767,0.0
2025-03-29 16:30:50.037767,0.0
2025-03-29 16:31:50.037767,0.0
2025-03-29 16:32:50.037767,0.0
2025-03-29 16:33:50.037767,0.0
2025-03-29 16:34:50.037767,0.0
2025-03-29 16:35:50.037767,0.0
2025-03-29 16:36:50.037767,0.0
2025-03-29 16:37:50.037767,0.0
2025-03-29 16:38:50.037767,0.0
2025-03-29 16:39:50.037767,0.0
2025-03-29 16:40:50.037767,0.0
2025-03-29 16:41:50.037767,0.0
2025-03-29 16:42:50.037767,0.0
2025-03-29 16:43:50.037767,0.0
2025-03-29 16:44:50.037767,0.0
2025-03-29 16:45:50.037767,0.0
2025-03-29 16:46:50.037767,0.0
2025-03-29 16:47:50.037767,0.0
2025-03-29 16:48:50.037767,0.0
2025-03-29 16:49:50.037767,0.0
2025-03-29 16:50:50.037767,0.0
2025-03-29 16:51:50.037767,0.0
2025-03-29 16:52:50.037767,1.5271582496611726
2025-03-29 16:53:50.037767,6.584421441775744
2025-03-29 16:54:50.037767,4.581358449970858
2025-03-29 16:55:50.037767,11.658940100163969
2025-03-29 16:56:50.037767,7.635209762095885
2025-03-29 16:57:50.037767,22.776762288599834
2025-03-29 16:58:50.037767,10.688479623437853
2025-03-29 16:59:50.037767,18.29708568932525
2025-03-29 17:00:50.037767,13.740935515674368
2025-03-29 17:01:50.037767,15.26678557786693
2025-03-29 17:02:50.037767,16.792344982469924
2025-03-29 17:03:50.037767,18.3175846850301
2025-03-29 17:04:50.037767,19.842475647182102
2025-03-29 17:05:50.037767,21.366988837200097
2025-03-29 17:06:50.037767,22.891095230550476
2025-03-29 17:07:50.037767,39.483489204320605
2025-03-29 17:08:50.037767,63.575807968216196
2025-03-29 17:09:50.037767,37.915647919084535
2025-03-29 17:10:50.037767,8.694861788781465
2025-03-29 17:11:50.037767,9.151352988504179
2025-03-29 17:12:50.037767,33.325293913956806
2025-03-29 17:13:50.037767,33.546013382077824
2025-03-29 17:14:50.037767,35.06582156422635
2025-03-29 17:15:50.037767,79.24094198347862
2025-03-29 17:16:50.037767,38.10340619818768
2025-03-29 17:17:50.037767,39.62112481876765
2025-03-29 17:18:50.037767,41.13808911024244
2025-03-29 17:19:50.037767,42.6542701918011
2025-03-29 17:20:50.037767,44.169639197540114
2025-03-29 17:21:50.037767,70.10391634894764
2025-03-29 17:22:50.037767,47.19782559580318
2025-03-29 17:23:50.037767,48.71058533602325
2025-03-29 17:24:50.037767,77.45521472829378
2025-03-29 17:25:50.037767,51.733293895363246
2025-03-29 17:26:50.037767,53.2431851664706
2025-03-29 17:27:50.037767,54.75206276408077
2025-03-29 17:28:50.037767,100.04053969978797
2025-03-29 17:29:50.037767,57.76666205123757
2025-03-29 17:30:50.037767,59.27232634715799
2025-03-29 17:31:50.037767,60.776862183425216
2025-03-29 17:32:50.037767,65.57668027077789
2025-03-29 17:33:50.037767,63.78243392225162
2025-03-29 17:34:50.037767,65.28341260305736
2025-03-29 17:35:50.037767,66.78314838179112
2025-03-29 17:36:50.037767,68.2816127056443
2025-03-29 17:37:50.037767,69.77877704601865
2025-03-29 17:38:50.037767,132.0893754762962
2025-03-29 17:39:50.037767,218.30727535864753
2025-03-29 17:40:50.037767,74.26218525475646
2025-03-29 17:41:50.037767,83.32881546814652
2025-03-29 17:42:50.037767,77.24410225752487
2025-03-29 17:43:50.037767,78.73286902035244
2025-03-29 17:44:50.037767,80.22013682284486
2025-03-29 17:45:50.037767,81.705877349567
2025-03-29 17:46:50.037767,83.1900623141609
2025-03-29 17:47:50.037767,84.67266345988303
2025-03-29 17:48:50.037767,208.17742712461188
2025-03-29 17:49:50.037767,114.6597908840547
2025-03-29 17:50:50.037767,89.11068187193462
2025-03-29 17:51:50.037767,90.58666578588243
2025-03-29 17:52:50.037767,163.1154800629419
2025-03-29 17:53:50.037767,93.53343162738929
2025-03-29 17:54:50.037767,95.00415745277557
2025-03-29 17:55:50.037767,96.47307453594951
2025-03-29 17:56:50.037767,97.94015491084721
2025-03-29 17:57:50.037767,99.40537064637313
2025-03-29 17:58:50.037767,100.86869384693168
2025-03-29 17:59:50.037767,138.1188773282063
2025-03-29 18:00:50.037767,103.78955124144946
2025-03-29 18:01:50.037767,105.24702982649544
2025-03-29 18:02:50.037767,106.70250465980384
2025-03-29 18:03:50.037767,108.15594803123186
2025-03-29 18:04:50.037767,109.60733226931163
2025-03-29 18:05:50.037767,111.05662974178173
2025-03-29 18:06:50.037767,189.30078103296873
2025-03-29 18:07:50.037767,113.94885406000472
2025-03-29 18:08:50.037767,115.39172584197564
2025-03-29 18:09:50.037767,148.68768543869652
2025-03-29 18:10:50.037767,123.75472284817604
2025-03-29 18:11:50.037767,119.7070501639836
2025-03-29 18:12:50.037767,121.14096997712227
2025-03-29 18:13:50.037767,188.86853332721228
2025-03-29 18:14:50.037767,124.00186329920068
2025-03-29 18:15:50.037767,125.42878234085545
2025-03-29 18:16:50.037767,280.8506291787964
2025-03-29 18:17:50.037767,169.06717096903628
2025-03-29 18:18:50.037767,129.6951031284425
2025-03-29 18:19:50.037767,241.63940783884948
2025-03-29 18:20:50.037767,132.52701607335175
2025-03-29 18:21:50.037767,226.6837336056779
2025-03-29 18:22:50.037767,135.34883657288665
2025-03-29 18:23:50.037767,136.75589497124545
2025-03-29 18:24:50.037767,182.35043804294958
2025-03-29 18:25:50.037767,255.69825053708968
2025-03-29 18:26:50.037767,244.147398827491
2025-03-29 18:27:50.037767,142.35782507652937
2025-03-29 18:28:50.037767,143.75159841471654
2025-03-29 18:29:50.037767,145.14263492968334
2025-03-29 18:30:50.037767,146.5309081380997
2025-03-29 18:31:50.037767,219.28516101710312
2025-03-29 18:32:50.037767,149.29905896551068
2025-03-29 18:33:50.037767,150.67888388290265
2025-03-29 18:34:50.037767,152.05584009154552
2025-03-29 18:35:50.037767,325.8195333786805
2025-03-29 18:36:50.037767,154.8010415766504
2025-03-29 18:37:50.037767,156.1692345884332
2025-03-29 18:38:50.037767,296.7192543051534
2025-03-29 18:39:50.037767,158.8966749088408
2025-03-29 18:40:50.037767,251.26257369461774
2025-03-29 18:41:50.037767,161.61201463226166
2025-03-29 18:42:50.037767,162.96508211378895
2025-03-29 18:43:50.037767,164.31504697506193
2025-03-29 18:44:50.037767,165.66188351469555
2025-03-29 18:45:50.037767,167.0055660908624
2025-03-29 18:46:50.037767,168.34606912178532
2025-03-29 18:47:50.037767,169.6833670862178
2025-03-29 18:48:50.037767,237.05216269367898
2025-03-29 18:49:50.037767,172.3482460362137
2025-03-29 18:50:50.037767,198.83488377978483
2025-03-29 18:51:50.037767,218.64709752144034
2025-03-29 18:52:50.037767,176.32089196593387
2025-03-29 18:53:50.037767,212.2548292805132
2025-03-29 18:54:50.037767,178.95258012696826
2025-03-29 18:55:50.037767,180.2633262185192
2025-03-29 18:56:50.037767,181.57064035618185
2025-03-29 18:57:50.037767,182.87449765058167
2025-03-29 18:58:50.037767,184.17487327815408
2025-03-29 18:59:50.037767,185.47174248162165
2025-03-29 19:00:50.037767,186.7650805704641
2025-03-29 19:01:50.037767,188.05486292138863
2025-03-29 19:02:50.037767,189.34106497879733
2025-03-29 19:03:50.037767,190.6236622552591
2025-03-29 19:04:50.037767,191.90263033196962
2025-03-29 19:05:50.037767,193.17794485922036
2025-03-29 19:06:50.037767,194.44958155686095
2025-03-29 19:07:50.037767,195.71751621476173
2025-03-29 19:08:50.037767,196.98172469327346
2025-03-29 19:09:50.037767,198.24218292369116
2025-03-29 19:10:50.037767,199.4988669087059
2025-03-29 19:11:50.037767,485.0641065360343
2025-03-29 19:12:50.037767,202.00081651303196
2025-03-29 19:13:50.037767,203.24603449882932
2025-03-29 19:14:50.037767,204.48738297310157
2025-03-29 19:15:50.037767,276.77231744155154
2025-03-29 19:16:50.037767,267.5448787723096
2025-03-29 19:17:50.037767,208.18797536296952
2025-03-29 19:18:50.037767,456.741941312036
2025-03-29 19:19:50.037767,210.6352581032163
2025-03-29 19:20:50.037767,211.85289581501263
2025-03-29 19:21:50.037767,213.06650015305198
2025-03-29 19:22:50.037767,214.27604801205715
2025-03-29 19:23:50.037767,215.4815163639805
2025-03-29 19:24:50.037767,216.68288225844216
2025-03-29 19:25:50.037767,380.274136982399
2025-03-29 19:26:50.037767,219.0732152644203
2025-03-29 19:27:50.037767,220.26213686744293
2025-03-29 19:28:50.037767,221.4468649968806
2025-03-29 19:29:50.037767,222.62737709721753
2025-03-29 19:30:50.037767,223.80365069320496
2025-03-29 19:31:50.037767,229.03992661408938
2025-03-29 19:32:50.037767,226.14339287503702
2025-03-29 19:33:50.037767,227.30681691556413
2025-03-29 19:34:50.037767,257.18964307869516
2025-03-29 19:35:50.037767,264.1847194949337
2025-03-29 19:36:50.037767,230.77103528502442
2025-03-29 19:37:50.037767,231.91701687550767
2025-03-29 19:38:50.037767,233.05858310029174
2025-03-29 19:39:50.037767,234.19571222560026
2025-03-29 19:40:50.037767,535.3638657912992
2025-03-29 19:41:50.037767,283.9215372673363
2025-03-29 19:42:50.037767,301.4430580594625
2025-03-29 19:43:50.037767,238.69942602187405
2025-03-29 19:44:50.037767,239.81404661422548
2025-03-29 19:45:50.037767,413.182799308489
2025-03-29 19:46:50.037767,242.02956952379435
2025-03-29 19:47:50.037767,243.1304296606493
2025-03-29 19:48:50.037767,244.22666094458756
2025-03-29 19:49:50.037767,245.31824250494745
2025-03-29 19:50:50.037767,461.3440934002273
2025-03-29 19:51:50.037767,247.4873734152916
2025-03-29 19:52:50.037767,384.8978586225403
2025-03-29 19:53:50.037767,270.00428245004395
2025-03-29 19:54:50.037767,250.70568019862856
2025-03-29 19:55:50.037767,251.76893011852758
2025-03-29 19:56:50.037767,252.82738672091432
2025-03-29 19:57:50.037767,253.88102985430066
2025-03-29 19:58:50.037767,254.92983945884023
2025-03-29 19:59:50.037767,255.97379556670995
2025-03-29 20:00:50.037767,257.0128783024895
2025-03-29 20:01:50.037767,258.04706788354315
2025-03-29 20:02:50.037767,318.53789107660253
2025-03-29 20:03:50.037767,260.100688917088
2025-03-29 20:04:50.037767,412.4876586602878
2025-03-29 20:05:50.037767,262.1345022761503
2025-03-29 20:06:50.037767,263.1439326176417
2025-03-29 20:07:50.037767,264.14835307796994
2025-03-29 20:08:50.037767,265.14774453441726
2025-03-29 20:09:50.037767,266.1420879600109
2025-03-29 20:10:50.037767,267.1313644238853
2025-03-29 20:11:50.037767,268.11555509164185
2025-03-29 20:12:50.037767,468.58278280997484
2025-03-29 20:13:50.037767,270.06860418570176
2025-03-29 20:14:50.037767,271.0374254287649
2025-03-29 20:15:50.037767,272.00108650993985
2025-03-29 20:16:50.037767,272.95956908250884
2025-03-29 20:17:50.037767,273.91285489834445
2025-03-29 20:18:50.037767,274.86092580826045
2025-03-29 20:19:50.037767,275.80376376235256
2025-03-29 20:20:50.037767,276.7413508103451
2025-03-29 20:21:50.037767,277.67366910193243
2025-03-29 20:22:50.037767,297.4618762454293
2025-03-29 20:23:50.037767,279.5224285165521
2025-03-29 20:24:50.037767,280.43883444187094
2025-03-29 20:25:50.037767,281.34990121602596
2025-03-29 20:26:50.037767,425.10146536512053
2025-03-29 20:27:50.037767,283.15594803123173
2025-03-29 20:28:50.037767,284.05089368775384
2025-03-29 20:29:50.037767,332.0123822842426
2025-03-29 20:30:50.037767,354.61790905175843
2025-03-29 20:31:50.037767,286.70321550114704
2025-03-29 20:32:50.037767,287.57642827975735
2025-03-29 20:33:50.037767,288.44416601770564
2025-03-29 20:34:50.037767,867.9192365835469
2025-03-29 20:35:50.037767,354.44159885162463
2025-03-29 20:36:50.037767,356.5468616532484
2025-03-29 20:37:50.037767,291.8600377235088
2025-03-29 20:38:50.037767,292.7001545467159
2025-03-29 20:39:50.037767,293.5346987808986
2025-03-29 20:40:50.037767,294.363654537537
2025-03-29 20:41:50.037767,295.18700603450975
2025-03-29 20:42:50.037767,296.0047375963905
2025-03-29 20:43:50.037767,296.8168336547491
2025-03-29 20:44:50.037767,297.6232787484471
2025-03-29 20:45:50.037767,298.42405752393245
2025-03-29 20:46:50.037767,299.21915473553094
2025-03-29 20:47:50.037767,300.00855524573905
2025-03-29 20:48:50.037767,300.79224402550835
2025-03-29 20:49:50.037767,301.570206154534
2025-03-29 20:50:50.037767,302.3424268215386
2025-03-29 20:51:50.037767,303.10889132455316
2025-03-29 20:52:50.037767,303.8695850711995
2025-03-29 20:53:50.037767,317.15763304714426
2025-03-29 20:54:50.037767,305.3736024754789
2025-03-29 20:55:50.037767,306.11689749878855
2025-03-29 20:56:50.037767,306.85436449762784
2025-03-29 20:57:50.037767,307.58598943168755
2025-03-29 20:58:50.037767,308.3117583718847
2025-03-29 20:59:50.037767,316.3634474486289
2025-03-29 21:00:50.037767,309.7456731120646
2025-03-29 21:01:50.037767,542.8050034368125
2025-03-29 21:02:50.037767,311.15599952000787
2025-03-29 21:03:50.037767,311.8522834659284
2025-03-29 21:04:50.037767,312.54263019389776
2025-03-29 21:05:50.037767,374.7429106649018
2025-03-29 21:06:50.037767,313.9054595364409
2025-03-29 21:07:50.037767,314.5779162047085
2025-03-29 21:08:50.037767,433.55332659932503
2025-03-29 21:09:50.037767,315.9048495224509
2025-03-29 21:10:50.037767,316.5593009090286
2025-03-29 21:11:50.037767,317.2077254628274
2025-03-29 21:12:50.037767,537.4830994064105
2025-03-29 21:13:50.037767,318.4864448067902
2025-03-29 21:14:50.037767,319.11671525198113
2025-03-29 21:15:50.037767,450.15302069213107
2025-03-29 21:16:50.037767,320.35901769180634
2025-03-29 21:17:50.037767,707.1726295734376
2025-03-29 21:18:50.037767,321.5769235521144
2025-03-29 21:19:50.037767,322.17669870835425
2025-03-29 21:20:50.037767,322.77034008465785
2025-03-29 21:21:50.037767,323.35783637895014
2025-03-29 21:22:50.037767,323.93917640614814
2025-03-29 21:23:50.037767,324.5143490983756
2025-03-29 21:24:50.037767,325.0833435051735
2025-03-29 21:25:50.037767,555.839474285597
2025-03-29 21:26:50.037767,494.1163240318377
2025-03-29 21:27:50.037767,326.7531492740204
2025-03-29 21:28:50.037767,533.8876598456179
2025-03-29 21:29:50.037767,327.83526623693916
2025-03-29 21:30:50.037767,388.8775147618663
2025-03-29 21:31:50.037767,606.5491630560272
2025-03-29 21:32:50.037767,329.41160533972953
2025-03-29 21:33:50.037767,430.64604015953955
2025-03-29 21:34:50.037767,330.4311571374744
2025-03-29 21:35:50.037767,330.93150145976085
2025-03-29 21:36:50.037767,331.42554532328705
2025-03-29 21:37:50.037767,331.9132793221699
2025-03-29 21:38:50.037767,332.39469417065675
2025-03-29 21:39:50.037767,332.86978070330366
2025-03-29 21:40:50.037767,382.89675622519337
2025-03-29 21:41:50.037767,333.8009327618794
2025-03-29 21:42:50.037767,334.2569805600154
2025-03-29 21:43:50.037767,334.70666458706216
2025-03-29 21:44:50.037767,404.1128210857512
2025-03-29 21:45:50.037767,187.78153812534106
2025-03-29 21:46:50.037767,508.5926994481906
2025-03-29 21:47:50.037767,371.74923283166885
2025-03-29 21:48:50.037767,336.8593327587766
2025-03-29 21:49:50.037767,337.2706586230179
2025-03-29 21:50:50.037767,337.6755633400844
2025-03-29 21:51:50.037767,338.0740392011738
2025-03-29 21:52:50.037767,338.46607861988
2025-03-29 21:53:50.037767,880.3535893483167
2025-03-29 21:54:50.037767,737.7082154458758
2025-03-29 21:55:50.037767,339.6035041965986
2025-03-29 21:56:50.037767,339.96972443464136
2025-03-29 21:57:50.037767,356.45054825567195
2025-03-29 21:58:50.037767,421.087609153465
2025-03-29 21:59:50.037767,341.0295226748323
2025-03-29 22:00:50.037767,707.980819583003
2025-03-29 22:01:50.037767,341.70360249197654
2025-03-29 22:02:50.037767,362.68619083699076
2025-03-29 22:03:50.037767,342.35166025683196
2025-03-29 22:04:50.037767,342.66591536960436
2025-03-29 22:05:50.037767,779.0495167407789
2025-03-29 22:06:50.037767,343.27484814113046
2025-03-29 22:07:50.037767,657.2107018710088
2025-03-29 22:08:50.037767,343.85763920392833
2025-03-29 22:09:50.037767,463.18164533213536
2025-03-29 22:10:50.037767,344.4142441762018
2025-03-29 22:11:50.037767,344.6827135542729
2025-03-29 22:12:50.037767,462.47178530561655
2025-03-29 22:13:50.037767,354.89274614677197
2025-03-29 22:14:50.037767,565.0873377417108
2025-03-29 22:15:50.037767,345.69091920829817
2025-03-29 22:16:50.037767,383.19207910356533
2025-03-29 22:17:50.037767,346.15555217667094
2025-03-29 22:18:50.037767,346.37798538688446
2025-03-29 22:19:50.037767,346.59382405954955
2025-03-29 22:20:50.037767,346.8030640854087
2025-03-29 22:21:50.037767,347.0057014808336
2025-03-29 22:22:50.037767,593.6480134923034
2025-03-29 22:23:50.037767,347.39115307446275
2025-03-29 22:24:50.037767,347.57395993422415
2025-03-29 22:25:50.037767,397.951467407943
2025-03-29 22:26:50.037767,347.9197183778118
2025-03-29 22:27:50.037767,348.08266337889563
2025-03-29 22:28:50.037767,348.23898138781914
2025-03-29 22:29:50.037767,348.3886694285125
2025-03-29 22:30:50.037767,348.5317246511315
2025-03-29 22:31:50.037767,348.6681443321109
2025-03-29 22:32:50.037767,348.7979258742165
2025-03-29 22:33:50.037767,348.9210668065948
2025-03-29 22:34:50.037767,349.03756478481995
2025-03-29 22:35:50.037767,349.1474175909384
2025-03-29 22:36:50.037767,488.93767649078626
2025-03-29 22:37:50.037767,349.34717944765345
2025-03-29 22:38:50.037767,349.4370846950721
2025-03-29 22:39:50.037767,349.52033716410085
2025-03-29 22:40:50.037767,764.6976109053595
2025-03-29 22:41:50.037767,547.4562515381642
2025-03-29 22:42:50.037767,406.4578289500388
2025-03-29 22:43:50.037767,466.1033646247238
2025-03-29 22:44:50.037767,349.8367567928495
2025-03-29 22:45:50.037767,349.88006374144504
2025-03-29 22:46:50.037767,349.91670947796814
2025-03-29 22:47:50.037767,349.94669330473687
2025-03-29 22:48:50.037767,349.97001465090244
2025-03-29 22:49:50.037767,473.1237171356506
2025-03-29 22:50:50.037767,426.8197598280685
2025-03-29 22:51:50.037767,350.0
2025-03-29 22:52:50.037767,587.8563957587639
2025-03-29 22:53:50.037767,349.98667307245995
2025-03-29 22:54:50.037767,677.5721277761166
2025-03-29 22:55:50.037767,895.9871665357351
2025-03-29 22:56:50.037767,349.91670947796814
2025-03-29 22:57:50.037767,349.88006374144504
2025-03-29 22:58:50.037767,349.83675679284954
2025-03-29 22:59:50.037767,349.7867894566835
2025-03-29 23:00:50.037767,349.73016268425306
2025-03-29 23:01:50.037767,349.66687755365024
2025-03-29 23:02:50.037767,349.59693526973274
2025-03-29 23:03:50.037767,349.5203371641008
2025-03-29 23:04:50.037767,349.43708469507214
2025-03-29 23:05:50.037767,349.34717944765345
2025-03-29 23:06:50.037767,349.2506231335112
2025-03-29 23:07:50.037767,349.1474175909384
2025-03-29 23:08:50.037767,451.7632021411031
2025-03-29 23:09:50.037767,348.92106680659475
2025-03-29 23:10:50.037767,454.8235834927612
2025-03-29 23:11:50.037767,655.0114799911573
2025-03-29 23:12:50.037767,348.5317246511316
2025-03-29 23:13:50.037767,348.38866942851257
2025-03-29 23:14:50.037767,348.2389813878191
2025-03-29 23:15:50.037767,348.0826633788956
2025-03-29 23:16:50.037767,347.9197183778119
2025-03-29 23:17:50.037767,347.7501494868056
2025-03-29 23:18:50.037767,394.16811936526796
2025-03-29 23:19:50.037767,347.3911530744627
2025-03-29 23:20:50.037767,449.0311960003802
2025-03-29 23:21:50.037767,347.0057014808337
2025-03-29 23:22:50.037767,346.80306408540883
2025-03-29 23:23:50.037767,346.59382405954966
2025-03-29 23:24:50.037767,346.3779853868846
2025-03-29 23:25:50.037767,346.1555521766709
2025-03-29 23:26:50.037767,345.92652866371617
2025-03-29 23:27:50.037767,646.7218527747625
2025-03-29 23:28:50.037767,578.3416328174056
2025-03-29 23:29:50.037767,345.19996053803106
2025-03-29 23:30:50.037767,344.9446206703272
2025-03-29 23:31:50.037767,344.68271355427277
2025-03-29 23:32:50.037767,344.4142441762017
2025-03-29 23:33:50.037767,344.1392176473842
2025-03-29 23:34:50.037767,378.4156492424424
2025-03-29 23:35:50.037767,343.5695142066824
2025-03-29 23:36:50.037767,343.27484814113063
2025-03-29 23:37:50.037767,342.9736466172903
2025-03-29 23:38:50.037767,342.66591536960425
2025-03-29 23:39:50.037767,711.1578669701414
2025-03-29 23:40:50.037767,342.03088726193766
2025-03-29 23:41:50.037767,341.70360249197665
2025-03-29 23:42:50.037767,341.3698121779794
2025-03-29 23:43:50.037767,341.0295226748322
2025-03-29 23:44:50.037767,404.0533378266845
2025-03-29 23:45:50.037767,464.58112455063684
2025-03-29 23:46:50.037767,339.9697244346416
2025-03-29 23:47:50.037767,339.6035041965988
2025-03-29 23:48:50.037767,339.230818397364
2025-03-29 23:49:50.037767,338.8516741323376
2025-03-29 23:50:50.037767,430.88503741085816
2025-03-29 23:51:50.037767,338.074039201174
2025-03-29 23:52:50.037767,337.6755633400846
2025-03-29 23:53:50.037767,337.27065862301805
2025-03-29 23:54:50.037767,336.8593327587765
2025-03-29 23:55:50.037767,336.44159357841147
2025-03-29 23:56:50.037767,667.4915920697111
2025-03-29 23:57:50.037767,498.55792904488584
2025-03-29 23:58:50.037767,335.1499762816851
2025-03-29 23:59:50.037767,639.8569119351359
2025-03-30 00:00:50.037767,334.2569805600152
2025-03-30 00:01:50.037767,430.8800765752499
2025-03-30 00:02:50.037767,333.33852987514763
2025-03-30 00:03:50.037767,332.86978070330383
2025-03-30 00:04:50.037767,332.394694170657
2025-03-30 00:05:50.037767,331.9132793221697
2025-03-30 00:06:50.037767,331.4255453232868
2025-03-30 00:07:50.037767,330.93150145976114
2025-03-30 00:08:50.037767,330.4311571374746
2025-03-30 00:09:50.037767,329.9245218822625
2025-03-30 00:10:50.037767,329.41160533972976
2025-03-30 00:11:50.037767,328.8924172750679
2025-03-30 00:12:50.037767,328.3669675728693
2025-03-30 00:13:50.037767,327.83526623693945
2025-03-30 00:14:50.037767,327.2973233901043
2025-03-30 00:15:50.037767,326.7531492740207
2025-03-30 00:16:50.037767,326.2027542489795
2025-03-30 00:17:50.037767,325.6461487937085
2025-03-30 00:18:50.037767,325.08334350517333
2025-03-30 00:19:50.037767,324.51434909837576
2025-03-30 00:20:50.037767,323.93917640614836
2025-03-30 00:21:50.037767,323.3578363789504
2025-03-30 00:22:50.037767,410.01253973488906
2025-03-30 00:23:50.037767,322.17669870835397
2025-03-30 00:24:50.037767,321.5769235521142
2025-03-30 00:25:50.037767,320.9710260347936
2025-03-30 00:26:50.037767,320.3590176918066
2025-03-30 00:27:50.037767,319.74091017491037
2025-03-30 00:28:50.037767,427.07351359105854
2025-03-30 00:29:50.037767,318.48644480679
2025-03-30 00:30:50.037767,317.8501108387788
2025-03-30 00:31:50.037767,317.20772546282774
2025-03-30 00:32:50.037767,316.5593009090289
2025-03-30 00:33:50.037767,315.90484952245123
2025-03-30 00:34:50.037767,471.5412459277917
2025-03-30 00:35:50.037767,943.7337486141247
2025-03-30 00:36:50.037767,381.5439928230625
2025-03-30 00:37:50.037767,313.22702656070896
2025-03-30 00:38:50.037767,312.54263019389805
2025-03-30 00:39:50.037767,311.85228346592874
2025-03-30 00:40:50.037767,311.15599952000764
2025-03-30 00:41:50.037767,333.10395684606254
2025-03-30 00:42:50.037767,309.745673112065
2025-03-30 00:43:50.037767,309.0316575006246
2025-03-30 00:44:50.037767,357.18149183192776
2025-03-30 00:45:50.037767,307.58598943168784
2025-03-30 00:46:50.037767,306.8543644976276
2025-03-30 00:47:50.037767,306.11689749878826
2025-03-30 00:48:50.037767,305.3736024754793
2025-03-30 00:49:50.037767,304.6244935789651
2025-03-30 00:50:50.037767,372.8087936121176
2025-03-30 00:51:50.037767,303.1088913245535
2025-03-30 00:52:50.037767,302.3424268215383
2025-03-30 00:53:50.037767,301.5702061545344
2025-03-30 00:54:50.037767,300.7922440255087
2025-03-30 00:55:50.037767,300.00855524573944
2025-03-30 00:56:50.037767,299.21915473553133
2025-03-30 00:57:50.037767,559.4653926093521
2025-03-30 00:58:50.037767,297.6232787484468
2025-03-30 00:59:50.037767,447.68291502546754
2025-03-30 01:00:50.037767,296.0047375963909
2025-03-30 01:01:50.037767,295.18700603451015
2025-03-30 01:02:50.037767,294.3636545375374
2025-03-30 01:03:50.037767,293.53469878089834
2025-03-30 01:04:50.037767,87.81004636401468
2025-03-30 01:05:50.037767,291.8600377235092
2025-03-30 01:06:50.037767,309.520827762185
2025-03-30 01:07:50.037767,87.04894511827942
2025-03-30 01:08:50.037767,159.07783764899804
2025-03-30 01:09:50.037767,86.5332498053116
2025-03-30 01:10:50.037767,104.16046568576587
2025-03-30 01:11:50.037767,86.01096465034423
2025-03-30 01:12:50.037767,96.3246052177904
2025-03-30 01:13:50.037767,284.9404314247118
2025-03-30 01:14:50.037767,284.0508936877543
2025-03-30 01:15:50.037767,283.15594803123145
2025-03-30 01:16:50.037767,393.98904835466016
2025-03-30 01:17:50.037767,281.34990121602635
2025-03-30 01:18:50.037767,280.4388344418714
2025-03-30 01:19:50.037767,643.4542557422326
2025-03-30 01:20:50.037767,316.20385007831493
2025-03-30 01:21:50.037767,277.6736691019321
2025-03-30 01:22:50.037767,276.74135081034564
2025-03-30 01:23:50.037767,411.2257888182313
2025-03-30 01:24:50.037767,442.89747100952195
2025-03-30 01:25:50.037767,273.9128548983449
2025-03-30 01:26:50.037767,272.95956908250855
2025-03-30 01:27:50.037767,272.0010865099395
2025-03-30 01:28:50.037767,283.31639877799955
2025-03-30 01:29:50.037767,446.8072096818089
2025-03-30 01:30:50.037767,269.094641225711
2025-03-30 01:31:50.037767,268.1155550916423
2025-03-30 01:32:50.037767,267.131364423885
2025-03-30 01:33:50.037767,266.14208796001054
2025-03-30 01:34:50.037767,265.14774453441777
2025-03-30 01:35:50.037767,546.7010740106341
2025-03-30 01:36:50.037767,263.1439326176422
2025-03-30 01:37:50.037767,262.1345022761507
2025-03-30 01:38:50.037767,526.8332800661525
2025-03-30 01:39:50.037767,260.10068891708767
2025-03-30 01:40:50.037767,259.07634462039164
2025-03-30 01:41:50.037767,258.04706788354366
2025-03-30 01:42:50.037767,399.58004619389084
2025-03-30 01:43:50.037767,266.87628795452457
2025-03-30 01:44:50.037767,255.4474308526538
2025-03-30 01:45:50.037767,253.88102985430118
2025-03-30 01:46:50.037767,252.8273867209148
2025-03-30 01:47:50.037767,251.7689301185281
2025-03-30 01:48:50.037767,250.70568019862904
2025-03-30 01:49:50.037767,249.63765720396344
2025-03-30 01:50:50.037767,248.56488146814965
2025-03-30 01:51:50.037767,247.4873734152921
2025-03-30 01:52:50.037767,246.40515355958925
2025-03-30 01:53:50.037767,245.318242504948
2025-03-30 01:54:50.037767,251.39106290543322
2025-03-30 01:55:50.037767,243.1304296606489
2025-03-30 01:56:50.037767,242.02956952379395
2025-03-30 01:57:50.037767,240.92410149281432
2025-03-30 01:58:50.037767,239.814046614226
2025-03-30 01:59:50.037767,238.69942602187461
2025-03-30 02:00:50.037767,237.58026093652956
2025-03-30 02:01:50.037767,348.4686340530493
2025-03-30 02:02:50.037767,235.32838260213347
2025-03-30 02:03:50.037767,234.1957122256008
2025-03-30 02:04:50.037767,233.05858310029225
2025-03-30 02:05:50.037767,231.91701687550824
2025-03-30 02:06:50.037767,230.77103528502406
2025-03-30 02:07:50.037767,229.62066014667735
2025-03-30 02:08:50.037767,228.46591336195343
2025-03-30 02:09:50.037767,347.9618450389102
2025-03-30 02:10:50.037767,329.25668375979006
2025-03-30 02:11:50.037767,224.97566339028884
2025-03-30 02:12:50.037767,223.80365069320453
2025-03-30 02:13:50.037767,222.62737709721708
2025-03-30 02:14:50.037767,664.3405949906434
2025-03-30 02:15:50.037767,220.26213686744344
2025-03-30 02:16:50.037767,219.07321526442087
2025-03-30 02:17:50.037767,653.6403684695006
2025-03-30 02:18:50.037767,216.68288225844177
2025-03-30 02:19:50.037767,215.4815163639801
2025-03-30 02:20:50.037767,214.27604801205774
2025-03-30 02:21:50.037767,213.06650015305257
2025-03-30 02:22:50.037767,211.8528958150132
2025-03-30 02:23:50.037767,212.8379828930823
2025-03-30 02:24:50.037767,209.41361019973044
2025-03-30 02:25:50.037767,208.18797536296907
2025-03-30 02:26:50.037767,206.95837692725433
2025-03-30 02:27:50.037767,61.71745149070977
2025-03-30 02:28:50.037767,61.34621489193065
2025-03-30 02:29:50.037767,203.24603449882886
2025-03-30 02:30:50.037767,313.3766403845514
2025-03-30 02:31:50.037767,200.7517527228667
2025-03-30 02:32:50.037767,268.026287272959
2025-03-30 02:33:50.037767,450.81514441224823
2025-03-30 02:34:50.037767,196.98172469327406
2025-03-30 02:35:50.037767,324.59761785475513
2025-03-30 02:36:50.037767,194.44958155686052
2025-03-30 02:37:50.037767,193.17794485922093
2025-03-30 02:38:50.037767,191.90263033197024
2025-03-30 02:39:50.037767,190.6236622552597
2025-03-30 02:40:50.037767,189.3410649787979
2025-03-30 02:41:50.037767,188.0548629213882
2025-03-30 02:42:50.037767,186.7650805704637
2025-03-30 02:43:50.037767,185.4717424816223
2025-03-30 02:44:50.037767,336.9594801224252
2025-03-30 02:45:50.037767,182.87449765058224
2025-03-30 02:46:50.037767,181.5706403561825
2025-03-30 02:47:50.037767,180.26332621851878
2025-03-30 02:48:50.037767,217.88737845027808
2025-03-30 02:49:50.037767,177.63842703624695
2025-03-30 02:50:50.037767,176.32089196593452
2025-03-30 02:51:50.037767,175.00000000000014
2025-03-30 02:52:50.037767,342.52294025574554
2025-03-30 02:53:50.037767,272.31528876072616
2025-03-30 02:54:50.037767,171.0174345239349
2025-03-30 02:55:50.037767,169.68336708621842
2025-03-30 02:56:50.037767,168.34606912178594
2025-03-30 02:57:50.037767,167.00556609086306
2025-03-30 02:58:50.037767,165.6618835146951
2025-03-30 02:59:50.037767,164.31504697506148
2025-03-30 03:00:50.037767,162.9650821137896
2025-03-30 03:01:50.037767,161.6120146322623
2025-03-30 03:02:50.037767,280.3443968768029
2025-03-30 03:03:50.037767,158.89667490884145
2025-03-30 03:04:50.037767,157.53445436310213
2025-03-30 03:05:50.037767,156.16923458843274
2025-03-30 03:06:50.037767,154.80104157665104
2025-03-30 03:07:50.037767,153.4299013761775
2025-03-30 03:08:50.037767,166.18066510876295
2025-03-30 03:09:50.037767,150.6788838829033
2025-03-30 03:10:50.037767,447.89717689653065
2025-03-30 03:11:50.037767,147.9163916092444
2025-03-30 03:12:50.037767,146.5309081381004
2025-03-30 03:13:50.037767,145.14263492968402
2025-03-30 03:14:50.037767,143.7515984147172
2025-03-30 03:15:50.037767,142.35782507653002
2025-03-30 03:16:50.037767,140.9613414505578
2025-03-30 03:17:50.037767,244.38402249398834
2025-03-30 03:18:50.037767,138.16034973449405
2025-03-30 03:19:50.037767,220.51341521943232
2025-03-30 03:20:50.037767,135.3488365728873
2025-03-30 03:21:50.037767,133.93920132778135
2025-03-30 03:22:50.037767,132.52701607335123
2025-03-30 03:23:50.037767,131.11230769556988
2025-03-30 03:24:50.037767,196.10241098965264
2025-03-30 03:25:50.037767,128.27542935350434
2025-03-30 03:26:50.037767,134.05337201891064
2025-03-30 03:27:50.037767,125.42878234085494
2025-03-30 03:28:50.037767,124.0018632992002
2025-03-30 03:29:50.037767,122.57258344081423
2025-03-30 03:30:50.037767,121.14096997712295
2025-03-30 03:31:50.037767,119.70705016398428
2025-03-30 03:32:50.037767,118.27085130116447
2025-03-30 03:33:50.037767,116.83240073181963
2025-03-30 03:34:50.037767,251.2617439060672
2025-03-30 03:35:50.037767,220.83596765571218
2025-03-30 03:36:50.037767,192.193428800896
2025-03-30 03:37:50.037767,111.05662974178242
2025-03-30 03:38:50.037767,155.62587828657425
2025-03-30 03:39:50.037767,108.15594803123136
2025-03-30 03:40:50.037767,106.70250465980334
2025-03-30 03:41:50.037767,105.24702982649613
2025-03-30 03:42:50.037767,103.78955124145017
2025-03-30 03:43:50.037767,122.49641800553802
2025-03-30 03:44:50.037767,100.8686938469312
2025-03-30 03:45:50.037767,99.40537064637263
2025-03-30 03:46:50.037767,157.8652145616197
2025-03-30 03:47:50.037767,96.4730745359502
2025-03-30 03:48:50.037767,95.00415745277628
2025-03-30 03:49:50.037767,151.8946830585072
2025-03-30 03:50:50.037767,92.06092506029105
2025-03-30 03:51:50.037767,90.58666578588192
2025-03-30 03:52:50.037767,89.11068187193533
2025-03-30 03:53:50.037767,153.3645547907448
2025-03-30 03:54:50.037767,188.472624148451
2025-03-30 03:55:50.037767,25.401799037965116
2025-03-30 03:56:50.037767,83.1900623141604
2025-03-30 03:57:50.037767,81.70587734956649
2025-03-30 03:58:50.037767,80.22013682284556
2025-03-30 03:59:50.037767,93.9789545828042
2025-03-30 04:00:50.037767,77.24410225752558
2025-03-30 04:01:50.037767,75.75386487833599
2025-03-30 04:02:50.037767,74.26218525475596
2025-03-30 04:03:50.037767,72.76909178621533
2025-03-30 04:04:50.037767,73.99152562303435
2025-03-30 04:05:50.037767,80.94136424415662
2025-03-30 04:06:50.037767,68.28161270564503
2025-03-30 04:07:50.037767,66.78314838179061
2025-03-30 04:08:50.037767,65.28341260305685
2025-03-30 04:09:50.037767,80.48010756375075
2025-03-30 04:10:50.037767,62.280240915845134
2025-03-30 04:11:50.037767,136.8916145871017
2025-03-30 04:12:50.037767,59.2723263471587
2025-03-30 04:13:50.037767,85.01227890240395
2025-03-30 04:14:50.037767,56.2598979613388
2025-03-30 04:15:50.037767,54.75206276408149
2025-03-30 04:16:50.037767,53.243185166471314
2025-03-30 04:17:50.037767,51.73329389536397
2025-03-30 04:18:50.037767,50.2224176969128
2025-03-30 04:19:50.037767,48.71058533602274
2025-03-30 04:20:50.037767,47.19782559580267
2025-03-30 04:21:50.037767,97.24227420245953
2025-03-30 04:22:50.037767,44.16963919754084
2025-03-30 04:23:50.037767,42.65427019180183
2025-03-30 04:24:50.037767,41.13808911024317
2025-03-30 04:25:50.037767,11.886337445630138
2025-03-30 04:26:50.037767,11.43102185945615
2025-03-30 04:27:50.037767,10.975488643103791
2025-03-30 04:28:50.037767,35.06582156422707
2025-03-30 04:29:50.037767,33.54601338207855
2025-03-30 04:30:50.037767,32.02556653219077
2025-03-30 04:31:50.037767,32.51378885142736
2025-03-30 04:32:50.037767,43.723253512029096
2025-03-30 04:33:50.037767,27.460683504746267
2025-03-30 04:34:50.037767,25.937971568390058
2025-03-30 04:35:50.037767,24.41476581044396
2025-03-30 04:36:50.037767,32.82898722629687
2025-03-30 04:37:50.037767,32.897216119949285
2025-03-30 04:38:50.037767,22.441583832185493
2025-03-30 04:39:50.037767,18.317584685030827
2025-03-30 04:40:50.037767,16.792344982470656
2025-03-30 04:41:50.037767,15.266785577867655
2025-03-30 04:42:50.037767,13.740935515673856
2025-03-30 04:43:50.037767,20.46508445151701
2025-03-30 04:44:50.037767,15.167979451904731
2025-03-30 04:45:50.037767,12.129650220378325
2025-03-30 04:46:50.037767,7.635209762096614
2025-03-30 04:47:50.037767,6.108342253049234
2025-03-30 04:48:50.037767,6.205506681252858
2025-03-30 04:49:50.037767,3.0542874244304508
2025-03-30 04:50:50.037767,1.5271582496619012
2025-03-30 04:51:50.037767,3.8576374173141627e-13
2025-03-30 04:52:50.037767,0.0
2025-03-30 04:53:50.037767,0.0
2025-03-30 04:54:50.037767,0.0
2025-03-30 04:55:50.037767,0.0
2025-03-30 04:56:50.037767,0.0
2025-03-30 04:57:50.037767,0.0
2025-03-30 04:58:50.037767,0.0
2025-03-30 04:59:50.037767,0.0
2025-03-30 05:00:50.037767,0.0
2025-03-30 05:01:50.037767,0.0
2025-03-30 05:02:50.037767,0.0
2025-03-30 05:03:50.037767,0.0
2025-03-30 05:04:50.037767,0.0
2025-03-30 05:05:50.037767,0.0
2025-03-30 05:06:50.037767,0.0
2025-03-30 05:07:50.037767,0.0
2025-03-30 05:08:50.037767,0.0
2025-03-30 05:09:50.037767,0.0
2025-03-30 05:10:50.037767,0.0
2025-03-30 05:11:50.037767,0.0
2025-03-30 05:12:50.037767,0.0
2025-03-30 05:13:50.037767,0.0
2025-03-30 05:14:50.037767,0.0
2025-03-30 05:15:50.037767,0.0
2025-03-30 05:16:50.037767,0.0
2025-03-30 05:17:50.037767,0.0
2025-03-30 05:18:50.037767,0.0
2025-03-30 05:19:50.037767,0.0
2025-03-30 05:20:50.037767,0.0
2025-03-30 05:21:50.037767,0.0
2025-03-30 05:22:50.037767,0.0
2025-03-30 05:23:50.037767,0.0
2025-03-30 05:24:50.037767,0.0
2025-03-30 05:25:50.037767,0.0
2025-03-30 05:26:50.037767,0.0
2025-03-30 05:27:50.037767,0.0
2025-03-30 05:28:50.037767,0.0
2025-03-30 05:29:50.037767,0.0
2025-03-30 05:30:50.037767,0.0
2025-03-30 05:31:50.037767,0.0
2025-03-30 05:32:50.037767,0.0
2025-03-30 05:33:50.037767,0.0
2025-03-30 05:34:50.037767,0.0
2025-03-30 05:35:50.037767,0.0
2025-03-30 05:36:50.037767,0.0
2025-03-30 05:37:50.037767,0.0
2025-03-30 05:38:50.037767,0.0
2025-03-30 05:39:50.037767,0.0
2025-03-30 05:40:50.037767,0.0
2025-03-30 05:41:50.037767,0.0
2025-03-30 05:42:50.037767,0.0
2025-03-30 05:43:50.037767,0.0
2025-03-30 05:44:50.037767,0.0
2025-03-30 05:45:50.037767,0.0
2025-03-30 05:46:50.037767,0.0
2025-03-30 05:47:50.037767,0.0
2025-03-30 05:48:50.037767,0.0
2025-03-30 05:49:50.037767,0.0
2025-03-30 05:50:50.037767,0.0
2025-03-30 05:51:50.037767,0.0
2025-03-30 05:52:50.037767,0.0
2025-03-30 05:53:50.037767,0.0
2025-03-30 05:54:50.037767,0.0
2025-03-30 05:55:50.037767,0.0
2025-03-30 05:56:50.037767,0.0
2025-03-30 05:57:50.037767,0.0
2025-03-30 05:58:50.037767,0.0
2025-03-30 05:59:50.037767,0.0
2025-03-30 06:00:50.037767,0.0
2025-03-30 06:01:50.037767,0.0
2025-03-30 06:02:50.037767,0.0
2025-03-30 06:03:50.037767,0.0
2025-03-30 06:04:50.037767,0.0
2025-03-30 06:05:50.037767,0.0
2025-03-30 06:06:50.037767,0.0
2025-03-30 06:07:50.037767,0.0
2025-03-30 06:08:50.037767,0.0
2025-03-30 06:09:50.037767,0.0
2025-03-30 06:10:50.037767,0.0
2025-03-30 06:11:50.037767,0.0
2025-03-30 06:12:50.037767,0.0
2025-03-30 06:13:50.037767,0.0
2025-03-30 06:14:50.037767,0.0
2025-03-30 06:15:50.037767,0.0
2025-03-30 06:16:50.037767,0.0
2025-03-30 06:17:50.037767,0.0
2025-03-30 06:18:50.037767,0.0
2025-03-30 06:19:50.037767,0.0
2025-03-30 06:20:50.037767,0.0
2025-03-30 06:21:50.037767,0.0
2025-03-30 06:22:50.037767,0.0
2025-03-30 06:23:50.037767,0.0
2025-03-30 06:24:50.037767,0.0
2025-03-30 06:25:50.037767,0.0
2025-03-30 06:26:50.037767,0.0
2025-03-30 06:27:50.037767,0.0
2025-03-30 06:28:50.037767,0.0
2025-03-30 06:29:50.037767,0.0
2025-03-30 06:30:50.037767,0.0
2025-03-30 06:31:50.037767,0.0
2025-03-30 06:32:50.037767,0.0
2025-03-30 06:33:50.037767,0.0
2025-03-30 06:34:50.037767,0.0
2025-03-30 06:35:50.037767,0.0
2025-03-30 06:36:50.037767,0.0
2025-03-30 06:37:50.037767,0.0
2025-03-30 06:38:50.037767,0.0
2025-03-30 06:39:50.037767,0.0
2025-03-30 06:40:50.037767,0.0
2025-03-30 06:41:50.037767,0.0
2025-03-30 06:42:50.037767,0.0
2025-03-30 06:43:50.037767,0.0
2025-03-30 06:44:50.037767,0.0
2025-03-30 06:45:50.037767,0.0
2025-03-30 06:46:50.037767,0.0
2025-03-30 06:47:50.037767,0.0
2025-03-30 06:48:50.037767,0.0
2025-03-30 06:49:50.037767,0.0
2025-03-30 06:50:50.037767,0.0
2025-03-30 06:51:50.037767,0.0
2025-03-30 06:52:50.037767,0.0
2025-03-30 06:53:50.037767,0.0
2025-03-30 06:54:50.037767,0.0
2025-03-30 06:55:50.037767,0.0
2025-03-30 06:56:50.037767,0.0
2025-03-30 06:57:50.037767,0.0
2025-03-30 06:58:50.037767,0.0
2025-03-30 06:59:50.037767,0.0
2025-03-30 07:00:50.037767,0.0
2025-03-30 07:01:50.037767,0.0
2025-03-30 07:02:50.037767,0.0
2025-03-30 07:03:50.037767,0.0
2025-03-30 07:04:50.037767,0.0
2025-03-30 07:05:50.037767,0.0
2025-03-30 07:06:50.037767,0.0
2025-03-30 07:07:50.037767,0.0
2025-03-30 07:08:50.037767,0.0
2025-03-30 07:09:50.037767,0.0
2025-03-30 07:10:50.037767,0.0
2025-03-30 07:11:50.037767,0.0
2025-03-30 07:12:50.037767,0.0
2025-03-30 07:13:50.037767,0.0
2025-03-30 07:14:50.037767,0.0
2025-03-30 07:15:50.037767,0.0
2025-03-30 07:16:50.037767,0.0
2025-03-30 07:17:50.037767,0.0
2025-03-30 07:18:50.037767,0.0
2025-03-30 07:19:50.037767,0.0
2025-03-30 07:20:50.037767,0.0
2025-03-30 07:21:50.037767,0.0
2025-03-30 07:22:50.037767,0.0
2025-03-30 07:23:50.037767,0.0
2025-03-30 07:24:50.037767,0.0
2025-03-30 07:25:50.037767,0.0
2025-03-30 07:26:50.037767,0.0
2025-03-30 07:27:50.037767,0.0
2025-03-30 07:28:50.037767,0.0
2025-03-30 07:29:50.037767,0.0
2025-03-30 07:30:50.037767,0.0
2025-03-30 07:31:50.037767,0.0
2025-03-30 07:32:50.037767,0.0
2025-03-30 07:33:50.037767,0.0
2025-03-30 07:34:50.037767,0.0
2025-03-30 07:35:50.037767,0.0
2025-03-30 07:36:50.037767,0.0
2025-03-30 07:37:50.037767,0.0
2025-03-30 07:38:50.037767,0.0
2025-03-30 07:39:50.037767,0.0
2025-03-30 07:40:50.037767,0.0
2025-03-30 07:41:50.037767,0.0
2025-03-30 07:42:50.037767,0.0
2025-03-30 07:43:50.037767,0.0
2025-03-30 07:44:50.037767,0.0
2025-03-30 07:45:50.037767,0.0
2025-03-30 07:46:50.037767,0.0
2025-03-30 07:47:50.037767,0.0
2025-03-30 07:48:50.037767,0.0
2025-03-30 07:49:50.037767,0.0
2025-03-30 07:50:50.037767,0.0
2025-03-30 07:51:50.037767,0.0
2025-03-30 07:52:50.037767,0.0
2025-03-30 07:53:50.037767,0.0
2025-03-30 07:54:50.037767,0.0
2025-03-30 07:55:50.037767,0.0
2025-03-30 07:56:50.037767,0.0
2025-03-30 07:57:50.037767,0.0
2025-03-30 07:58:50.037767,0.0
2025-03-30 07:59:50.037767,0.0
2025-03-30 08:00:50.037767,0.0
2025-03-30 08:01:50.037767,0.0
2025-03-30 08:02:50.037767,0.0
2025-03-30 08:03:50.037767,0.0
2025-03-30 08:04:50.037767,0.0
2025-03-30 08:05:50.037767,0.0
2025-03-30 08:06:50.037767,0.0
2025-03-30 08:07:50.037767,0.0
2025-03-30 08:08:50.037767,0.0
2025-03-30 08:09:50.037767,0.0
2025-03-30 08:10:50.037767,0.0
2025-03-30 08:11:50.037767,0.0
2025-03-30 08:12:50.037767,0.0
2025-03-30 08:13:50.037767,0.0
2025-03-30 08:14:50.037767,0.0
2025-03-30 08:15:50.037767,0.0
2025-03-30 08:16:50.037767,0.0
2025-03-30 08:17:50.037767,0.0
2025-03-30 08:18:50.037767,0.0
2025-03-30 08:19:50.037767,0.0
2025-03-30 08:20:50.037767,0.0
2025-03-30 08:21:50.037767,0.0
2025-03-30 08:22:50.037767,0.0
2025-03-30 08:23:50.037767,0.0
2025-03-30 08:24:50.037767,0.0
2025-03-30 08:25:50.037767,0.0
2025-03-30 08:26:50.037767,0.0
2025-03-30 08:27:50.037767,0.0
2025-03-30 08:28:50.037767,0.0
2025-03-30 08:29:50.037767,0.0
2025-03-30 08:30:50.037767,0.0
2025-03-30 08:31:50.037767,0.0
2025-03-30 08:32:50.037767,0.0
2025-03-30 08:33:50.037767,0.0
2025-03-30 08:34:50.037767,0.0
2025-03-30 08:35:50.037767,0.0
2025-03-30 08:36:50.037767,0.0
2025-03-30 08:37:50.037767,0.0
2025-03-30 08:38:50.037767,0.0
2025-03-30 08:39:50.037767,0.0
2025-03-30 08:40:50.037767,0.0
2025-03-30 08:41:50.037767,0.0
2025-03-30 08:42:50.037767,0.0
2025-03-30 08:43:50.037767,0.0
2025-03-30 08:44:50.037767,0.0
2025-03-30 08:45:50.037767,0.0
2025-03-30 08:46:50.037767,0.0
2025-03-30 08:47:50.037767,0.0
2025-03-30 08:48:50.037767,0.0
2025-03-30 08:49:50.037767,0.0
2025-03-30 08:50:50.037767,0.0
2025-03-30 08:51:50.037767,0.0
2025-03-30 08:52:50.037767,0.0
2025-03-30 08:53:50.037767,0.0
2025-03-30 08:54:50.037767,0.0
2025-03-30 08:55:50.037767,0.0
2025-03-30 08:56:50.037767,0.0
2025-03-30 08:57:50.037767,0.0
2025-03-30 08:58:50.037767,0.0
2025-03-30 08:59:50.037767,0.0
2025-03-30 09:00:50.037767,0.0
2025-03-30 09:01:50.037767,0.0
2025-03-30 09:02:50.037767,0.0
2025-03-30 09:03:50.037767,0.0
2025-03-30 09:04:50.037767,0.0
2025-03-30 09:05:50.037767,0.0
2025-03-30 09:06:50.037767,0.0
2025-03-30 09:07:50.037767,0.0
2025-03-30 09:08:50.037767,0.0
2025-03-30 09:09:50.037767,0.0
2025-03-30 09:10:50.037767,0.0
2025-03-30 09:11:50.037767,0.0
2025-03-30 09:12:50.037767,0.0
2025-03-30 09:13:50.037767,0.0
2025-03-30 09:14:50.037767,0.0
2025-03-30 09:15:50.037767,0.0
2025-03-30 09:16:50.037767,0.0
2025-03-30 09:17:50.037767,0.0
2025-03-30 09:18:50.037767,0.0
2025-03-30 09:19:50.037767,0.0
2025-03-30 09:20:50.037767,0.0
2025-03-30 09:21:50.037767,0.0
2025-03-30 09:22:50.037767,0.0
2025-03-30 09:23:50.037767,0.0
2025-03-30 09:24:50.037767,0.0
2025-03-30 09:25:50.037767,0.0
2025-03-30 09:26:50.037767,0.0
2025-03-30 09:27:50.037767,0.0
2025-03-30 09:28:50.037767,0.0
2025-03-30 09:29:50.037767,0.0
2025-03-30 09:30:50.037767,0.0
2025-03-30 09:31:50.037767,0.0
2025-03-30 09:32:50.037767,0.0
2025-03-30 09:33:50.037767,0.0
2025-03-30 09:34:50.037767,0.0
2025-03-30 09:35:50.037767,0.0
2025-03-30 09:36:50.037767,0.0
2025-03-30 09:37:50.037767,0.0
2025-03-30 09:38:50.037767,0.0
2025-03-30 09:39:50.037767,0.0
2025-03-30 09:40:50.037767,0.0
2025-03-30 09:41:50.037767,0.0
2025-03-30 09:42:50.037767,0.0
2025-03-30 09:43:50.037767,0.0
2025-03-30 09:44:50.037767,0.0
2025-03-30 09:45:50.037767,0.0
2025-03-30 09:46:50.037767,0.0
2025-03-30 09:47:50.037767,0.0
2025-03-30 09:48:50.037767,0.0
2025-03-30 09:49:50.037767,0.0
2025-03-30 09:50:50.037767,0.0
2025-03-30 09:51:50.037767,0.0
2025-03-30 09:52:50.037767,0.0
2025-03-30 09:53:50.037767,0.0
2025-03-30 09:54:50.037767,0.0
2025-03-30 09:55:50.037767,0.0
2025-03-30 09:56:50.037767,0.0
2025-03-30 09:57:50.037767,0.0
2025-03-30 09:58:50.037767,0.0
2025-03-30 09:59:50.037767,0.0
2025-03-30 10:00:50.037767,0.0
2025-03-30 10:01:50.037767,0.0
2025-03-30 10:02:50.037767,0.0
2025-03-30 10:03:50.037767,0.0
2025-03-30 10:04:50.037767,0.0
2025-03-30 10:05:50.037767,0.0
2025-03-30 10:06:50.037767,0.0
2025-03-30 10:07:50.037767,0.0
2025-03-30 10:08:50.037767,0.0
2025-03-30 10:09:50.037767,0.0
2025-03-30 10:10:50.037767,0.0
2025-03-30 10:11:50.037767,0.0
2025-03-30 10:12:50.037767,0.0
2025-03-30 10:13:50.037767,0.0
2025-03-30 10:14:50.037767,0.0
2025-03-30 10:15:50.037767,0.0
2025-03-30 10:16:50.037767,0.0
2025-03-30 10:17:50.037767,0.0
2025-03-30 10:18:50.037767,0.0
2025-03-30 10:19:50.037767,0.0
2025-03-30 10:20:50.037767,0.0
2025-03-30 10:21:50.037767,0.0
2025-03-30 10:22:50.037767,0.0
2025-03-30 10:23:50.037767,0.0
2025-03-30 10:24:50.037767,0.0
2025-03-30 10:25:50.037767,0.0
2025-03-30 10:26:50.037767,0.0
2025-03-30 10:27:50.037767,0.0
2025-03-30 10:28:50.037767,0.0
2025-03-30 10:29:50.037767,0.0
2025-03-30 10:30:50.037767,0.0
2025-03-30 10:31:50.037767,0.0
2025-03-30 10:32:50.037767,0.0
2025-03-30 10:33:50.037767,0.0
2025-03-30 10:34:50.037767,0.0
2025-03-30 10:35:50.037767,0.0
2025-03-30 10:36:50.037767,0.0
2025-03-30 10:37:50.037767,0.0
2025-03-30 10:38:50.037767,0.0
2025-03-30 10:39:50.037767,0.0
2025-03-30 10:40:50.037767,0.0
2025-03-30 10:41:50.037767,0.0
2025-03-30 10:42:50.037767,0.0
2025-03-30 10:43:50.037767,0.0
2025-03-30 10:44:50.037767,0.0
2025-03-30 10:45:50.037767,0.0
2025-03-30 10:46:50.037767,0.0
2025-03-30 10:47:50.037767,0.0
2025-03-30 10:48:50.037767,0.0
2025-03-30 10:49:50.037767,0.0
2025-03-30 10:50:50.037767,0.0
2025-03-30 10:51:50.037767,0.0
2025-03-30 10:52:50.037767,0.0
2025-03-30 10:53:50.037767,0.0
2025-03-30 10:54:50.037767,0.0
2025-03-30 10:55:50.037767,0.0
2025-03-30 10:56:50.037767,0.0
2025-03-30 10:57:50.037767,0.0
2025-03-30 10:58:50.037767,0.0
2025-03-30 10:59:50.037767,0.0
2025-03-30 11:00:50.037767,0.0
2025-03-30 11:01:50.037767,0.0
2025-03-30 11:02:50.037767,0.0
2025-03-30 11:03:50.037767,0.0
2025-03-30 11:04:50.037767,0.0
2025-03-30 11:05:50.037767,0.0
2025-03-30 11:06:50.037767,0.0
2025-03-30 11:07:50.037767,0.0
2025-03-30 11:08:50.037767,0.0
2025-03-30 11:09:50.037767,0.0
2025-03-30 11:10:50.037767,0.0
2025-03-30 11:11:50.037767,0.0
2025-03-30 11:12:50.037767,0.0
2025-03-30 11:13:50.037767,0.0
2025-03-30 11:14:50.037767,0.0
2025-03-30 11:15:50.037767,0.0
2025-03-30 11:16:50.037767,0.0
2025-03-30 11:17:50.037767,0.0
2025-03-30 11:18:50.037767,0.0
2025-03-30 11:19:50.037767,0.0
2025-03-30 11:20:50.037767,0.0
2025-03-30 11:21:50.037767,0.0
2025-03-30 11:22:50.037767,0.0
2025-03-30 11:23:50.037767,0.0
2025-03-30 11:24:50.037767,0.0
2025-03-30 11:25:50.037767,0.0
2025-03-30 11:26:50.037767,0.0
2025-03-30 11:27:50.037767,0.0
2025-03-30 11:28:50.037767,0.0
2025-03-30 11:29:50.037767,0.0
2025-03-30 11:30:50.037767,0.0
2025-03-30 11:31:50.037767,0.0
2025-03-30 11:32:50.037767,0.0
2025-03-30 11:33:50.037767,0.0
2025-03-30 11:34:50.037767,0.0
2025-03-30 11:35:50.037767,0.0
2025-03-30 11:36:50.037767,0.0
2025-03-30 11:37:50.037767,0.0
2025-03-30 11:38:50.037767,0.0
2025-03-30 11:39:50.037767,0.0
2025-03-30 11:40:50.037767,0.0
2025-03-30 11:41:50.037767,0.0
2025-03-30 11:42:50.037767,0.0
2025-03-30 11:43:50.037767,0.0
2025-03-30 11:44:50.037767,0.0
2025-03-30 11:45:50.037767,0.0
2025-03-30 11:46:50.037767,0.0
2025-03-30 11:47:50.037767,0.0
2025-03-30 11:48:50.037767,0.0
2025-03-30 11:49:50.037767,0.0
2025-03-30 11:50:50.037767,0.0
2025-03-30 11:51:50.037767,0.0
2025-03-30 11:52:50.037767,0.0
2025-03-30 11:53:50.037767,0.0
2025-03-30 11:54:50.037767,0.0
2025-03-30 11:55:50.037767,0.0
2025-03-30 11:56:50.037767,0.0
2025-03-30 11:57:50.037767,0.0
2025-03-30 11:58:50.037767,0.0
2025-03-30 11:59:50.037767,0.0
2025-03-30 12:00:50.037767,0.0
2025-03-30 12:01:50.037767,0.0
2025-03-30 12:02:50.037767,0.0
2025-03-30 12:03:50.037767,0.0
2025-03-30 12:04:50.037767,0.0
2025-03-30 12:05:50.037767,0.0
2025-03-30 12:06:50.037767,0.0
2025-03-30 12:07:50.037767,0.0
2025-03-30 12:08:50.037767,0.0
2025-03-30 12:09:50.037767,0.0
2025-03-30 12:10:50.037767,0.0
2025-03-30 12:11:50.037767,0.0
2025-03-30 12:12:50.037767,0.0
2025-03-30 12:13:50.037767,0.0
2025-03-30 12:14:50.037767,0.0
2025-03-30 12:15:50.037767,0.0
2025-03-30 12:16:50.037767,0.0
2025-03-30 12:17:50.037767,0.0
2025-03-30 12:18:50.037767,0.0
2025-03-30 12:19:50.037767,0.0
2025-03-30 12:20:50.037767,0.0
2025-03-30 12:21:50.037767,0.0
2025-03-30 12:22:50.037767,0.0
2025-03-30 12:23:50.037767,0.0
2025-03-30 12:24:50.037767,0.0
2025-03-30 12:25:50.037767,0.0
2025-03-30 12:26:50.037767,0.0
2025-03-30 12:27:50.037767,0.0
2025-03-30 12:28:50.037767,0.0
2025-03-30 12:29:50.037767,0.0
2025-03-30 12:30:50.037767,0.0
2025-03-30 12:31:50.037767,0.0
2025-03-30 12:32:50.037767,0.0
2025-03-30 12:33:50.037767,0.0
2025-03-30 12:34:50.037767,0.0
2025-03-30 12:35:50.037767,0.0
2025-03-30 12:36:50.037767,0.0
2025-03-30 12:37:50.037767,0.0
2025-03-30 12:38:50.037767,0.0
2025-03-30 12:39:50.037767,0.0
2025-03-30 12:40:50.037767,0.0
2025-03-30 12:41:50.037767,0.0
2025-03-30 12:42:50.037767,0.0
2025-03-30 12:43:50.037767,0.0
2025-03-30 12:44:50.037767,0.0
2025-03-30 12:45:50.037767,0.0
2025-03-30 12:46:50.037767,0.0
2025-03-30 12:47:50.037767,0.0
2025-03-30 12:48:50.037767,0.0
2025-03-30 12:49:50.037767,0.0
2025-03-30 12:50:50.037767,0.0
2025-03-30 12:51:50.037767,0.0
2025-03-30 12:52:50.037767,0.0
2025-03-30 12:53:50.037767,0.0
2025-03-30 12:54:50.037767,0.0
2025-03-30 12:55:50.037767,0.0
2025-03-30 12:56:50.037767,0.0
2025-03-30 12:57:50.037767,0.0
2025-03-30 12:58:50.037767,0.0
2025-03-30 12:59:50.037767,0.0
2025-03-30 13:00:50.037767,0.0
2025-03-30 13:01:50.037767,0.0
2025-03-30 13:02:50.037767,0.0
2025-03-30 13:03:50.037767,0.0
2025-03-30 13:04:50.037767,0.0
2025-03-30 13:05:50.037767,0.0
2025-03-30 13:06:50.037767,0.0
2025-03-30 13:07:50.037767,0.0
2025-03-30 13:08:50.037767,0.0
2025-03-30 13:09:50.037767,0.0
2025-03-30 13:10:50.037767,0.0
2025-03-30 13:11:50.037767,0.0
2025-03-30 13:12:50.037767,0.0
2025-03-30 13:13:50.037767,0.0
2025-03-30 13:14:50.037767,0.0
2025-03-30 13:15:50.037767,0.0
2025-03-30 13:16:50.037767,0.0
2025-03-30 13:17:50.037767,0.0
2025-03-30 13:18:50.037767,0.0
2025-03-30 13:19:50.037767,0.0
2025-03-30 13:20:50.037767,0.0
2025-03-30 13:21:50.037767,0.0
2025-03-30 13:22:50.037767,0.0
2025-03-30 13:23:50.037767,0.0
2025-03-30 13:24:50.037767,0.0
2025-03-30 13:25:50.037767,0.0
2025-03-30 13:26:50.037767,0.0
2025-03-30 13:27:50.037767,0.0
2025-03-30 13:28:50.037767,0.0
2025-03-30 13:29:50.037767,0.0
2025-03-30 13:30:50.037767,0.0
2025-03-30 13:31:50.037767,0.0
2025-03-30 13:32:50.037767,0.0
2025-03-30 13:33:50.037767,0.0
2025-03-30 13:34:50.037767,0.0
2025-03-30 13:35:50.037767,0.0
2025-03-30 13:36:50.037767,0.0
2025-03-30 13:37:50.037767,0.0
2025-03-30 13:38:50.037767,0.0
2025-03-30 13:39:50.037767,0.0
2025-03-30 13:40:50.037767,0.0
2025-03-30 13:41:50.037767,0.0
2025-03-30 13:42:50.037767,0.0
2025-03-30 13:43:50.037767,0.0
2025-03-30 13:44:50.037767,0.0
2025-03-30 13:45:50.037767,0.0
2025-03-30 13:46:50.037767,0.0
2025-03-30 13:47:50.037767,0.0
2025-03-30 13:48:50.037767,0.0
2025-03-30 13:49:50.037767,0.0
2025-03-30 13:50:50.037767,0.0
2025-03-30 13:51:50.037767,0.0
2025-03-30 13:52:50.037767,0.0
2025-03-30 13:53:50.037767,0.0
2025-03-30 13:54:50.037767,0.0
2025-03-30 13:55:50.037767,0.0
2025-03-30 13:56:50.037767,0.0
2025-03-30 13:57:50.037767,0.0
2025-03-30 13:58:50.037767,0.0
2025-03-30 13:59:50.037767,0.0
2025-03-30 14:00:50.037767,0.0
2025-03-30 14:01:50.037767,0.0
2025-03-30 14:02:50.037767,0.0
2025-03-30 14:03:50.037767,0.0
2025-03-30 14:04:50.037767,0.0
2025-03-30 14:05:50.037767,0.0
2025-03-30 14:06:50.037767,0.0
2025-03-30 14:07:50.037767,0.0
2025-03-30 14:08:50.037767,0.0
2025-03-30 14:09:50.037767,0.0
2025-03-30 14:10:50.037767,0.0
2025-03-30 14:11:50.037767,0.0
2025-03-30 14:12:50.037767,0.0
2025-03-30 14:13:50.037767,0.0
2025-03-30 14:14:50.037767,0.0
2025-03-30 14:15:50.037767,0.0
2025-03-30 14:16:50.037767,0.0
2025-03-30 14:17:50.037767,0.0
2025-03-30 14:18:50.037767,0.0
2025-03-30 14:19:50.037767,0.0
2025-03-30 14:20:50.037767,0.0
2025-03-30 14:21:50.037767,0.0
2025-03-30 14:22:50.037767,0.0
2025-03-30 14:23:50.037767,0.0
2025-03-30 14:24:50.037767,0.0
2025-03-30 14:25:50.037767,0.0
2025-03-30 14:26:50.037767,0.0
2025-03-30 14:27:50.037767,0.0
2025-03-30 14:28:50.037767,0.0
2025-03-30 14:29:50.037767,0.0
2025-03-30 14:30:50.037767,0.0
2025-03-30 14:31:50.037767,0.0
2025-03-30 14:32:50.037767,0.0
2025-03-30 14:33:50.037767,0.0
2025-03-30 14:34:50.037767,0.0
2025-03-30 14:35:50.037767,0.0
2025-03-30 14:36:50.037767,0.0
2025-03-30 14:37:50.037767,0.0
2025-03-30 14:38:50.037767,0.0
2025-03-30 14:39:50.037767,0.0
2025-03-30 14:40:50.037767,0.0
2025-03-30 14:41:50.037767,0.0
2025-03-30 14:42:50.037767,0.0
2025-03-30 14:43:50.037767,0.0
2025-03-30 14:44:50.037767,0.0
2025-03-30 14:45:50.037767,0.0
2025-03-30 14:46:50.037767,0.0
2025-03-30 14:47:50.037767,0.0
2025-03-30 14:48:50.037767,0.0
2025-03-30 14:49:50.037767,0.0
2025-03-30 14:50:50.037767,0.0
2025-03-30 14:51:50.037767,0.0
2025-03-30 14:52:50.037767,0.0
2025-03-30 14:53:50.037767,0.0
2025-03-30 14:54:50.037767,0.0
2025-03-30 14:55:50.037767,0.0
2025-03-30 14:56:50.037767,0.0
2025-03-30 14:57:50.037767,0.0
2025-03-30 14:58:50.037767,0.0
2025-03-30 14:59:50.037767,0.0
2025-03-30 15:00:50.037767,0.0
2025-03-30 15:01:50.037767,0.0
2025-03-30 15:02:50.037767,0.0
2025-03-30 15:03:50.037767,0.0
2025-03-30 15:04:50.037767,0.0
2025-03-30 15:05:50.037767,0.0
2025-03-30 15:06:50.037767,0.0
2025-03-30 15:07:50.037767,0.0
2025-03-30 15:08:50.037767,0.0
2025-03-30 15:09:50.037767,0.0
2025-03-30 15:10:50.037767,0.0
2025-03-30 15:11:50.037767,0.0
2025-03-30 15:12:50.037767,0.0
2025-03-30 15:13:50.037767,0.0
2025-03-30 15:14:50.037767,0.0
2025-03-30 15:15:50.037767,0.0
2025-03-30 15:16:50.037767,0.0
2025-03-30 15:17:50.037767,0.0
2025-03-30 15:18:50.037767,0.0
2025-03-30 15:19:50.037767,0.0
2025-03-30 15:20:50.037767,0.0
2025-03-30 15:21:50.037767,0.0
2025-03-30 15:22:50.037767,0.0
2025-03-30 15:23:50.037767,0.0
2025-03-30 15:24:50.037767,0.0
2025-03-30 15:25:50.037767,0.0
2025-03-30 15:26:50.037767,0.0
2025-03-30 15:27:50.037767,0.0
2025-03-30 15:28:50.037767,0.0
2025-03-30 15:29:50.037767,0.0
2025-03-30 15:30:50.037767,0.0
2025-03-30 15:31:50.037767,0.0
2025-03-30 15:32:50.037767,0.0
2025-03-30 15:33:50.037767,0.0
2025-03-30 15:34:50.037767,0.0
2025-03-30 15:35:50.037767,0.0
2025-03-30 15:36:50.037767,0.0
2025-03-30 15:37:50.037767,0.0
2025-03-30 15:38:50.037767,0.0
2025-03-30 15:39:50.037767,0.0
2025-03-30 15:40:50.037767,0.0
2025-03-30 15:41:50.037767,0.0
2025-03-30 15:42:50.037767,0.0
2025-03-30 15:43:50.037767,0.0
2025-03-30 15:44:50.037767,0.0
2025-03-30 15:45:50.037767,0.0
2025-03-30 15:46:50.037767,0.0
2025-03-30 15:47:50.037767,0.0
2025-03-30 15:48:50.037767,0.0
2025-03-30 15:49:50.037767,0.0
2025-03-30 15:50:50.037767,0.0
2025-03-30 15:51:50.037767,0.0
2025-03-30 15:52:50.037767,0.0
2025-03-30 15:53:50.037767,0.0
2025-03-30 15:54:50.037767,0.0
2025-03-30 15:55:50.037767,0.0
2025-03-30 15:56:50.037767,0.0
2025-03-30 15:57:50.037767,0.0
2025-03-30 15:58:50.037767,0.0
2025-03-30 15:59:50.037767,0.0
2025-03-30 16:00:50.037767,0.0
2025-03-30 16:01:50.037767,0.0
2025-03-30 16:02:50.037767,0.0
2025-03-30 16:03:50.037767,0.0
2025-03-30 16:04:50.037767,0.0
2025-03-30 16:05:50.037767,0.0
2025-03-30 16:06:50.037767,0.0
2025-03-30 16:07:50.037767,0.0
2025-03-30 16:08:50.037767,0.0
2025-03-30 16:09:50.037767,0.0
2025-03-30 16:10:50.037767,0.0
2025-03-30 16:11:50.037767,0.0
2025-03-30 16:12:50.037767,0.0
2025-03-30 16:13:50.037767,0.0
2025-03-30 16:14:50.037767,0.0
2025-03-30 16:15:50.037767,0.0
2025-03-30 16:16:50.037767,0.0
2025-03-30 16:17:50.037767,0.0
2025-03-30 16:18:50.037767,0.0
2025-03-30 16:19:50.037767,0.0
2025-03-30 16:20:50.037767,0.0
2025-03-30 16:21:50.037767,0.0
2025-03-30 16:22:50.037767,0.0
2025-03-30 16:23:50.037767,0.0
2025-03-30 16:24:50.037767,0.0
2025-03-30 16:25:50.037767,0.0
2025-03-30 16:26:50.037767,0.0
2025-03-30 16:27:50.037767,0.0
2025-03-30 16:28:50.037767,0.0
2025-03-30 16:29:50.037767,0.0
2025-03-30 16:30:50.037767,0.0
2025-03-30 16:31:50.037767,0.0
2025-03-30 16:32:50.037767,0.0
2025-03-30 16:33:50.037767,0.0
2025-03-30 16:34:50.037767,0.0
2025-03-30 16:35:50.037767,0.0
2025-03-30 16:36:50.037767,0.0
2025-03-30 16:37:50.037767,0.0
2025-03-30 16:38:50.037767,0.0
2025-03-30 16:39:50.037767,0.0
2025-03-30 16:40:50.037767,0.0
2025-03-30 16:41:50.037767,0.0
2025-03-30 16:42:50.037767,0.0
2025-03-30 16:43:50.037767,0.0
2025-03-30 16:44:50.037767,0.0
2025-03-30 16:45:50.037767,0.0
2025-03-30 16:46:50.037767,0.0
2025-03-30 16:47:50.037767,0.0
2025-03-30 16:48:50.037767,0.0
2025-03-30 16:49:50.037767,0.0
2025-03-30 16:50:50.037767,0.0
2025-03-30 16:51:50.037767,0.0
2025-03-30 16:52:50.037767,3.5202226142429995
2025-03-30 16:53:50.037767,3.0542874244308797
2025-03-30 16:54:50.037767,4.581358449970773
2025-03-30 16:55:50.037767,6.108342253049663
2025-03-30 16:56:50.037767,7.6352097620957995
2025-03-30 16:57:50.037767,9.161931907755227
2025-03-30 16:58:50.037767,10.68847962343777
2025-03-30 16:59:50.037767,17.34356922267429
2025-03-30 17:00:50.037767,13.740935515674282
2025-03-30 17:01:50.037767,15.266785577866841
2025-03-30 17:02:50.037767,22.17274039837193
2025-03-30 17:03:50.037767,18.317584685030017
2025-03-30 17:04:50.037767,19.842475647182017
2025-03-30 17:05:50.037767,21.366988837200008
2025-03-30 17:06:50.037767,22.89109523055039
2025-03-30 17:07:50.037767,24.41476581044315
2025-03-30 17:08:50.037767,25.937971568389244
2025-03-30 17:09:50.037767,28.893198933378034
2025-03-30 17:10:50.037767,28.982872629271462
2025-03-30 17:11:50.037767,30.504509961680515
2025-03-30 17:12:50.037767,32.025566532191206
2025-03-30 17:13:50.037767,66.91879764909197
2025-03-30 17:14:50.037767,35.06582156422626
2025-03-30 17:15:50.037767,36.58496214367849
2025-03-30 17:16:50.037767,38.10340619818759
2025-03-30 17:17:50.037767,39.62112481876756
2025-03-30 17:18:50.037767,41.1380891102436
2025-03-30 17:19:50.037767,42.65427019180101
2025-03-30 17:20:50.037767,44.169639197540036
2025-03-30 17:21:50.037767,45.684167277017885
2025-03-30 17:22:50.037767,89.49422376239585
2025-03-30 17:23:50.037767,48.710585336023165
2025-03-30 17:24:50.037767,50.22241769691199
2025-03-30 17:25:50.037767,51.73329389536317
2025-03-30 17:26:50.037767,53.24318516647051
2025-03-30 17:27:50.037767,54.752062764080684
2025-03-30 17:28:50.037767,56.25989796133923
2025-03-30 17:29:50.037767,57.766662051237475
2025-03-30 17:30:50.037767,59.2723263471579
2025-03-30 17:31:50.037767,60.77686218342512
2025-03-30 17:32:50.037767,62.28024091584434
2025-03-30 17:33:50.037767,63.78243392225154
2025-03-30 17:34:50.037767,99.75467997836836
2025-03-30 17:35:50.037767,66.78314838179104
2025-03-30 17:36:50.037767,70.76147998821729
2025-03-30 17:37:50.037767,125.16788710369173
2025-03-30 17:38:50.037767,72.81245358967112
2025-03-30 17:39:50.037767,79.75062360110257
2025-03-30 17:40:50.037767,77.63835668072849
2025-03-30 17:41:50.037767,75.7538648783364
2025-03-30 17:42:50.037767,77.24410225752477
2025-03-30 17:43:50.037767,78.73286902035235
2025-03-30 17:44:50.037767,154.28649448675876
2025-03-30 17:45:50.037767,158.01349009998978
2025-03-30 17:46:50.037767,93.32208829162875
2025-03-30 17:47:50.037767,211.53821834570425
2025-03-30 17:48:50.037767,86.15365256014701
2025-03-30 17:49:50.037767,179.0386702065819
2025-03-30 17:50:50.037767,167.71783932635515
2025-03-30 17:51:50.037767,186.62972393629636
2025-03-30 17:52:50.037767,92.06092506029145
2025-03-30 17:53:50.037767,93.5334316273892
2025-03-30 17:54:50.037767,95.0041574527755
2025-03-30 17:55:50.037767,111.69874139572518
2025-03-30 17:56:50.037767,97.94015491084716
2025-03-30 17:57:50.037767,99.40537064637303
2025-03-30 17:58:50.037767,302.6060815407948
2025-03-30 17:59:50.037767,118.40033400223273
2025-03-30 18:00:50.037767,103.7895512414494
2025-03-30 18:01:50.037767,105.24702982649535
2025-03-30 18:02:50.037767,106.70250465980374
2025-03-30 18:03:50.037767,108.15594803123179
2025-03-30 18:04:50.037767,109.6073322693127
2025-03-30 18:05:50.037767,195.6767167591314
2025-03-30 18:06:50.037767,112.50381285610615
2025-03-30 18:07:50.037767,122.6840953571412
2025-03-30 18:08:50.037767,115.39172584197556
2025-03-30 18:09:50.037767,35.04972021954601
2025-03-30 18:10:50.037767,35.481255390349105
2025-03-30 18:11:50.037767,35.91211504919505
2025-03-30 18:12:50.037767,36.342290993136665
2025-03-30 18:13:50.037767,36.771775032244044
2025-03-30 18:14:50.037767,124.00186329920061
2025-03-30 18:15:50.037767,125.42878234085536
2025-03-30 18:16:50.037767,126.8533133992949
2025-03-30 18:17:50.037767,298.9921313237101
2025-03-30 18:18:50.037767,129.6951031284424
2025-03-30 18:19:50.037767,131.11230769556911
2025-03-30 18:20:50.037767,160.41661285900804
2025-03-30 18:21:50.037767,133.93920132778172
2025-03-30 18:22:50.037767,135.34883657288657
2025-03-30 18:23:50.037767,136.75589497124534
2025-03-30 18:24:50.037767,138.16034973449328
2025-03-30 18:25:50.037767,139.56217412383612
2025-03-30 18:26:50.037767,140.9613414505582
2025-03-30 18:27:50.037767,142.35782507653045
2025-03-30 18:28:50.037767,163.82434233267918
2025-03-30 18:29:50.037767,145.14263492968325
2025-03-30 18:30:50.037767,146.53090813809962
2025-03-30 18:31:50.037767,147.9163916092448
2025-03-30 18:32:50.037767,149.29905896551062
2025-03-30 18:33:50.037767,150.67888388290257
2025-03-30 18:34:50.037767,152.05584009154543
2025-03-30 18:35:50.037767,153.42990137617676
2025-03-30 18:36:50.037767,190.75182057769996
2025-03-30 18:37:50.037767,156.1692345884331
2025-03-30 18:38:50.037767,331.86212063646417
2025-03-30 18:39:50.037767,158.8966749088407
2025-03-30 18:40:50.037767,160.25587029093438
2025-03-30 18:41:50.037767,161.61201463226158
2025-03-30 18:42:50.037767,273.19431529240705
2025-03-30 18:43:50.037767,200.01466431008282
2025-03-30 18:44:50.037767,223.01217622058206
2025-03-30 18:45:50.037767,167.00556609086235
2025-03-30 18:46:50.037767,168.34606912178526
2025-03-30 18:47:50.037767,285.7582714406001
2025-03-30 18:48:50.037767,171.01743452393418
2025-03-30 18:49:50.037767,172.34824603621362
2025-03-30 18:50:50.037767,173.67577628632318
2025-03-30 18:51:50.037767,186.4202323836884
2025-03-30 18:52:50.037767,196.7947902713799
2025-03-30 18:53:50.037767,420.1837384336126
2025-03-30 18:54:50.037767,285.090567672703
2025-03-30 18:55:50.037767,180.26332621851915
2025-03-30 18:56:50.037767,181.5706403561818
2025-03-30 18:57:50.037767,182.87449765058162
2025-03-30 18:58:50.037767,184.174873278154
2025-03-30 18:59:50.037767,185.4717424816216
2025-03-30 19:00:50.037767,375.58423043156887
2025-03-30 19:01:50.037767,79.1492831310798
2025-03-30 19:02:50.037767,189.34106497879725
2025-03-30 19:03:50.037767,190.623662255259
2025-03-30 19:04:50.037767,191.90263033196953
2025-03-30 19:05:50.037767,193.17794485921922
2025-03-30 19:06:50.037767,194.4495815568598
2025-03-30 19:07:50.037767,195.71751621476062
2025-03-30 19:08:50.037767,196.98172469327338
2025-03-30 19:09:50.037767,198.24218292369108
2025-03-30 19:10:50.037767,199.49886690870582
2025-03-30 19:11:50.037767,200.7517527228661
2025-03-30 19:12:50.037767,282.63495767057157
2025-03-30 19:13:50.037767,203.24603449882923
2025-03-30 19:14:50.037767,204.48738297310254
2025-03-30 19:15:50.037767,205.72483830236624
2025-03-30 19:16:50.037767,206.95837692725465
2025-03-30 19:17:50.037767,210.16181050957624
2025-03-30 19:18:50.037767,209.41361019972985
2025-03-30 19:19:50.037767,210.63525810321624
2025-03-30 19:20:50.037767,211.85289581501254
2025-03-30 19:21:50.037767,286.39665971872677
2025-03-30 19:22:50.037767,214.2760480120571
2025-03-30 19:23:50.037767,265.39513869628826
2025-03-30 19:24:50.037767,262.65873803677385
2025-03-30 19:25:50.037767,217.8801228231672
2025-03-30 19:26:50.037767,269.03249409751635
2025-03-30 19:27:50.037767,220.26213686744381
2025-03-30 19:28:50.037767,221.44686499687955
2025-03-30 19:29:50.037767,222.62737709721648
2025-03-30 19:30:50.037767,289.8145874238289
2025-03-30 19:31:50.037767,224.97566339028822
2025-03-30 19:32:50.037767,226.14339287503697
2025-03-30 19:33:50.037767,227.30681691556404
2025-03-30 19:34:50.037767,228.4659133619528
2025-03-30 19:35:50.037767,229.62066014667764
2025-03-30 19:36:50.037767,262.6965879601238
2025-03-30 19:37:50.037767,231.91701687550852
2025-03-30 19:38:50.037767,233.05858310029257
2025-03-30 19:39:50.037767,304.33903289926906
2025-03-30 19:40:50.037767,324.2086885054232
2025-03-30 19:41:50.037767,236.45657266548028
2025-03-30 19:42:50.037767,237.580260936529
2025-03-30 19:43:50.037767,238.69942602187402
2025-03-30 19:44:50.037767,239.8140466142254
2025-03-30 19:45:50.037767,268.0988976930044
2025-03-30 19:46:50.037767,242.0295695237943
2025-03-30 19:47:50.037767,349.4597531001221
2025-03-30 19:48:50.037767,244.22666094458836
2025-03-30 19:49:50.037767,73.59547275148448
2025-03-30 19:50:50.037767,73.92154606787686
2025-03-30 19:51:50.037767,247.48737341529068
2025-03-30 19:52:50.037767,248.56488146814905
2025-03-30 19:53:50.037767,249.63765720396285
2025-03-30 19:54:50.037767,289.83526576167185
2025-03-30 19:55:50.037767,251.76893011852752
2025-03-30 19:56:50.037767,252.8273867209142
2025-03-30 19:57:50.037767,253.8810298543006
2025-03-30 19:58:50.037767,254.92983945884012
2025-03-30 19:59:50.037767,320.9448257267707
2025-03-30 20:00:50.037767,495.3570559798774
2025-03-30 20:01:50.037767,258.04706788354395
2025-03-30 20:02:50.037767,266.4520943383811
2025-03-30 20:03:50.037767,260.1006889170871
2025-03-30 20:04:50.037767,751.383321737651
2025-03-30 20:05:50.037767,262.13450227615016
2025-03-30 20:06:50.037767,263.1439326176416
2025-03-30 20:07:50.037767,264.1483530779699
2025-03-30 20:08:50.037767,265.14774453441726
2025-03-30 20:09:50.037767,266.1420879600108
2025-03-30 20:10:50.037767,267.13136442388526
2025-03-30 20:11:50.037767,268.1155550916426
2025-03-30 20:12:50.037767,269.09464122571126
2025-03-30 20:13:50.037767,515.2462459932914
2025-03-30 20:14:50.037767,271.0374254287641
2025-03-30 20:15:50.037767,272.00108650993906
2025-03-30 20:16:50.037767,272.95956908250804
2025-03-30 20:17:50.037767,273.9128548983444
2025-03-30 20:18:50.037767,274.8609258082604
2025-03-30 20:19:50.037767,275.8037637623525
2025-03-30 20:20:50.037767,330.52128856433586
2025-03-30 20:21:50.037767,277.6736691019324
2025-03-30 20:22:50.037767,278.6007008871179
2025-03-30 20:23:50.037767,279.52242851655285
2025-03-30 20:24:50.037767,280.4388344418717
2025-03-30 20:25:50.037767,281.34990121602664
2025-03-30 20:26:50.037767,282.2556114936181
2025-03-30 20:27:50.037767,283.15594803123093
2025-03-30 20:28:50.037767,452.7615751382321
2025-03-30 20:29:50.037767,284.94043142471133
2025-03-30 20:30:50.037767,418.868141997215
2025-03-30 20:31:50.037767,324.0939084551888
2025-03-30 20:32:50.037767,287.5764282797573
2025-03-30 20:33:50.037767,288.44416601770564
2025-03-30 20:34:50.037767,289.30641219451627
2025-03-30 20:35:50.037767,467.45722947559955
2025-03-30 20:36:50.037767,291.0143643058913
2025-03-30 20:37:50.037767,535.9202931507798
2025-03-30 20:38:50.037767,292.70015454671517
2025-03-30 20:39:50.037767,502.22792846845164
2025-03-30 20:40:50.037767,294.36365453753695
2025-03-30 20:41:50.037767,518.1704335711462
2025-03-30 20:42:50.037767,296.00473759639044
2025-03-30 20:43:50.037767,296.816833654749
2025-03-30 20:44:50.037767,423.0201503929401
2025-03-30 20:45:50.037767,298.4240575239324
2025-03-30 20:46:50.037767,729.9762146972447
2025-03-30 20:47:50.037767,300.0085552457397
2025-03-30 20:48:50.037767,300.7922440255089
2025-03-30 20:49:50.037767,301.57020615453337
2025-03-30 20:50:50.037767,302.34242682153797
2025-03-30 20:51:50.037767,303.1088913245531
2025-03-30 20:52:50.037767,303.8695850711995
2025-03-30 20:53:50.037767,454.50657009144476
2025-03-30 20:54:50.037767,305.3736024754789
2025-03-30 20:55:50.037767,306.1168974987885
2025-03-30 20:56:50.037767,306.8543644976278
2025-03-30 20:57:50.037767,367.8799818612966
2025-03-30 20:58:50.037767,308.3117583718852
2025-03-30 20:59:50.037767,462.3180034984678
2025-03-30 21:00:50.037767,309.74567311206397
2025-03-30 21:01:50.037767,351.6367893955969
2025-03-30 21:02:50.037767,311.1559995200073
2025-03-30 21:03:50.037767,311.8522834659284
2025-03-30 21:04:50.037767,453.4352402959146
2025-03-30 21:05:50.037767,320.45143029249294
2025-03-30 21:06:50.037767,313.90545953644084
2025-03-30 21:07:50.037767,314.57791620470846
2025-03-30 21:08:50.037767,315.24438376290584
2025-03-30 21:09:50.037767,634.0314761812457
2025-03-30 21:10:50.037767,316.5593009090291
2025-03-30 21:11:50.037767,317.2077254628279
2025-03-30 21:12:50.037767,317.8501108387779
2025-03-30 21:13:50.037767,374.97717363867605
2025-03-30 21:14:50.037767,566.4659660806094
2025-03-30 21:15:50.037767,802.3899671869254
2025-03-30 21:16:50.037767,320.3590176918063
2025-03-30 21:17:50.037767,320.97102603479334
2025-03-30 21:18:50.037767,742.433601944996
2025-03-30 21:19:50.037767,620.9324435250084
2025-03-30 21:20:50.037767,322.77034008465824
2025-03-30 21:21:50.037767,323.35783637895054
2025-03-30 21:22:50.037767,337.54868083283964
2025-03-30 21:23:50.037767,429.7635997170377
2025-03-30 21:24:50.037767,325.08334350517305
2025-03-30 21:25:50.037767,593.2393845133103
2025-03-30 21:26:50.037767,326.20275424897915
2025-03-30 21:27:50.037767,326.75314927402036
2025-03-30 21:28:50.037767,667.8344874344664
2025-03-30 21:29:50.037767,327.8352662369391
2025-03-30 21:30:50.037767,328.3669675728695
2025-03-30 21:31:50.037767,328.892417275068
2025-03-30 21:32:50.037767,329.41160533972993
2025-03-30 21:33:50.037767,424.10058138859875
2025-03-30 21:34:50.037767,330.43115713747477
2025-03-30 21:35:50.037767,330.93150145976045
2025-03-30 21:36:50.037767,331.4255453232866
2025-03-30 21:37:50.037767,331.91327932216944
2025-03-30 21:38:50.037767,332.3946941706567
2025-03-30 21:39:50.037767,796.217195323547
2025-03-30 21:40:50.037767,333.33852987514734
2025-03-30 21:41:50.037767,405.24868653307544
2025-03-30 21:42:50.037767,705.2570100329274
2025-03-30 21:43:50.037767,334.70666458706256
2025-03-30 21:44:50.037767,803.9592714187786
2025-03-30 21:45:50.037767,335.5869072038678
2025-03-30 21:46:50.037767,336.0174490350746
2025-03-30 21:47:50.037767,336.44159357841124
2025-03-30 21:48:50.037767,336.85933275877625
2025-03-30 21:49:50.037767,374.0376480539545
2025-03-30 21:50:50.037767,547.5493551588514
2025-03-30 21:51:50.037767,338.0740392011738
2025-03-30 21:52:50.037767,398.3868308066832
2025-03-30 21:53:50.037767,341.88600176157615
2025-03-30 21:54:50.037767,339.2308183973641
2025-03-30 21:55:50.037767,339.60350419659886
2025-03-30 21:56:50.037767,523.7276448434274
2025-03-30 21:57:50.037767,340.32947213918703
2025-03-30 21:58:50.037767,883.5011309142756
2025-03-30 21:59:50.037767,341.02952267483204
2025-03-30 22:00:50.037767,341.3698121779792
2025-03-30 22:01:50.037767,341.7036024919765
2025-03-30 22:02:50.037767,342.0308872619375
2025-03-30 22:03:50.037767,342.3516602568319
2025-03-30 22:04:50.037767,429.2106206504008
2025-03-30 22:05:50.037767,719.9606553660709
2025-03-30 22:06:50.037767,343.2748481411307
2025-03-30 22:07:50.037767,343.56951420668247
2025-03-30 22:08:50.037767,354.4835153188435
2025-03-30 22:09:50.037767,654.2680367139526
2025-03-30 22:10:50.037767,1000.0
2025-03-30 22:11:50.037767,344.68271355427265
2025-03-30 22:12:50.037767,344.944620670327
2025-03-30 22:13:50.037767,345.1999605380309
2025-03-30 22:14:50.037767,345.4487282960811
2025-03-30 22:15:50.037767,345.69091920829817
2025-03-30 22:16:50.037767,345.9265286637163
2025-03-30 22:17:50.037767,346.15555217667094
2025-03-30 22:18:50.037767,346.37798538688463
2025-03-30 22:19:50.037767,346.5938240595497
2025-03-30 22:20:50.037767,346.8030640854089
2025-03-30 22:21:50.037767,511.0850899658325
2025-03-30 22:22:50.037767,446.096486653892
2025-03-30 22:23:50.037767,347.39115307446264
2025-03-30 22:24:50.037767,411.3959107632403
2025-03-30 22:25:50.037767,347.7501494868055
2025-03-30 22:26:50.037767,347.9197183778118
2025-03-30 22:27:50.037767,348.08266337889563
2025-03-30 22:28:50.037767,348.2389813878191
2025-03-30 22:29:50.037767,348.38866942851257
2025-03-30 22:30:50.037767,348.53172465113164
2025-03-30 22:31:50.037767,348.668144332111
2025-03-30 22:32:50.037767,348.79792587421656
2025-03-30 22:33:50.037767,348.9210668065947
2025-03-30 22:34:50.037767,349.0375647848199
2025-03-30 22:35:50.037767,349.1474175909384
2025-03-30 22:36:50.037767,349.25062313351117
2025-03-30 22:37:50.037767,443.5840103772384
2025-03-30 22:38:50.037767,389.8767667538203
2025-03-30 22:39:50.037767,349.5203371641008
2025-03-30 22:40:50.037767,349.59693526973274
2025-03-30 22:41:50.037767,563.9449325958388
2025-03-30 22:42:50.037767,465.2146318693475
2025-03-30 22:43:50.037767,413.6706826076318
2025-03-30 22:44:50.037767,650.8193185920313
2025-03-30 22:45:50.037767,349.880063741445
2025-03-30 22:46:50.037767,704.3097389252864
2025-03-30 22:47:50.037767,1000.0
2025-03-30 22:48:50.037767,349.97001465090244
2025-03-30 22:49:50.037767,349.98667307245995
2025-03-30 22:50:50.037767,349.99666825225705
2025-03-30 22:51:50.037767,350.0
2025-03-30 22:52:50.037767,654.1084466578302
2025-03-30 22:53:50.037767,423.9033338967856
2025-03-30 22:54:50.037767,349.97001465090244
2025-03-30 22:55:50.037767,349.94669330473687
2025-03-30 22:56:50.037767,1000.0
2025-03-30 22:57:50.037767,349.88006374144504
2025-03-30 22:58:50.037767,349.83675679284954
2025-03-30 22:59:50.037767,349.7867894566835
2025-03-30 23:00:50.037767,441.9392124932865
2025-03-30 23:01:50.037767,349.66687755365024
2025-03-30 23:02:50.037767,349.59693526973274
2025-03-30 23:03:50.037767,349.5203371641008
2025-03-30 23:04:50.037767,349.4370846950721
2025-03-30 23:05:50.037767,429.3258874776759
2025-03-30 23:06:50.037767,349.25062313351117
2025-03-30 23:07:50.037767,349.1474175909386
2025-03-30 23:08:50.037767,349.03756478482006
2025-03-30 23:09:50.037767,348.92106680659487
2025-03-30 23:10:50.037767,511.2259520931439
2025-03-30 23:11:50.037767,348.66814433211096
2025-03-30 23:12:50.037767,348.5317246511316
2025-03-30 23:13:50.037767,348.38866942851257
2025-03-30 23:14:50.037767,348.2389813878191
2025-03-30 23:15:50.037767,104.42479901366868
2025-03-30 23:16:50.037767,347.91971837781176
2025-03-30 23:17:50.037767,796.8065288914544
2025-03-30 23:18:50.037767,444.0229483074241
2025-03-30 23:19:50.037767,378.2773880105059
2025-03-30 23:20:50.037767,347.20173238790034
2025-03-30 23:21:50.037767,382.46964502043454
2025-03-30 23:22:50.037767,346.80306408540883
2025-03-30 23:23:50.037767,437.53192295748374
2025-03-30 23:24:50.037767,874.5376695841704
2025-03-30 23:25:50.037767,352.07910166955173
2025-03-30 23:26:50.037767,457.6350203909108
2025-03-30 23:27:50.037767,103.70727576248943
2025-03-30 23:28:50.037767,142.11483950777992
2025-03-30 23:29:50.037767,183.74943305606342
2025-03-30 23:30:50.037767,344.9446206703274
2025-03-30 23:31:50.037767,582.2078438118666
2025-03-30 23:32:50.037767,344.4142441762019
2025-03-30 23:33:50.037767,593.1222744040786
2025-03-30 23:34:50.037767,343.8576392039285
2025-03-30 23:35:50.037767,343.5695142066824
2025-03-30 23:36:50.037767,343.27484814113063
2025-03-30 23:37:50.037767,392.88662621179185
2025-03-30 23:38:50.037767,342.66591536960425
2025-03-30 23:39:50.037767,587.1398908672087
2025-03-30 23:40:50.037767,342.03088726193744
2025-03-30 23:41:50.037767,341.7036024919764
2025-03-30 23:42:50.037767,341.36981217797967
2025-03-30 23:43:50.037767,564.5891563785106
2025-03-30 23:44:50.037767,340.68274046115715
2025-03-30 23:45:50.037767,484.21005004576756
2025-03-30 23:46:50.037767,339.9697244346416
2025-03-30 23:47:50.037767,339.6035041965988
2025-03-30 23:48:50.037767,339.23081839736403
2025-03-30 23:49:50.037767,338.8516741323376
2025-03-30 23:50:50.037767,338.4660786198799
2025-03-30 23:51:50.037767,531.7379501902951
2025-03-30 23:52:50.037767,337.67556334008424
2025-03-30 23:53:50.037767,337.2706586230184
2025-03-30 23:54:50.037767,567.1858685393097
2025-03-30 23:55:50.037767,336.4415935784118
2025-03-30 23:56:50.037767,336.01744903507523
2025-03-30 23:57:50.037767,335.58690720386767
2025-03-30 23:58:50.037767,335.1499762816851
2025-03-30 23:59:50.037767,334.70666458706245
2025-03-31 00:00:50.037767,474.36015919499835
2025-03-31 00:01:50.037767,393.9438203415515
2025-03-31 00:02:50.037767,333.33852987514723
2025-03-31 00:03:50.037767,332.8697807033035
2025-03-31 00:04:50.037767,332.39469417065663
2025-03-31 00:05:50.037767,717.3669603721833
2025-03-31 00:06:50.037767,331.4255453232873
2025-03-31 00:07:50.037767,330.93150145976114
2025-03-31 00:08:50.037767,403.757759010567
2025-03-31 00:09:50.037767,563.2725445082156
2025-03-31 00:10:50.037767,329.4116053397298
2025-03-31 00:11:50.037767,328.8924172750679
2025-03-31 00:12:50.037767,330.8330744351782
2025-03-31 00:13:50.037767,804.6308994000436
2025-03-31 00:14:50.037767,327.2973233901039
2025-03-31 00:15:50.037767,346.05683542099416
2025-03-31 00:16:50.037767,326.20275424897994
2025-03-31 00:17:50.037767,325.646148793709
2025-03-31 00:18:50.037767,325.08334350517384
2025-03-31 00:19:50.037767,324.5143490983758
2025-03-31 00:20:50.037767,552.8718663666016
2025-03-31 00:21:50.037767,323.3578363789504
2025-03-31 00:22:50.037767,322.77034008465813
2025-03-31 00:23:50.037767,322.176698708354
2025-03-31 00:24:50.037767,321.57692355211424
2025-03-31 00:25:50.037767,320.97102603479317
2025-03-31 00:26:50.037767,320.3590176918061
2025-03-31 00:27:50.037767,319.7409101749099
2025-03-31 00:28:50.037767,319.1167152519815
2025-03-31 00:29:50.037767,318.4864448067906
2025-03-31 00:30:50.037767,317.8501108387788
2025-03-31 00:31:50.037767,527.3150982296382
2025-03-31 00:32:50.037767,446.0961105500594
2025-03-31 00:33:50.037767,424.12226786269974
2025-03-31 00:34:50.037767,457.85372523845706
2025-03-31 00:35:50.037767,901.3238610415027
2025-03-31 00:36:50.037767,941.716378609322
2025-03-31 00:37:50.037767,313.22702656070845
2025-03-31 00:38:50.037767,312.54263019389754
2025-03-31 00:39:50.037767,333.47781903378524
2025-03-31 00:40:50.037767,396.84322796810983
2025-03-31 00:41:50.037767,566.1831933763851
2025-03-31 00:42:50.037767,742.066863862779
2025-03-31 00:43:50.037767,309.03165750062465
2025-03-31 00:44:50.037767,308.31175837188505
2025-03-31 00:45:50.037767,307.5859894316879
2025-03-31 00:46:50.037767,306.85436449762767
2025-03-31 00:47:50.037767,306.1168974987883
2025-03-31 00:48:50.037767,305.37360247547866
2025-03-31 00:49:50.037767,304.62449357896446
2025-03-31 00:50:50.037767,880.1739201206357
2025-03-31 00:51:50.037767,491.30702782825625
2025-03-31 00:52:50.037767,302.342426821539
2025-03-31 00:53:50.037767,301.57020615453445
2025-03-31 00:54:50.037767,836.8997152379058
2025-03-31 00:55:50.037767,300.0085552457395
2025-03-31 00:56:50.037767,299.2191547355314
2025-03-31 00:57:50.037767,298.4240575239323
2025-03-31 00:58:50.037767,297.62327874844686
2025-03-31 00:59:50.037767,296.8168336547488
2025-03-31 01:00:50.037767,503.3106634776696
2025-03-31 01:01:50.037767,389.21017347404523
2025-03-31 01:02:50.037767,294.3636545375381
2025-03-31 01:03:50.037767,293.534698780899
2025-03-31 01:04:50.037767,292.7001545467163
2025-03-31 01:05:50.037767,308.4516873352059
2025-03-31 01:06:50.037767,291.0143643058911
2025-03-31 01:07:50.037767,290.1631503942648
2025-03-31 01:08:50.037767,395.8489468134828
2025-03-31 01:09:50.037767,288.4441660177054
2025-03-31 01:10:50.037767,287.5764282797571
2025-03-31 01:11:50.037767,286.7032155011468
2025-03-31 01:12:50.037767,450.38626359266937
2025-03-31 01:13:50.037767,503.41237609609334
2025-03-31 01:14:50.037767,566.3514865577114
2025-03-31 01:15:50.037767,84.94678440936966
2025-03-31 01:16:50.037767,84.67668344808581
2025-03-31 01:17:50.037767,130.6337356445032
2025-03-31 01:18:50.037767,100.04290246744544
2025-03-31 01:19:50.037767,89.40232905166287
2025-03-31 01:20:50.037767,83.58021026613531
2025-03-31 01:21:50.037767,83.30210073057965
2025-03-31 01:22:50.037767,83.02240524310346
2025-03-31 01:23:50.037767,82.74112912870568
2025-03-31 01:24:50.037767,103.11160291637933
2025-03-31 01:25:50.037767,86.6411687083124
2025-03-31 01:26:50.037767,343.30956131824075
2025-03-31 01:27:50.037767,405.3535558360147
2025-03-31 01:28:50.037767,271.0374254287654
2025-03-31 01:29:50.037767,270.0686041857023
2025-03-31 01:30:50.037767,269.09464122571103
2025-03-31 01:31:50.037767,268.11555509164236
2025-03-31 01:32:50.037767,339.3975473188096
2025-03-31 01:33:50.037767,266.1420879600106
2025-03-31 01:34:50.037767,265.147744534417
2025-03-31 01:35:50.037767,264.1483530779697
2025-03-31 01:36:50.037767,286.6867370406554
2025-03-31 01:37:50.037767,262.1345022761516
2025-03-31 01:38:50.037767,261.12008127159555
2025-03-31 01:39:50.037767,260.1006889170885
2025-03-31 01:40:50.037767,259.07634462039164
2025-03-31 01:41:50.037767,265.8145330878608
2025-03-31 01:42:50.037767,410.68687253987775
2025-03-31 01:43:50.037767,255.97379556670964
2025-03-31 01:44:50.037767,254.9298394588399
2025-03-31 01:45:50.037767,253.88102985430038
2025-03-31 01:46:50.037767,252.82738672091403
2025-03-31 01:47:50.037767,251.7689301185273
2025-03-31 01:48:50.037767,250.70568019862998
2025-03-31 01:49:50.037767,249.63765720396438
2025-03-31 01:50:50.037767,248.56488146815053
2025-03-31 01:51:50.037767,247.48737341529218
2025-03-31 01:52:50.037767,246.4051535595893
2025-03-31 01:53:50.037767,444.63520397664826
2025-03-31 01:54:50.037767,244.22666094458813
2025-03-31 01:55:50.037767,243.13042966064899
2025-03-31 01:56:50.037767,242.02956952379404
2025-03-31 01:57:50.037767,240.92410149281352
2025-03-31 01:58:50.037767,660.9241022311063
2025-03-31 01:59:50.037767,238.69942602187373
2025-03-31 02:00:50.037767,252.64546764977126
2025-03-31 02:01:50.037767,85.0764594776191
2025-03-31 02:02:50.037767,168.82842114551974
2025-03-31 02:03:50.037767,70.25871366768025
2025-03-31 02:04:50.037767,69.9175749300877
2025-03-31 02:05:50.037767,69.57510506265248
2025-03-31 02:06:50.037767,230.77103528502414
2025-03-31 02:07:50.037767,229.62066014667738
2025-03-31 02:08:50.037767,228.46591336195252
2025-03-31 02:09:50.037767,227.3068169155638
2025-03-31 02:10:50.037767,226.14339287503668
2025-03-31 02:11:50.037767,230.17602278405613
2025-03-31 02:12:50.037767,264.20297242706386
2025-03-31 02:13:50.037767,230.84935558175582
2025-03-31 02:14:50.037767,221.4468649968812
2025-03-31 02:15:50.037767,220.26213686744353
2025-03-31 02:16:50.037767,274.35102746652836
2025-03-31 02:17:50.037767,217.88012282316694
2025-03-31 02:18:50.037767,342.4538659137018
2025-03-31 02:19:50.037767,298.6869570962554
2025-03-31 02:20:50.037767,337.07007875906424
2025-03-31 02:21:50.037767,213.06650015305163
2025-03-31 02:22:50.037767,346.14337820153037
2025-03-31 02:23:50.037767,631.9057743096538
2025-03-31 02:24:50.037767,303.78219154162554
2025-03-31 02:25:50.037767,208.18797536297018
2025-03-31 02:26:50.037767,206.95837692725436
2025-03-31 02:27:50.037767,205.72483830236598
2025-03-31 02:28:50.037767,204.48738297310223
2025-03-31 02:29:50.037767,480.00208629254456
2025-03-31 02:30:50.037767,322.1561108131797
2025-03-31 02:31:50.037767,418.06230000083343
2025-03-31 02:32:50.037767,199.49886690870557
2025-03-31 02:33:50.037767,198.2421829236908
2025-03-31 02:34:50.037767,196.9817246932752
2025-03-31 02:35:50.037767,195.71751621476238
2025-03-31 02:36:50.037767,249.69618688038506
2025-03-31 02:37:50.037767,193.177944859221
2025-03-31 02:38:50.037767,191.9026303319703
2025-03-31 02:39:50.037767,190.62366225525977
2025-03-31 02:40:50.037767,189.341064978798
2025-03-31 02:41:50.037767,373.5286134787029
2025-03-31 02:42:50.037767,186.7650805704638
2025-03-31 02:43:50.037767,185.47174248162133
2025-03-31 02:44:50.037767,184.1748732781537
2025-03-31 02:45:50.037767,182.87449765058128
2025-03-31 02:46:50.037767,181.57064035618362
2025-03-31 02:47:50.037767,180.26332621851992
2025-03-31 02:48:50.037767,219.73927183346316
2025-03-31 02:49:50.037767,177.63842703624704
2025-03-31 02:50:50.037767,176.32089196593458
2025-03-31 02:51:50.037767,175.0000000000002
2025-03-31 02:52:50.037767,173.67577628632287
2025-03-31 02:53:50.037767,172.3482460362133
2025-03-31 02:54:50.037767,171.01743452393387
2025-03-31 02:55:50.037767,187.6200074269226
2025-03-31 02:56:50.037767,168.34606912178492
2025-03-31 02:57:50.037767,436.9994156028081
2025-03-31 02:58:50.037767,261.8088753463614
2025-03-31 02:59:50.037767,164.31504697506267
2025-03-31 03:00:50.037767,162.9650821137897
2025-03-31 03:01:50.037767,161.61201463226237
2025-03-31 03:02:50.037767,240.15668464789934
2025-03-31 03:03:50.037767,321.7004633274388
2025-03-31 03:04:50.037767,358.45587367612444
2025-03-31 03:05:50.037767,156.16923458843283
2025-03-31 03:06:50.037767,154.80104157665
2025-03-31 03:07:50.037767,153.42990137617645
2025-03-31 03:08:50.037767,152.05584009154512
2025-03-31 03:09:50.037767,150.6788838829045
2025-03-31 03:10:50.037767,149.29905896551142
2025-03-31 03:11:50.037767,147.91639160924564
2025-03-31 03:12:50.037767,146.53090813810047
2025-03-31 03:13:50.037767,216.77000133595268
2025-03-31 03:14:50.037767,143.75159841471728
2025-03-31 03:15:50.037767,142.3578250765301
2025-03-31 03:16:50.037767,169.22357790237874
2025-03-31 03:17:50.037767,139.5621741238358
2025-03-31 03:18:50.037767,138.16034973449297
2025-03-31 03:19:50.037767,195.77975859471766
2025-03-31 03:20:50.037767,135.34883657288626
2025-03-31 03:21:50.037767,133.93920132778257
2025-03-31 03:22:50.037767,132.52701607335248
2025-03-31 03:23:50.037767,131.11230769556994
2025-03-31 03:24:50.037767,129.69510312844324
2025-03-31 03:25:50.037767,128.2754293535044
2025-03-31 03:26:50.037767,126.85331339929573
2025-03-31 03:27:50.037767,125.42878234085505
2025-03-31 03:28:50.037767,207.64085687021594
2025-03-31 03:29:50.037767,122.57258344081315
2025-03-31 03:30:50.037767,121.14096997712187
2025-03-31 03:31:50.037767,269.7680417663616
2025-03-31 03:32:50.037767,349.7212318332773
2025-03-31 03:33:50.037767,271.505745578908
2025-03-31 03:34:50.037767,115.39172584197642
2025-03-31 03:35:50.037767,113.9488540600055
2025-03-31 03:36:50.037767,112.50381285610702
2025-03-31 03:37:50.037767,111.0566297417825
2025-03-31 03:38:50.037767,109.60733226931238
2025-03-31 03:39:50.037767,108.15594803123145
2025-03-31 03:40:50.037767,106.70250465980344
2025-03-31 03:41:50.037767,105.24702982649502
2025-03-31 03:42:50.037767,103.78955124144906
2025-03-31 03:43:50.037767,135.15683513296793
2025-03-31 03:44:50.037767,124.38388782996354
2025-03-31 03:45:50.037767,99.40537064637391
2025-03-31 03:46:50.037767,97.940154910848
2025-03-31 03:47:50.037767,96.47307453595029
2025-03-31 03:48:50.037767,95.00415745277635
2025-03-31 03:49:50.037767,93.53343162739007
2025-03-31 03:50:50.037767,111.17126370916671
2025-03-31 03:51:50.037767,90.58666578588202
2025-03-31 03:52:50.037767,167.10585547654793
2025-03-31 03:53:50.037767,100.96892879488874
2025-03-31 03:54:50.037767,98.41234647331308
2025-03-31 03:55:50.037767,84.67266345988503
2025-03-31 03:56:50.037767,83.1900623141617
2025-03-31 03:57:50.037767,244.89511379685246
2025-03-31 03:58:50.037767,80.22013682284565
2025-03-31 03:59:50.037767,78.73286902035323
2025-03-31 04:00:50.037767,77.24410225752565
2025-03-31 04:01:50.037767,75.75386487833607
2025-03-31 04:02:50.037767,91.21000039645065
2025-03-31 04:03:50.037767,72.76909178621543
2025-03-31 04:04:50.037767,71.27461289906155
2025-03-31 04:05:50.037767,177.97639506588231
2025-03-31 04:06:50.037767,68.2816127056439
2025-03-31 04:07:50.037767,66.78314838179192
2025-03-31 04:08:50.037767,65.28341260305814
2025-03-31 04:09:50.037767,63.78243392225243
2025-03-31 04:10:50.037767,81.64877412640311
2025-03-31 04:11:50.037767,60.77686218342601
2025-03-31 04:12:50.037767,59.272326347158796
2025-03-31 04:13:50.037767,57.76666205123714
2025-03-31 04:14:50.037767,66.44611776740257
2025-03-31 04:15:50.037767,54.75206276408034
2025-03-31 04:16:50.037767,53.24318516647017
2025-03-31 04:17:50.037767,54.6149969086683
2025-03-31 04:18:50.037767,50.22241769691412
2025-03-31 04:19:50.037767,66.15679142336549
2025-03-31 04:20:50.037767,47.19782559580399
2025-03-31 04:21:50.037767,45.68416727701877
2025-03-31 04:22:50.037767,44.16963919754092
2025-03-31 04:23:50.037767,42.654270191801906
2025-03-31 04:24:50.037767,60.6755697934563
2025-03-31 04:25:50.037767,39.621124818767214
2025-03-31 04:26:50.037767,54.823201210257636
2025-03-31 04:27:50.037767,36.584962143678155
2025-03-31 04:28:50.037767,35.06582156422592
2025-03-31 04:29:50.037767,10.06380401462322
2025-03-31 04:30:50.037767,9.607669959657631
2025-03-31 04:31:50.037767,14.576202713713933
2025-03-31 04:32:50.037767,8.694861788781708
2025-03-31 04:33:50.037767,8.910683762671582
2025-03-31 04:34:50.037767,7.781391470517042
2025-03-31 04:35:50.037767,12.833608995465584
2025-03-31 04:36:50.037767,6.867328569165015
2025-03-31 04:37:50.037767,6.4100966511599
2025-03-31 04:38:50.037767,5.9527426941545025
2025-03-31 04:39:50.037767,26.298663945623534
2025-03-31 04:40:50.037767,16.792344982469494
2025-03-31 04:41:50.037767,15.266785577868983
2025-03-31 04:42:50.037767,13.740935515675181
2025-03-31 04:43:50.037767,12.214823845876293
2025-03-31 04:44:50.037767,10.959098843731727
2025-03-31 04:45:50.037767,12.210513040963574
2025-03-31 04:46:50.037767,7.635209762096698
2025-03-31 04:47:50.037767,11.600243459847102
2025-03-31 04:48:50.037767,4.581358449970429
2025-03-31 04:49:50.037767,3.054287424430537
2025-03-31 04:50:50.037767,1.5271582496607436
2025-03-31 04:51:50.037767,0.0
2025-03-31 04:52:50.037767,0.0
2025-03-31 04:53:50.037767,0.0
2025-03-31 04:54:50.037767,0.0
2025-03-31 04:55:50.037767,0.0
2025-03-31 04:56:50.037767,0.0
2025-03-31 04:57:50.037767,0.0
2025-03-31 04:58:50.037767,0.0
2025-03-31 04:59:50.037767,0.0
2025-03-31 05:00:50.037767,0.0
2025-03-31 05:01:50.037767,0.0
2025-03-31 05:02:50.037767,0.0
2025-03-31 05:03:50.037767,0.0
2025-03-31 05:04:50.037767,0.0
2025-03-31 05:05:50.037767,0.0
2025-03-31 05:06:50.037767,0.0
2025-03-31 05:07:50.037767,0.0
2025-03-31 05:08:50.037767,0.0
2025-03-31 05:09:50.037767,0.0
2025-03-31 05:10:50.037767,0.0
2025-03-31 05:11:50.037767,0.0
2025-03-31 05:12:50.037767,0.0
2025-03-31 05:13:50.037767,0.0
2025-03-31 05:14:50.037767,0.0
2025-03-31 05:15:50.037767,0.0
2025-03-31 05:16:50.037767,0.0
2025-03-31 05:17:50.037767,0.0
2025-03-31 05:18:50.037767,0.0
2025-03-31 05:19:50.037767,0.0
2025-03-31 05:20:50.037767,0.0
2025-03-31 05:21:50.037767,0.0
2025-03-31 05:22:50.037767,0.0
2025-03-31 05:23:50.037767,0.0
2025-03-31 05:24:50.037767,0.0
2025-03-31 05:25:50.037767,0.0
2025-03-31 05:26:50.037767,0.0
2025-03-31 05:27:50.037767,0.0
2025-03-31 05:28:50.037767,0.0
2025-03-31 05:29:50.037767,0.0
2025-03-31 05:30:50.037767,0.0
2025-03-31 05:31:50.037767,0.0
2025-03-31 05:32:50.037767,0.0
2025-03-31 05:33:50.037767,0.0
2025-03-31 05:34:50.037767,0.0
2025-03-31 05:35:50.037767,0.0
2025-03-31 05:36:50.037767,0.0
2025-03-31 05:37:50.037767,0.0
2025-03-31 05:38:50.037767,0.0
2025-03-31 05:39:50.037767,0.0
2025-03-31 05:40:50.037767,0.0
2025-03-31 05:41:50.037767,0.0
2025-03-31 05:42:50.037767,0.0
2025-03-31 05:43:50.037767,0.0
2025-03-31 05:44:50.037767,0.0
2025-03-31 05:45:50.037767,0.0
2025-03-31 05:46:50.037767,0.0
2025-03-31 05:47:50.037767,0.0
2025-03-31 05:48:50.037767,0.0
2025-03-31 05:49:50.037767,0.0
2025-03-31 05:50:50.037767,0.0
2025-03-31 05:51:50.037767,0.0
2025-03-31 05:52:50.037767,0.0
2025-03-31 05:53:50.037767,0.0
2025-03-31 05:54:50.037767,0.0
2025-03-31 05:55:50.037767,0.0
2025-03-31 05:56:50.037767,0.0
2025-03-31 05:57:50.037767,0.0
2025-03-31 05:58:50.037767,0.0
2025-03-31 05:59:50.037767,0.0
2025-03-31 06:00:50.037767,0.0
2025-03-31 06:01:50.037767,0.0
2025-03-31 06:02:50.037767,0.0
2025-03-31 06:03:50.037767,0.0
2025-03-31 06:04:50.037767,0.0
2025-03-31 06:05:50.037767,0.0
2025-03-31 06:06:50.037767,0.0
2025-03-31 06:07:50.037767,0.0
2025-03-31 06:08:50.037767,0.0
2025-03-31 06:09:50.037767,0.0
2025-03-31 06:10:50.037767,0.0
2025-03-31 06:11:50.037767,0.0
2025-03-31 06:12:50.037767,0.0
2025-03-31 06:13:50.037767,0.0
2025-03-31 06:14:50.037767,0.0
2025-03-31 06:15:50.037767,0.0
2025-03-31 06:16:50.037767,0.0
2025-03-31 06:17:50.037767,0.0
2025-03-31 06:18:50.037767,0.0
2025-03-31 06:19:50.037767,0.0
2025-03-31 06:20:50.037767,0.0
2025-03-31 06:21:50.037767,0.0
2025-03-31 06:22:50.037767,0.0
2025-03-31 06:23:50.037767,0.0
2025-03-31 06:24:50.037767,0.0
2025-03-31 06:25:50.037767,0.0
2025-03-31 06:26:50.037767,0.0
2025-03-31 06:27:50.037767,0.0
2025-03-31 06:28:50.037767,0.0
2025-03-31 06:29:50.037767,0.0
2025-03-31 06:30:50.037767,0.0
2025-03-31 06:31:50.037767,0.0
2025-03-31 06:32:50.037767,0.0
2025-03-31 06:33:50.037767,0.0
2025-03-31 06:34:50.037767,0.0
2025-03-31 06:35:50.037767,0.0
2025-03-31 06:36:50.037767,0.0
2025-03-31 06:37:50.037767,0.0
2025-03-31 06:38:50.037767,0.0
2025-03-31 06:39:50.037767,0.0
2025-03-31 06:40:50.037767,0.0
2025-03-31 06:41:50.037767,0.0
2025-03-31 06:42:50.037767,0.0
2025-03-31 06:43:50.037767,0.0
2025-03-31 06:44:50.037767,0.0
2025-03-31 06:45:50.037767,0.0
2025-03-31 06:46:50.037767,0.0
2025-03-31 06:47:50.037767,0.0
2025-03-31 06:48:50.037767,0.0
2025-03-31 06:49:50.037767,0.0
2025-03-31 06:50:50.037767,0.0
2025-03-31 06:51:50.037767,0.0
2025-03-31 06:52:50.037767,0.0
2025-03-31 06:53:50.037767,0.0
2025-03-31 06:54:50.037767,0.0
2025-03-31 06:55:50.037767,0.0
2025-03-31 06:56:50.037767,0.0
2025-03-31 06:57:50.037767,0.0
2025-03-31 06:58:50.037767,0.0
2025-03-31 06:59:50.037767,0.0
2025-03-31 07:00:50.037767,0.0
2025-03-31 07:01:50.037767,0.0
2025-03-31 07:02:50.037767,0.0
2025-03-31 07:03:50.037767,0.0
2025-03-31 07:04:50.037767,0.0
2025-03-31 07:05:50.037767,0.0
2025-03-31 07:06:50.037767,0.0
2025-03-31 07:07:50.037767,0.0
2025-03-31 07:08:50.037767,0.0
2025-03-31 07:09:50.037767,0.0
2025-03-31 07:10:50.037767,0.0
2025-03-31 07:11:50.037767,0.0
2025-03-31 07:12:50.037767,0.0
2025-03-31 07:13:50.037767,0.0
2025-03-31 07:14:50.037767,0.0
2025-03-31 07:15:50.037767,0.0
2025-03-31 07:16:50.037767,0.0
2025-03-31 07:17:50.037767,0.0
2025-03-31 07:18:50.037767,0.0
2025-03-31 07:19:50.037767,0.0
2025-03-31 07:20:50.037767,0.0
2025-03-31 07:21:50.037767,0.0
2025-03-31 07:22:50.037767,0.0
2025-03-31 07:23:50.037767,0.0
2025-03-31 07:24:50.037767,0.0
2025-03-31 07:25:50.037767,0.0
2025-03-31 07:26:50.037767,0.0
2025-03-31 07:27:50.037767,0.0
2025-03-31 07:28:50.037767,0.0
2025-03-31 07:29:50.037767,0.0
2025-03-31 07:30:50.037767,0.0
2025-03-31 07:31:50.037767,0.0
2025-03-31 07:32:50.037767,0.0
2025-03-31 07:33:50.037767,0.0
2025-03-31 07:34:50.037767,0.0
2025-03-31 07:35:50.037767,0.0
2025-03-31 07:36:50.037767,0.0
2025-03-31 07:37:50.037767,0.0
2025-03-31 07:38:50.037767,0.0
2025-03-31 07:39:50.037767,0.0
2025-03-31 07:40:50.037767,0.0
2025-03-31 07:41:50.037767,0.0
2025-03-31 07:42:50.037767,0.0
2025-03-31 07:43:50.037767,0.0
2025-03-31 07:44:50.037767,0.0
2025-03-31 07:45:50.037767,0.0
2025-03-31 07:46:50.037767,0.0
2025-03-31 07:47:50.037767,0.0
2025-03-31 07:48:50.037767,0.0
2025-03-31 07:49:50.037767,0.0
2025-03-31 07:50:50.037767,0.0
2025-03-31 07:51:50.037767,0.0
2025-03-31 07:52:50.037767,0.0
2025-03-31 07:53:50.037767,0.0
2025-03-31 07:54:50.037767,0.0
2025-03-31 07:55:50.037767,0.0
2025-03-31 07:56:50.037767,0.0
2025-03-31 07:57:50.037767,0.0
2025-03-31 07:58:50.037767,0.0
2025-03-31 07:59:50.037767,0.0
2025-03-31 08:00:50.037767,0.0
2025-03-31 08:01:50.037767,0.0
2025-03-31 08:02:50.037767,0.0
2025-03-31 08:03:50.037767,0.0
2025-03-31 08:04:50.037767,0.0
2025-03-31 08:05:50.037767,0.0
2025-03-31 08:06:50.037767,0.0
2025-03-31 08:07:50.037767,0.0
2025-03-31 08:08:50.037767,0.0
2025-03-31 08:09:50.037767,0.0
2025-03-31 08:10:50.037767,0.0
2025-03-31 08:11:50.037767,0.0
2025-03-31 08:12:50.037767,0.0
2025-03-31 08:13:50.037767,0.0
2025-03-31 08:14:50.037767,0.0
2025-03-31 08:15:50.037767,0.0
2025-03-31 08:16:50.037767,0.0
2025-03-31 08:17:50.037767,0.0
2025-03-31 08:18:50.037767,0.0
2025-03-31 08:19:50.037767,0.0
2025-03-31 08:20:50.037767,0.0
2025-03-31 08:21:50.037767,0.0
2025-03-31 08:22:50.037767,0.0
2025-03-31 08:23:50.037767,0.0
2025-03-31 08:24:50.037767,0.0
2025-03-31 08:25:50.037767,0.0
2025-03-31 08:26:50.037767,0.0
2025-03-31 08:27:50.037767,0.0
2025-03-31 08:28:50.037767,0.0
2025-03-31 08:29:50.037767,0.0
2025-03-31 08:30:50.037767,0.0
2025-03-31 08:31:50.037767,0.0
2025-03-31 08:32:50.037767,0.0
2025-03-31 08:33:50.037767,0.0
2025-03-31 08:34:50.037767,0.0
2025-03-31 08:35:50.037767,0.0
2025-03-31 08:36:50.037767,0.0
2025-03-31 08:37:50.037767,0.0
2025-03-31 08:38:50.037767,0.0
2025-03-31 08:39:50.037767,0.0
2025-03-31 08:40:50.037767,0.0
2025-03-31 08:41:50.037767,0.0
2025-03-31 08:42:50.037767,0.0
2025-03-31 08:43:50.037767,0.0
2025-03-31 08:44:50.037767,0.0
2025-03-31 08:45:50.037767,0.0
2025-03-31 08:46:50.037767,0.0
2025-03-31 08:47:50.037767,0.0
2025-03-31 08:48:50.037767,0.0
2025-03-31 08:49:50.037767,0.0
2025-03-31 08:50:50.037767,0.0
2025-03-31 08:51:50.037767,0.0
2025-03-31 08:52:50.037767,0.0
2025-03-31 08:53:50.037767,0.0
2025-03-31 08:54:50.037767,0.0
2025-03-31 08:55:50.037767,0.0
2025-03-31 08:56:50.037767,0.0
2025-03-31 08:57:50.037767,0.0
2025-03-31 08:58:50.037767,0.0
2025-03-31 08:59:50.037767,0.0
2025-03-31 09:00:50.037767,0.0
2025-03-31 09:01:50.037767,0.0
2025-03-31 09:02:50.037767,0.0
2025-03-31 09:03:50.037767,0.0
2025-03-31 09:04:50.037767,0.0
2025-03-31 09:05:50.037767,0.0
2025-03-31 09:06:50.037767,0.0
2025-03-31 09:07:50.037767,0.0
2025-03-31 09:08:50.037767,0.0
2025-03-31 09:09:50.037767,0.0
2025-03-31 09:10:50.037767,0.0
2025-03-31 09:11:50.037767,0.0
2025-03-31 09:12:50.037767,0.0
2025-03-31 09:13:50.037767,0.0
2025-03-31 09:14:50.037767,0.0
2025-03-31 09:15:50.037767,0.0
2025-03-31 09:16:50.037767,0.0
2025-03-31 09:17:50.037767,0.0
2025-03-31 09:18:50.037767,0.0
2025-03-31 09:19:50.037767,0.0
2025-03-31 09:20:50.037767,0.0
2025-03-31 09:21:50.037767,0.0
2025-03-31 09:22:50.037767,0.0
2025-03-31 09:23:50.037767,0.0
2025-03-31 09:24:50.037767,0.0
2025-03-31 09:25:50.037767,0.0
2025-03-31 09:26:50.037767,0.0
2025-03-31 09:27:50.037767,0.0
2025-03-31 09:28:50.037767,0.0
2025-03-31 09:29:50.037767,0.0
2025-03-31 09:30:50.037767,0.0
2025-03-31 09:31:50.037767,0.0
2025-03-31 09:32:50.037767,0.0
2025-03-31 09:33:50.037767,0.0
2025-03-31 09:34:50.037767,0.0
2025-03-31 09:35:50.037767,0.0
2025-03-31 09:36:50.037767,0.0
2025-03-31 09:37:50.037767,0.0
2025-03-31 09:38:50.037767,0.0
2025-03-31 09:39:50.037767,0.0
2025-03-31 09:40:50.037767,0.0
2025-03-31 09:41:50.037767,0.0
2025-03-31 09:42:50.037767,0.0
2025-03-31 09:43:50.037767,0.0
2025-03-31 09:44:50.037767,0.0
2025-03-31 09:45:50.037767,0.0
2025-03-31 09:46:50.037767,0.0
2025-03-31 09:47:50.037767,0.0
2025-03-31 09:48:50.037767,0.0
2025-03-31 09:49:50.037767,0.0
2025-03-31 09:50:50.037767,0.0
2025-03-31 09:51:50.037767,0.0
2025-03-31 09:52:50.037767,0.0
2025-03-31 09:53:50.037767,0.0
2025-03-31 09:54:50.037767,0.0
2025-03-31 09:55:50.037767,0.0
2025-03-31 09:56:50.037767,0.0
2025-03-31 09:57:50.037767,0.0
2025-03-31 09:58:50.037767,0.0
2025-03-31 09:59:50.037767,0.0
2025-03-31 10:00:50.037767,0.0
2025-03-31 10:01:50.037767,0.0
2025-03-31 10:02:50.037767,0.0
2025-03-31 10:03:50.037767,0.0
2025-03-31 10:04:50.037767,0.0
2025-03-31 10:05:50.037767,0.0
2025-03-31 10:06:50.037767,0.0
2025-03-31 10:07:50.037767,0.0
2025-03-31 10:08:50.037767,0.0
2025-03-31 10:09:50.037767,0.0
2025-03-31 10:10:50.037767,0.0
2025-03-31 10:11:50.037767,0.0
2025-03-31 10:12:50.037767,0.0
2025-03-31 10:13:50.037767,0.0
2025-03-31 10:14:50.037767,0.0
2025-03-31 10:15:50.037767,0.0
2025-03-31 10:16:50.037767,0.0
2025-03-31 10:17:50.037767,0.0
2025-03-31 10:18:50.037767,0.0
2025-03-31 10:19:50.037767,0.0
2025-03-31 10:20:50.037767,0.0
2025-03-31 10:21:50.037767,0.0
2025-03-31 10:22:50.037767,0.0
2025-03-31 10:23:50.037767,0.0
2025-03-31 10:24:50.037767,0.0
2025-03-31 10:25:50.037767,0.0
2025-03-31 10:26:50.037767,0.0
2025-03-31 10:27:50.037767,0.0
2025-03-31 10:28:50.037767,0.0
2025-03-31 10:29:50.037767,0.0
2025-03-31 10:30:50.037767,0.0
2025-03-31 10:31:50.037767,0.0
2025-03-31 10:32:50.037767,0.0
2025-03-31 10:33:50.037767,0.0
2025-03-31 10:34:50.037767,0.0
2025-03-31 10:35:50.037767,0.0
2025-03-31 10:36:50.037767,0.0
2025-03-31 10:37:50.037767,0.0
2025-03-31 10:38:50.037767,0.0
2025-03-31 10:39:50.037767,0.0
2025-03-31 10:40:50.037767,0.0
2025-03-31 10:41:50.037767,0.0
2025-03-31 10:42:50.037767,0.0
2025-03-31 10:43:50.037767,0.0
2025-03-31 10:44:50.037767,0.0
2025-03-31 10:45:50.037767,0.0
2025-03-31 10:46:50.037767,0.0
2025-03-31 10:47:50.037767,0.0
2025-03-31 10:48:50.037767,0.0
2025-03-31 10:49:50.037767,0.0
2025-03-31 10:50:50.037767,0.0
2025-03-31 10:51:50.037767,0.0
2025-03-31 10:52:50.037767,0.0
2025-03-31 10:53:50.037767,0.0
2025-03-31 10:54:50.037767,0.0
2025-03-31 10:55:50.037767,0.0
2025-03-31 10:56:50.037767,0.0
2025-03-31 10:57:50.037767,0.0
2025-03-31 10:58:50.037767,0.0
2025-03-31 10:59:50.037767,0.0
2025-03-31 11:00:50.037767,0.0
2025-03-31 11:01:50.037767,0.0
2025-03-31 11:02:50.037767,0.0
2025-03-31 11:03:50.037767,0.0
2025-03-31 11:04:50.037767,0.0
2025-03-31 11:05:50.037767,0.0
2025-03-31 11:06:50.037767,0.0
2025-03-31 11:07:50.037767,0.0
2025-03-31 11:08:50.037767,0.0
2025-03-31 11:09:50.037767,0.0
2025-03-31 11:10:50.037767,0.0
2025-03-31 11:11:50.037767,0.0
2025-03-31 11:12:50.037767,0.0
2025-03-31 11:13:50.037767,0.0
2025-03-31 11:14:50.037767,0.0
2025-03-31 11:15:50.037767,0.0
2025-03-31 11:16:50.037767,0.0
2025-03-31 11:17:50.037767,0.0
2025-03-31 11:18:50.037767,0.0
2025-03-31 11:19:50.037767,0.0
2025-03-31 11:20:50.037767,0.0
2025-03-31 11:21:50.037767,0.0
2025-03-31 11:22:50.037767,0.0
2025-03-31 11:23:50.037767,0.0
2025-03-31 11:24:50.037767,0.0
2025-03-31 11:25:50.037767,0.0
2025-03-31 11:26:50.037767,0.0
2025-03-31 11:27:50.037767,0.0
2025-03-31 11:28:50.037767,0.0
2025-03-31 11:29:50.037767,0.0
2025-03-31 11:30:50.037767,0.0
2025-03-31 11:31:50.037767,0.0
2025-03-31 11:32:50.037767,0.0
2025-03-31 11:33:50.037767,0.0
2025-03-31 11:34:50.037767,0.0
2025-03-31 11:35:50.037767,0.0
2025-03-31 11:36:50.037767,0.0
2025-03-31 11:37:50.037767,0.0
2025-03-31 11:38:50.037767,0.0
2025-03-31 11:39:50.037767,0.0
2025-03-31 11:40:50.037767,0.0
2025-03-31 11:41:50.037767,0.0
2025-03-31 11:42:50.037767,0.0
2025-03-31 11:43:50.037767,0.0
2025-03-31 11:44:50.037767,0.0
2025-03-31 11:45:50.037767,0.0
2025-03-31 11:46:50.037767,0.0
2025-03-31 11:47:50.037767,0.0
2025-03-31 11:48:50.037767,0.0
2025-03-31 11:49:50.037767,0.0
2025-03-31 11:50:50.037767,0.0
2025-03-31 11:51:50.037767,0.0
2025-03-31 11:52:50.037767,0.0
2025-03-31 11:53:50.037767,0.0
2025-03-31 11:54:50.037767,0.0
2025-03-31 11:55:50.037767,0.0
2025-03-31 11:56:50.037767,0.0
2025-03-31 11:57:50.037767,0.0
2025-03-31 11:58:50.037767,0.0
2025-03-31 11:59:50.037767,0.0
2025-03-31 12:00:50.037767,0.0
2025-03-31 12:01:50.037767,0.0
2025-03-31 12:02:50.037767,0.0
2025-03-31 12:03:50.037767,0.0
2025-03-31 12:04:50.037767,0.0
2025-03-31 12:05:50.037767,0.0
2025-03-31 12:06:50.037767,0.0
2025-03-31 12:07:50.037767,0.0
2025-03-31 12:08:50.037767,0.0
2025-03-31 12:09:50.037767,0.0
2025-03-31 12:10:50.037767,0.0
2025-03-31 12:11:50.037767,0.0
2025-03-31 12:12:50.037767,0.0
2025-03-31 12:13:50.037767,0.0
2025-03-31 12:14:50.037767,0.0
2025-03-31 12:15:50.037767,0.0
2025-03-31 12:16:50.037767,0.0
2025-03-31 12:17:50.037767,0.0
2025-03-31 12:18:50.037767,0.0
2025-03-31 12:19:50.037767,0.0
2025-03-31 12:20:50.037767,0.0
2025-03-31 12:21:50.037767,0.0
2025-03-31 12:22:50.037767,0.0
2025-03-31 12:23:50.037767,0.0
2025-03-31 12:24:50.037767,0.0
2025-03-31 12:25:50.037767,0.0
2025-03-31 12:26:50.037767,0.0
2025-03-31 12:27:50.037767,0.0
2025-03-31 12:28:50.037767,0.0
2025-03-31 12:29:50.037767,0.0
2025-03-31 12:30:50.037767,0.0
2025-03-31 12:31:50.037767,0.0
2025-03-31 12:32:50.037767,0.0
2025-03-31 12:33:50.037767,0.0
2025-03-31 12:34:50.037767,0.0
2025-03-31 12:35:50.037767,0.0
2025-03-31 12:36:50.037767,0.0
2025-03-31 12:37:50.037767,0.0
2025-03-31 12:38:50.037767,0.0
2025-03-31 12:39:50.037767,0.0
2025-03-31 12:40:50.037767,0.0
2025-03-31 12:41:50.037767,0.0
2025-03-31 12:42:50.037767,0.0
2025-03-31 12:43:50.037767,0.0
2025-03-31 12:44:50.037767,0.0
2025-03-31 12:45:50.037767,0.0
2025-03-31 12:46:50.037767,0.0
2025-03-31 12:47:50.037767,0.0
2025-03-31 12:48:50.037767,0.0
2025-03-31 12:49:50.037767,0.0
2025-03-31 12:50:50.037767,0.0
2025-03-31 12:51:50.037767,0.0
2025-03-31 12:52:50.037767,0.0
2025-03-31 12:53:50.037767,0.0
2025-03-31 12:54:50.037767,0.0
2025-03-31 12:55:50.037767,0.0
2025-03-31 12:56:50.037767,0.0
2025-03-31 12:57:50.037767,0.0
2025-03-31 12:58:50.037767,0.0
2025-03-31 12:59:50.037767,0.0
2025-03-31 13:00:50.037767,0.0
2025-03-31 13:01:50.037767,0.0
2025-03-31 13:02:50.037767,0.0
2025-03-31 13:03:50.037767,0.0
2025-03-31 13:04:50.037767,0.0
2025-03-31 13:05:50.037767,0.0
2025-03-31 13:06:50.037767,0.0
2025-03-31 13:07:50.037767,0.0
2025-03-31 13:08:50.037767,0.0
2025-03-31 13:09:50.037767,0.0
2025-03-31 13:10:50.037767,0.0
2025-03-31 13:11:50.037767,0.0
2025-03-31 13:12:50.037767,0.0
2025-03-31 13:13:50.037767,0.0
2025-03-31 13:14:50.037767,0.0
2025-03-31 13:15:50.037767,0.0
2025-03-31 13:16:50.037767,0.0
2025-03-31 13:17:50.037767,0.0
2025-03-31 13:18:50.037767,0.0
2025-03-31 13:19:50.037767,0.0
2025-03-31 13:20:50.037767,0.0
2025-03-31 13:21:50.037767,0.0
2025-03-31 13:22:50.037767,0.0
2025-03-31 13:23:50.037767,0.0
2025-03-31 13:24:50.037767,0.0
2025-03-31 13:25:50.037767,0.0
2025-03-31 13:26:50.037767,0.0
2025-03-31 13:27:50.037767,0.0
2025-03-31 13:28:50.037767,0.0
2025-03-31 13:29:50.037767,0.0
2025-03-31 13:30:50.037767,0.0
2025-03-31 13:31:50.037767,0.0
2025-03-31 13:32:50.037767,0.0
2025-03-31 13:33:50.037767,0.0
2025-03-31 13:34:50.037767,0.0
2025-03-31 13:35:50.037767,0.0
2025-03-31 13:36:50.037767,0.0
2025-03-31 13:37:50.037767,0.0
2025-03-31 13:38:50.037767,0.0
2025-03-31 13:39:50.037767,0.0
2025-03-31 13:40:50.037767,0.0
2025-03-31 13:41:50.037767,0.0
2025-03-31 13:42:50.037767,0.0
2025-03-31 13:43:50.037767,0.0
2025-03-31 13:44:50.037767,0.0
2025-03-31 13:45:50.037767,0.0
2025-03-31 13:46:50.037767,0.0
2025-03-31 13:47:50.037767,0.0
2025-03-31 13:48:50.037767,0.0
2025-03-31 13:49:50.037767,0.0
2025-03-31 13:50:50.037767,0.0
2025-03-31 13:51:50.037767,0.0
2025-03-31 13:52:50.037767,0.0
2025-03-31 13:53:50.037767,0.0
2025-03-31 13:54:50.037767,0.0
2025-03-31 13:55:50.037767,0.0
2025-03-31 13:56:50.037767,0.0
2025-03-31 13:57:50.037767,0.0
2025-03-31 13:58:50.037767,0.0
2025-03-31 13:59:50.037767,0.0
2025-03-31 14:00:50.037767,0.0
2025-03-31 14:01:50.037767,0.0
2025-03-31 14:02:50.037767,0.0
2025-03-31 14:03:50.037767,0.0
2025-03-31 14:04:50.037767,0.0
2025-03-31 14:05:50.037767,0.0
2025-03-31 14:06:50.037767,0.0
2025-03-31 14:07:50.037767,0.0
2025-03-31 14:08:50.037767,0.0
2025-03-31 14:09:50.037767,0.0
2025-03-31 14:10:50.037767,0.0
2025-03-31 14:11:50.037767,0.0
2025-03-31 14:12:50.037767,0.0
2025-03-31 14:13:50.037767,0.0
2025-03-31 14:14:50.037767,0.0
2025-03-31 14:15:50.037767,0.0
2025-03-31 14:16:50.037767,0.0
2025-03-31 14:17:50.037767,0.0
2025-03-31 14:18:50.037767,0.0
2025-03-31 14:19:50.037767,0.0
2025-03-31 14:20:50.037767,0.0
2025-03-31 14:21:50.037767,0.0
2025-03-31 14:22:50.037767,0.0
2025-03-31 14:23:50.037767,0.0
2025-03-31 14:24:50.037767,0.0
2025-03-31 14:25:50.037767,0.0
2025-03-31 14:26:50.037767,0.0
2025-03-31 14:27:50.037767,0.0
2025-03-31 14:28:50.037767,0.0
2025-03-31 14:29:50.037767,0.0
2025-03-31 14:30:50.037767,0.0
2025-03-31 14:31:50.037767,0.0
2025-03-31 14:32:50.037767,0.0
2025-03-31 14:33:50.037767,0.0
2025-03-31 14:34:50.037767,0.0
2025-03-31 14:35:50.037767,0.0
2025-03-31 14:36:50.037767,0.0
2025-03-31 14:37:50.037767,0.0
2025-03-31 14:38:50.037767,0.0
2025-03-31 14:39:50.037767,0.0
2025-03-31 14:40:50.037767,0.0
2025-03-31 14:41:50.037767,0.0
2025-03-31 14:42:50.037767,0.0
2025-03-31 14:43:50.037767,0.0
2025-03-31 14:44:50.037767,0.0
2025-03-31 14:45:50.037767,0.0
2025-03-31 14:46:50.037767,0.0
2025-03-31 14:47:50.037767,0.0
2025-03-31 14:48:50.037767,0.0
2025-03-31 14:49:50.037767,0.0
2025-03-31 14:50:50.037767,0.0
2025-03-31 14:51:50.037767,0.0
2025-03-31 14:52:50.037767,0.0
2025-03-31 14:53:50.037767,0.0
2025-03-31 14:54:50.037767,0.0
2025-03-31 14:55:50.037767,0.0
2025-03-31 14:56:50.037767,0.0
2025-03-31 14:57:50.037767,0.0
2025-03-31 14:58:50.037767,0.0
2025-03-31 14:59:50.037767,0.0
2025-03-31 15:00:50.037767,0.0
2025-03-31 15:01:50.037767,0.0
2025-03-31 15:02:50.037767,0.0
2025-03-31 15:03:50.037767,0.0
2025-03-31 15:04:50.037767,0.0
2025-03-31 15:05:50.037767,0.0
2025-03-31 15:06:50.037767,0.0
2025-03-31 15:07:50.037767,0.0
2025-03-31 15:08:50.037767,0.0
2025-03-31 15:09:50.037767,0.0
2025-03-31 15:10:50.037767,0.0
2025-03-31 15:11:50.037767,0.0
2025-03-31 15:12:50.037767,0.0
2025-03-31 15:13:50.037767,0.0
2025-03-31 15:14:50.037767,0.0
2025-03-31 15:15:50.037767,0.0
2025-03-31 15:16:50.037767,0.0
2025-03-31 15:17:50.037767,0.0
2025-03-31 15:18:50.037767,0.0
2025-03-31 15:19:50.037767,0.0
2025-03-31 15:20:50.037767,0.0
2025-03-31 15:21:50.037767,0.0
2025-03-31 15:22:50.037767,0.0
2025-03-31 15:23:50.037767,0.0
2025-03-31 15:24:50.037767,0.0
2025-03-31 15:25:50.037767,0.0
2025-03-31 15:26:50.037767,0.0
2025-03-31 15:27:50.037767,0.0
2025-03-31 15:28:50.037767,0.0
2025-03-31 15:29:50.037767,0.0
2025-03-31 15:30:50.037767,0.0
2025-03-31 15:31:50.037767,0.0
2025-03-31 15:32:50.037767,0.0
2025-03-31 15:33:50.037767,0.0
2025-03-31 15:34:50.037767,0.0
2025-03-31 15:35:50.037767,0.0
2025-03-31 15:36:50.037767,0.0
2025-03-31 15:37:50.037767,0.0
2025-03-31 15:38:50.037767,0.0
2025-03-31 15:39:50.037767,0.0
2025-03-31 15:40:50.037767,0.0
2025-03-31 15:41:50.037767,0.0
2025-03-31 15:42:50.037767,0.0
2025-03-31 15:43:50.037767,0.0
2025-03-31 15:44:50.037767,0.0
2025-03-31 15:45:50.037767,0.0
2025-03-31 15:46:50.037767,0.0
2025-03-31 15:47:50.037767,0.0
2025-03-31 15:48:50.037767,0.0
2025-03-31 15:49:50.037767,0.0
2025-03-31 15:50:50.037767,0.0
2025-03-31 15:51:50.037767,0.0
2025-03-31 15:52:50.037767,0.0
2025-03-31 15:53:50.037767,0.0
2025-03-31 15:54:50.037767,0.0
2025-03-31 15:55:50.037767,0.0
2025-03-31 15:56:50.037767,0.0
2025-03-31 15:57:50.037767,0.0
2025-03-31 15:58:50.037767,0.0
2025-03-31 15:59:50.037767,0.0
2025-03-31 16:00:50.037767,0.0
2025-03-31 16:01:50.037767,0.0
2025-03-31 16:02:50.037767,0.0
2025-03-31 16:03:50.037767,0.0
2025-03-31 16:04:50.037767,0.0
2025-03-31 16:05:50.037767,0.0
2025-03-31 16:06:50.037767,0.0
2025-03-31 16:07:50.037767,0.0
2025-03-31 16:08:50.037767,0.0
2025-03-31 16:09:50.037767,0.0
2025-03-31 16:10:50.037767,0.0
2025-03-31 16:11:50.037767,0.0
2025-03-31 16:12:50.037767,0.0
2025-03-31 16:13:50.037767,0.0
2025-03-31 16:14:50.037767,0.0
2025-03-31 16:15:50.037767,0.0
2025-03-31 16:16:50.037767,0.0
2025-03-31 16:17:50.037767,0.0
2025-03-31 16:18:50.037767,0.0
2025-03-31 16:19:50.037767,0.0
2025-03-31 16:20:50.037767,0.0
2025-03-31 16:21:50.037767,0.0
2025-03-31 16:22:50.037767,0.0
2025-03-31 16:23:50.037767,0.0
2025-03-31 16:24:50.037767,0.0
2025-03-31 16:25:50.037767,0.0
2025-03-31 16:26:50.037767,0.0
2025-03-31 16:27:50.037767,0.0
2025-03-31 16:28:50.037767,0.0
2025-03-31 16:29:50.037767,0.0
2025-03-31 16:30:50.037767,0.0
2025-03-31 16:31:50.037767,0.0
2025-03-31 16:32:50.037767,0.0
2025-03-31 16:33:50.037767,0.0
2025-03-31 16:34:50.037767,0.0
2025-03-31 16:35:50.037767,0.0
2025-03-31 16:36:50.037767,0.0
2025-03-31 16:37:50.037767,0.0
2025-03-31 16:38:50.037767,0.0
2025-03-31 16:39:50.037767,0.0
2025-03-31 16:40:50.037767,0.0
2025-03-31 16:41:50.037767,0.0
2025-03-31 16:42:50.037767,0.0
2025-03-31 16:43:50.037767,0.0
2025-03-31 16:44:50.037767,0.0
2025-03-31 16:45:50.037767,0.0
2025-03-31 16:46:50.037767,0.0
2025-03-31 16:47:50.037767,0.0
2025-03-31 16:48:50.037767,0.0
2025-03-31 16:49:50.037767,0.0
2025-03-31 16:50:50.037767,0.0
2025-03-31 16:51:50.037767,0.0
2025-03-31 16:52:50.037767,1.5612636365158983
2025-03-31 16:53:50.037767,5.629359763898146
2025-03-31 16:54:50.037767,4.581358449970687
2025-03-31 16:55:50.037767,6.108342253049579
2025-03-31 16:56:50.037767,7.635209762096956
2025-03-31 16:57:50.037767,9.161931907756383
2025-03-31 16:58:50.037767,21.31925267876436
2025-03-31 16:59:50.037767,12.214823845874067
2025-03-31 17:00:50.037767,13.740935515672954
2025-03-31 17:01:50.037767,15.266785577866756
2025-03-31 17:02:50.037767,16.792344982469757
2025-03-31 17:03:50.037767,18.31758468502993
2025-03-31 17:04:50.037767,19.84247564718193
2025-03-31 17:05:50.037767,21.366988837199923
2025-03-31 17:06:50.037767,30.990494909954236
2025-03-31 17:07:50.037767,48.847008434717935
2025-03-31 17:08:50.037767,25.9379715683904
2025-03-31 17:09:50.037767,28.602726598879848
2025-03-31 17:10:50.037767,28.982872629270133
2025-03-31 17:11:50.037767,30.50450996167919
2025-03-31 17:12:50.037767,35.81333280281639
2025-03-31 17:13:50.037767,33.54601338207766
2025-03-31 17:14:50.037767,35.06582156422618
2025-03-31 17:15:50.037767,44.91521974872592
2025-03-31 17:16:50.037767,40.637873365179125
2025-03-31 17:17:50.037767,11.886337445630241
2025-03-31 17:18:50.037767,41.13808911024351
2025-03-31 17:19:50.037767,62.08154571824267
2025-03-31 17:20:50.037767,44.16963919754118
2025-03-31 17:21:50.037767,45.68416727701903
2025-03-31 17:22:50.037767,47.197825595801774
2025-03-31 17:23:50.037767,68.97915968269663
2025-03-31 17:24:50.037767,50.22241769691192
2025-03-31 17:25:50.037767,51.73329389536309
2025-03-31 17:26:50.037767,53.24318516647042
2025-03-31 17:27:50.037767,89.23383073347568
2025-03-31 17:28:50.037767,56.25989796133914
2025-03-31 17:29:50.037767,57.7666620512374
2025-03-31 17:30:50.037767,76.49384197669256
2025-03-31 17:31:50.037767,89.94168815877536
2025-03-31 17:32:50.037767,76.92870619223063
2025-03-31 17:33:50.037767,63.782433922250235
2025-03-31 17:34:50.037767,73.82542343767165
2025-03-31 17:35:50.037767,102.04340372865825
2025-03-31 17:36:50.037767,68.28161270564416
2025-03-31 17:37:50.037767,77.13965188390665
2025-03-31 17:38:50.037767,71.27461289906181
2025-03-31 17:39:50.037767,82.57631450970007
2025-03-31 17:40:50.037767,75.98306004826571
2025-03-31 17:41:50.037767,75.75386487833633
2025-03-31 17:42:50.037767,77.24410225752591
2025-03-31 17:43:50.037767,78.73286902035348
2025-03-31 17:44:50.037767,80.2201368228459
2025-03-31 17:45:50.037767,81.70587734956563
2025-03-31 17:46:50.037767,83.19006231415953
2025-03-31 17:47:50.037767,84.67266345988287
2025-03-31 17:48:50.037767,86.15365256014692
2025-03-31 17:49:50.037767,87.63300141905407
2025-03-31 17:50:50.037767,89.11068187193445
2025-03-31 17:51:50.037767,90.58666578588226
2025-03-31 17:52:50.037767,173.33546449710815
2025-03-31 17:53:50.037767,93.53343162739031
2025-03-31 17:54:50.037767,95.00415745277661
2025-03-31 17:55:50.037767,96.47307453595054
2025-03-31 17:56:50.037767,97.94015491084586
2025-03-31 17:57:50.037767,99.40537064637176
2025-03-31 17:58:50.037767,102.22173902453025
2025-03-31 17:59:50.037767,102.33009665295712
2025-03-31 18:00:50.037767,103.78955124144932
2025-03-31 18:01:50.037767,105.24702982649528
2025-03-31 18:02:50.037767,106.70250465980367
2025-03-31 18:03:50.037767,108.1559480312317
2025-03-31 18:04:50.037767,109.60733226931265
2025-03-31 18:05:50.037767,140.76173121931743
2025-03-31 18:06:50.037767,112.50381285610725
2025-03-31 18:07:50.037767,113.94885406000573
2025-03-31 18:08:50.037767,135.52224433163244
2025-03-31 18:09:50.037767,132.02106836801863
2025-03-31 18:10:50.037767,118.2708513011636
2025-03-31 18:11:50.037767,205.81493963736634
2025-03-31 18:12:50.037767,121.14096997712213
2025-03-31 18:13:50.037767,135.84293207314835
2025-03-31 18:14:50.037767,124.00186329920052
2025-03-31 18:15:50.037767,136.70918083283053
2025-03-31 18:16:50.037767,126.85331339929596
2025-03-31 18:17:50.037767,223.67308973142354
2025-03-31 18:18:50.037767,129.69510312844346
2025-03-31 18:19:50.037767,131.1123076955679
2025-03-31 18:20:50.037767,139.26979520269765
2025-03-31 18:21:50.037767,133.9392013277805
2025-03-31 18:22:50.037767,135.3488365728865
2025-03-31 18:23:50.037767,136.75589497124528
2025-03-31 18:24:50.037767,138.1603497344932
2025-03-31 18:25:50.037767,139.56217412383603
2025-03-31 18:26:50.037767,140.9613414505581
2025-03-31 18:27:50.037767,142.35782507653036
2025-03-31 18:28:50.037767,143.7515984147175
2025-03-31 18:29:50.037767,145.14263492968433
2025-03-31 18:30:50.037767,146.5309081381007
2025-03-31 18:31:50.037767,147.91639160924362
2025-03-31 18:32:50.037767,149.2990589655094
2025-03-31 18:33:50.037767,181.96730204788622
2025-03-31 18:34:50.037767,222.40335325002593
2025-03-31 18:35:50.037767,153.42990137617667
2025-03-31 18:36:50.037767,221.6490523694664
2025-03-31 18:37:50.037767,181.2965906720681
2025-03-31 18:38:50.037767,157.53445436310244
2025-03-31 18:39:50.037767,158.89667490884173
2025-03-31 18:40:50.037767,259.1538249573369
2025-03-31 18:41:50.037767,246.77720199758238
2025-03-31 18:42:50.037767,164.3000234868831
2025-03-31 18:43:50.037767,164.31504697506068
2025-03-31 18:44:50.037767,184.1751437416748
2025-03-31 18:45:50.037767,167.00556609086226
2025-03-31 18:46:50.037767,210.87003614745365
2025-03-31 18:47:50.037767,169.68336708621766
2025-03-31 18:48:50.037767,171.01743452393413
2025-03-31 18:49:50.037767,172.34824603621354
2025-03-31 18:50:50.037767,174.580647428143
2025-03-31 18:51:50.037767,175.0000000000004
2025-03-31 18:52:50.037767,176.3208919659348
2025-03-31 18:53:50.037767,177.63842703624726
2025-03-31 18:54:50.037767,178.95258012696706
2025-03-31 18:55:50.037767,392.3794193709747
2025-03-31 18:56:50.037767,181.57064035618174
2025-03-31 18:57:50.037767,182.87449765058153
2025-03-31 18:58:50.037767,184.17487327815397
2025-03-31 18:59:50.037767,185.4717424816215
2025-03-31 19:00:50.037767,186.76508057046402
2025-03-31 19:01:50.037767,224.78256197061316
2025-03-31 19:02:50.037767,194.96434121610162
2025-03-31 19:03:50.037767,190.62366225525997
2025-03-31 19:04:50.037767,267.4095659272141
2025-03-31 19:05:50.037767,193.17794485921914
2025-03-31 19:06:50.037767,194.44958155685973
2025-03-31 19:07:50.037767,218.04733364724444
2025-03-31 19:08:50.037767,59.094517407982
2025-03-31 19:09:50.037767,198.242182923691
2025-03-31 19:10:50.037767,199.49886690870574
2025-03-31 19:11:50.037767,200.751752722866
2025-03-31 19:12:50.037767,202.00081651303185
2025-03-31 19:13:50.037767,203.24603449882915
2025-03-31 19:14:50.037767,204.48738297310246
2025-03-31 19:15:50.037767,205.72483830236618
2025-03-31 19:16:50.037767,232.05735768040276
2025-03-31 19:17:50.037767,291.9624559212505
2025-03-31 19:18:50.037767,209.41361019972976
2025-03-31 19:19:50.037767,210.6352581032162
2025-03-31 19:20:50.037767,211.85289581501246
2025-03-31 19:21:50.037767,350.533912275521
2025-03-31 19:22:50.037767,467.22614431782677
2025-03-31 19:23:50.037767,215.48151636398035
2025-03-31 19:24:50.037767,216.68288225844205
2025-03-31 19:25:50.037767,217.8801228231671
2025-03-31 19:26:50.037767,219.07321526442115
2025-03-31 19:27:50.037767,220.26213686744373
2025-03-31 19:28:50.037767,298.24712009581384
2025-03-31 19:29:50.037767,457.34822783663196
2025-03-31 19:30:50.037767,223.80365069320388
2025-03-31 19:31:50.037767,224.97566339028813
2025-03-31 19:32:50.037767,226.14339287503688
2025-03-31 19:33:50.037767,227.30681691556399
2025-03-31 19:34:50.037767,298.81010866368456
2025-03-31 19:35:50.037767,229.62066014667755
2025-03-31 19:36:50.037767,447.68801561880355
2025-03-31 19:37:50.037767,343.97588086059073
2025-03-31 19:38:50.037767,233.0585831002925
2025-03-31 19:39:50.037767,234.19571222560103
2025-03-31 19:40:50.037767,235.32838260213282
2025-03-31 19:41:50.037767,236.45657266548025
2025-03-31 19:42:50.037767,237.5802609365289
2025-03-31 19:43:50.037767,238.69942602187393
2025-03-31 19:44:50.037767,71.94421398426759
2025-03-31 19:45:50.037767,240.92410149281372
2025-03-31 19:46:50.037767,242.02956952379424
2025-03-31 19:47:50.037767,243.13042966064913
2025-03-31 19:48:50.037767,244.22666094458828
2025-03-31 19:49:50.037767,245.31824250494822
2025-03-31 19:50:50.037767,316.1036273383937
2025-03-31 19:51:50.037767,247.4873734152906
2025-03-31 19:52:50.037767,248.56488146814897
2025-03-31 19:53:50.037767,249.63765720396282
2025-03-31 19:54:50.037767,412.36510559411903
2025-03-31 19:55:50.037767,251.76893011852746
2025-03-31 19:56:50.037767,265.95204000663006
2025-03-31 19:57:50.037767,253.88102985430055
2025-03-31 19:58:50.037767,547.6091743200224
2025-03-31 19:59:50.037767,277.1106267342809
2025-03-31 20:00:50.037767,257.01287830249026
2025-03-31 20:01:50.037767,258.0470678835439
2025-03-31 20:02:50.037767,259.0763446203918
2025-03-31 20:03:50.037767,288.13218358719456
2025-03-31 20:04:50.037767,261.120081271594
2025-03-31 20:05:50.037767,262.13450227615016
2025-03-31 20:06:50.037767,263.14393261764155
2025-03-31 20:07:50.037767,264.14835307796983
2025-03-31 20:08:50.037767,265.14774453441714
2025-03-31 20:09:50.037767,266.14208796001077
2025-03-31 20:10:50.037767,267.1313644238852
2025-03-31 20:11:50.037767,268.11555509164253
2025-03-31 20:12:50.037767,269.0946412257112
2025-03-31 20:13:50.037767,270.0686041857025
2025-03-31 20:14:50.037767,271.03742542876404
2025-03-31 20:15:50.037767,548.6889938767073
2025-03-31 20:16:50.037767,272.959569082508
2025-03-31 20:17:50.037767,273.91285489834434
2025-03-31 20:18:50.037767,274.86092580826033
2025-03-31 20:19:50.037767,275.80376376235245
2025-03-31 20:20:50.037767,276.74135081034507
2025-03-31 20:21:50.037767,277.6736691019323
2025-03-31 20:22:50.037767,308.5203065353963
2025-03-31 20:23:50.037767,279.5224285165528
2025-03-31 20:24:50.037767,280.4388344418716
2025-03-31 20:25:50.037767,409.32749640636996
2025-03-31 20:26:50.037767,282.25561149361806
2025-03-31 20:27:50.037767,283.1559480312309
2025-03-31 20:28:50.037767,284.0508936877537
2025-03-31 20:29:50.037767,374.19335489447917
2025-03-31 20:30:50.037767,285.8245443065873
2025-03-31 20:31:50.037767,543.5394558087689
2025-03-31 20:32:50.037767,287.57642827975724
2025-03-31 20:33:50.037767,477.1838632294397
2025-03-31 20:34:50.037767,289.3064121945162
2025-03-31 20:35:50.037767,290.1631503942649
2025-03-31 20:36:50.037767,341.8981056388434
2025-03-31 20:37:50.037767,291.8600377235094
2025-03-31 20:38:50.037767,292.7001545467151
2025-03-31 20:39:50.037767,293.5346987808978
2025-03-31 20:40:50.037767,294.3636545375369
2025-03-31 20:41:50.037767,295.18700603450964
2025-03-31 20:42:50.037767,296.0047375963904
2025-03-31 20:43:50.037767,296.81683365474896
2025-03-31 20:44:50.037767,743.4153839704592
2025-03-31 20:45:50.037767,298.4240575239324
2025-03-31 20:46:50.037767,299.2191547355315
2025-03-31 20:47:50.037767,300.0085552457397
2025-03-31 20:48:50.037767,617.7603708594644
2025-03-31 20:49:50.037767,301.5702061545333
2025-03-31 20:50:50.037767,302.3424268215379
2025-03-31 20:51:50.037767,303.10889132455304
2025-03-31 20:52:50.037767,303.8695850711994
2025-03-31 20:53:50.037767,304.6244935789646
2025-03-31 20:54:50.037767,305.37360247547883
2025-03-31 20:55:50.037767,306.1168974987885
2025-03-31 20:56:50.037767,373.3407156184004
2025-03-31 20:57:50.037767,307.585989431688
2025-03-31 20:58:50.037767,308.31175837188516
2025-03-31 20:59:50.037767,309.03165750062476
2025-03-31 21:00:50.037767,309.7456731120651
2025-03-31 21:01:50.037767,310.453791612377
2025-03-31 21:02:50.037767,311.1559995200073
2025-03-31 21:03:50.037767,311.85228346592834
2025-03-31 21:04:50.037767,396.5851913275043
2025-03-31 21:05:50.037767,313.22702656070857
2025-03-31 21:06:50.037767,313.9054595364408
2025-03-31 21:07:50.037767,393.20267981896126
2025-03-31 21:08:50.037767,315.24438376290584
2025-03-31 21:09:50.037767,315.9048495224514
2025-03-31 21:10:50.037767,316.55930090902905
2025-03-31 21:11:50.037767,480.44758192751647
2025-03-31 21:12:50.037767,317.8501108387779
2025-03-31 21:13:50.037767,318.4864448067896
2025-03-31 21:14:50.037767,404.6546572367089
2025-03-31 21:15:50.037767,369.0101428364536
2025-03-31 21:16:50.037767,320.35901769180623
2025-03-31 21:17:50.037767,320.9710260347933
2025-03-31 21:18:50.037767,608.5289193160926
2025-03-31 21:19:50.037767,444.91926715574766
2025-03-31 21:20:50.037767,322.77034008465824
2025-03-31 21:21:50.037767,323.35783637895054
2025-03-31 21:22:50.037767,323.9391764061485
2025-03-31 21:23:50.037767,324.51434909837593
2025-03-31 21:24:50.037767,325.083343505173
2025-03-31 21:25:50.037767,607.8620124816727
2025-03-31 21:26:50.037767,326.20275424897915
2025-03-31 21:27:50.037767,406.5802243872301
2025-03-31 21:28:50.037767,327.29732339010394
2025-03-31 21:29:50.037767,327.8352662369391
2025-03-31 21:30:50.037767,328.36696757286944
2025-03-31 21:31:50.037767,328.892417275068
2025-03-31 21:32:50.037767,329.4116053397299
2025-03-31 21:33:50.037767,329.92452188226264
2025-03-31 21:34:50.037767,723.2679207189685
2025-03-31 21:35:50.037767,330.9315014597604
2025-03-31 21:36:50.037767,331.4255453232866
2025-03-31 21:37:50.037767,524.6566473899957
2025-03-31 21:38:50.037767,339.3781384168252
2025-03-31 21:39:50.037767,439.2546542697345
2025-03-31 21:40:50.037767,524.2943282075753
2025-03-31 21:41:50.037767,333.8009327618794
2025-03-31 21:42:50.037767,334.25698056001534
2025-03-31 21:43:50.037767,365.08585184009456
2025-03-31 21:44:50.037767,686.1401792911214
2025-03-31 21:45:50.037767,335.5869072038678
2025-03-31 21:46:50.037767,336.0174490350753
2025-03-31 21:47:50.037767,336.44159357841124
2025-03-31 21:48:50.037767,336.85933275877625
2025-03-31 21:49:50.037767,337.2706586230178
2025-03-31 21:50:50.037767,337.67556334008435
2025-03-31 21:51:50.037767,338.0740392011738
2025-03-31 21:52:50.037767,372.02568589915217
2025-03-31 21:53:50.037767,338.8516741323377
2025-03-31 21:54:50.037767,339.2308183973641
2025-03-31 21:55:50.037767,339.60350419659886
2025-03-31 21:56:50.037767,339.96972443464165
2025-03-31 21:57:50.037767,340.32947213918703
2025-03-31 21:58:50.037767,383.1338169988653
2025-03-31 21:59:50.037767,341.02952267483204
2025-03-31 22:00:50.037767,341.3698121779792
2025-03-31 22:01:50.037767,341.7036024919765
2025-03-31 22:02:50.037767,342.0308872619375
2025-03-31 22:03:50.037767,342.3516602568319
2025-03-31 22:04:50.037767,342.6659153696043
2025-03-31 22:05:50.037767,470.9062293035567
2025-03-31 22:06:50.037767,343.2748481411307
2025-03-31 22:07:50.037767,343.56951420668247
2025-03-31 22:08:50.037767,343.85763920392856
2025-03-31 22:09:50.037767,344.13921764738427
2025-03-31 22:10:50.037767,344.4142441762015
2025-03-31 22:11:50.037767,344.6827135542726
2025-03-31 22:12:50.037767,344.944620670327
2025-03-31 22:13:50.037767,345.1999605380309
2025-03-31 22:14:50.037767,103.63461848882433
2025-03-31 22:15:50.037767,111.03952450631475
2025-03-31 22:16:50.037767,232.89769066658434
2025-03-31 22:17:50.037767,103.84666565300128
2025-03-31 22:18:50.037767,103.91339561606537
2025-03-31 22:19:50.037767,155.02547017943593
2025-03-31 22:20:50.037767,104.04091922562267
2025-03-31 22:21:50.037767,144.10261419971323
2025-03-31 22:22:50.037767,104.16051971637003
2025-03-31 22:23:50.037767,128.94803177199503
2025-03-31 22:24:50.037767,115.40961196429416
2025-03-31 22:25:50.037767,104.32504484604166
2025-03-31 22:26:50.037767,104.37591551334354
2025-03-31 22:27:50.037767,104.42479901366869
2025-03-31 22:28:50.037767,104.47169441634571
2025-03-31 22:29:50.037767,104.51660082855378
2025-03-31 22:30:50.037767,104.55951739533948
2025-03-31 22:31:50.037767,236.4035431638098
2025-03-31 22:32:50.037767,104.63937776226497
2025-03-31 22:33:50.037767,104.67632004197839
2025-03-31 22:34:50.037767,349.03756478481984
2025-03-31 22:35:50.037767,383.77282374311045
2025-03-31 22:36:50.037767,349.25062313351117
2025-03-31 22:37:50.037767,349.34717944765345
2025-03-31 22:38:50.037767,349.4370846950721
2025-03-31 22:39:50.037767,565.9263168876956
2025-03-31 22:40:50.037767,349.59693526973274
2025-03-31 22:41:50.037767,349.66687755365024
2025-03-31 22:42:50.037767,349.73016268425306
2025-03-31 22:43:50.037767,349.7867894566835
2025-03-31 22:44:50.037767,349.8367567928495
2025-03-31 22:45:50.037767,349.880063741445
2025-03-31 22:46:50.037767,104.97501284339045
2025-03-31 22:47:50.037767,104.98400799142107
2025-03-31 22:48:50.037767,104.99100439527074
2025-03-31 22:49:50.037767,104.99600192173799
2025-03-31 22:50:50.037767,104.99900047567712
2025-03-31 22:51:50.037767,105.0
2025-03-31 22:52:50.037767,349.99666825225705
2025-03-31 22:53:50.037767,349.98667307245995
2025-03-31 22:54:50.037767,349.97001465090244
2025-03-31 22:55:50.037767,349.94669330473687
2025-03-31 22:56:50.037767,401.20238339099825
2025-03-31 22:57:50.037767,349.88006374144504
2025-03-31 22:58:50.037767,180.81149429189202
2025-03-31 22:59:50.037767,104.93603683700505
2025-03-31 23:00:50.037767,779.6759320159111
2025-03-31 23:01:50.037767,349.66687755365024
2025-03-31 23:02:50.037767,349.59693526973274
2025-03-31 23:03:50.037767,349.5203371641008
2025-03-31 23:04:50.037767,349.4370846950721
2025-03-31 23:05:50.037767,349.34717944765345
2025-03-31 23:06:50.037767,349.25062313351117
2025-03-31 23:07:50.037767,366.9240039380562
2025-03-31 23:08:50.037767,501.68753520576956
2025-03-31 23:09:50.037767,581.4408324273264
2025-03-31 23:10:50.037767,538.4870095246538
2025-03-31 23:11:50.037767,348.66814433211096
2025-03-31 23:12:50.037767,348.5317246511316
2025-03-31 23:13:50.037767,348.38866942851257
2025-03-31 23:14:50.037767,348.2389813878191
2025-03-31 23:15:50.037767,348.08266337889563
2025-03-31 23:16:50.037767,347.91971837781176
2025-03-31 23:17:50.037767,347.75014948680547
2025-03-31 23:18:50.037767,442.46680678930903
2025-03-31 23:19:50.037767,347.39115307446286
2025-03-31 23:20:50.037767,347.20173238790034
2025-03-31 23:21:50.037767,567.0060553008113
2025-03-31 23:22:50.037767,346.8030640854089
2025-03-31 23:23:50.037767,1000.0
2025-03-31 23:24:50.037767,346.3779853868846
2025-03-31 23:25:50.037767,377.4859841215927
2025-03-31 23:26:50.037767,345.9265286637162
2025-03-31 23:27:50.037767,345.69091920829817
2025-03-31 23:28:50.037767,345.448728296081
2025-03-31 23:29:50.037767,345.19996053803084
2025-03-31 23:30:50.037767,344.9446206703274
2025-03-31 23:31:50.037767,344.68271355427305
2025-03-31 23:32:50.037767,541.922036846884
2025-03-31 23:33:50.037767,344.1392176473842
2025-03-31 23:34:50.037767,779.633254359478
2025-03-31 23:35:50.037767,1000.0
2025-03-31 23:36:50.037767,675.085793155605
2025-03-31 23:37:50.037767,342.97364661729034
2025-03-31 23:38:50.037767,342.6659153696043
2025-03-31 23:39:50.037767,342.35166025683185
2025-03-31 23:40:50.037767,360.6739442882689
2025-03-31 23:41:50.037767,341.7036024919765
2025-03-31 23:42:50.037767,341.3698121779797
2025-03-31 23:43:50.037767,425.60699653818443
2025-03-31 23:44:50.037767,340.68274046115715
2025-03-31 23:45:50.037767,340.329472139187
2025-03-31 23:46:50.037767,339.9697244346416
2025-03-31 23:47:50.037767,339.60350419659886
2025-03-31 23:48:50.037767,339.23081839736403
2025-03-31 23:49:50.037767,498.4221425665342
2025-03-31 23:50:50.037767,750.3385657836718
2025-03-31 23:51:50.037767,338.0740392011737
2025-03-31 23:52:50.037767,337.6755633400843
2025-03-31 23:53:50.037767,337.2706586230184
2025-03-31 23:54:50.037767,336.8593327587769
2025-03-31 23:55:50.037767,336.44159357841187
2025-03-31 23:56:50.037767,336.01744903507523
2025-03-31 23:57:50.037767,335.58690720386767
2025-03-31 23:58:50.037767,335.14997628168516
2025-03-31 23:59:50.037767,334.70666458706245
2025-04-01 00:00:50.037767,354.6692458640364
2025-04-01 00:01:50.037767,333.8009327618793
2025-04-01 00:02:50.037767,333.33852987514723
2025-04-01 00:03:50.037767,332.86978070330355
2025-04-01 00:04:50.037767,332.39469417065663
2025-04-01 00:05:50.037767,360.9486725995459
2025-04-01 00:06:50.037767,380.72784416789153
2025-04-01 00:07:50.037767,330.93150145976114
2025-04-01 00:08:50.037767,330.43115713747466
2025-04-01 00:09:50.037767,434.7400400963878
2025-04-01 00:10:50.037767,374.2275478452477
2025-04-01 00:11:50.037767,328.8924172750679
2025-04-01 00:12:50.037767,328.3669675728694
2025-04-01 00:13:50.037767,327.83526623693905
2025-04-01 00:14:50.037767,663.589987654716
2025-04-01 00:15:50.037767,326.7531492740203
2025-04-01 00:16:50.037767,326.20275424898
2025-04-01 00:17:50.037767,325.646148793709
2025-04-01 00:18:50.037767,325.08334350517384
2025-04-01 00:19:50.037767,324.5143490983759
2025-04-01 00:20:50.037767,323.9391764061484
2025-04-01 00:21:50.037767,323.3578363789505
2025-04-01 00:22:50.037767,322.77034008465813
2025-04-01 00:23:50.037767,383.37126715950205
2025-04-01 00:24:50.037767,321.57692355211424
2025-04-01 00:25:50.037767,320.9710260347932
2025-04-01 00:26:50.037767,320.3590176918062
2025-04-01 00:27:50.037767,394.1361220760121
2025-04-01 00:28:50.037767,784.0252805359337
2025-04-01 00:29:50.037767,318.4864448067906
2025-04-01 00:30:50.037767,317.8501108387788
2025-04-01 00:31:50.037767,317.2077254628278
2025-04-01 00:32:50.037767,316.55930090902893
2025-04-01 00:33:50.037767,315.9048495224513
2025-04-01 00:34:50.037767,351.19322764203173
2025-04-01 00:35:50.037767,314.5779162047084
2025-04-01 00:36:50.037767,313.90545953644073
2025-04-01 00:37:50.037767,313.2270265607085
2025-04-01 00:38:50.037767,312.5426301938976
2025-04-01 00:39:50.037767,311.8522834659294
2025-04-01 00:40:50.037767,311.1559995200083
2025-04-01 00:41:50.037767,381.05058988857553
2025-04-01 00:42:50.037767,614.9006331261555
2025-04-01 00:43:50.037767,309.0316575006247
2025-04-01 00:44:50.037767,339.80003943581903
2025-04-01 00:45:50.037767,307.58598943168795
2025-04-01 00:46:50.037767,344.88774353774613
2025-04-01 00:47:50.037767,306.1168974987884
2025-04-01 00:48:50.037767,511.90912650486166
2025-04-01 00:49:50.037767,304.6244935789645
2025-04-01 00:50:50.037767,525.3256015582568
2025-04-01 00:51:50.037767,303.10889132455424
2025-04-01 00:52:50.037767,409.074447451434
2025-04-01 00:53:50.037767,301.5702061545345
2025-04-01 00:54:50.037767,300.79224402550875
2025-04-01 00:55:50.037767,669.4713437414482
2025-04-01 00:56:50.037767,372.89370004164834
2025-04-01 00:57:50.037767,327.1776801412617
2025-04-01 00:58:50.037767,430.1888901922195
2025-04-01 00:59:50.037767,471.30071217185656
2025-04-01 01:00:50.037767,433.5992812416897
2025-04-01 01:01:50.037767,295.1870060345095
2025-04-01 01:02:50.037767,294.3636545375368
2025-04-01 01:03:50.037767,293.53469878089913
2025-04-01 01:04:50.037767,292.70015454671636
2025-04-01 01:05:50.037767,291.8600377235093
2025-04-01 01:06:50.037767,313.4273867017298
2025-04-01 01:07:50.037767,290.1631503942648
2025-04-01 01:08:50.037767,289.30641219451616
2025-04-01 01:09:50.037767,288.44416601770547
2025-04-01 01:10:50.037767,86.27292848392713
2025-04-01 01:11:50.037767,95.49069433389212
2025-04-01 01:12:50.037767,85.74736329197616
2025-04-01 01:13:50.037767,85.48212942741335
2025-04-01 01:14:50.037767,85.21526810632653
2025-04-01 01:15:50.037767,84.94678440936968
2025-04-01 01:16:50.037767,220.47367226522144
2025-04-01 01:17:50.037767,281.34990121602647
2025-04-01 01:18:50.037767,369.2697225966236
2025-04-01 01:19:50.037767,310.69238425371844
2025-04-01 01:20:50.037767,278.60070088711774
2025-04-01 01:21:50.037767,277.6736691019322
2025-04-01 01:22:50.037767,276.74135081034495
2025-04-01 01:23:50.037767,347.3701357515922
2025-04-01 01:24:50.037767,655.6604438075904
2025-04-01 01:25:50.037767,273.9128548983442
2025-04-01 01:26:50.037767,272.9595690825094
2025-04-01 01:27:50.037767,272.0010865099405
2025-04-01 01:28:50.037767,271.03742542876546
2025-04-01 01:29:50.037767,270.0686041857024
2025-04-01 01:30:50.037767,269.0946412257111
2025-04-01 01:31:50.037767,268.1155550916424
2025-04-01 01:32:50.037767,267.1313644238851
2025-04-01 01:33:50.037767,266.14208796001066
2025-04-01 01:34:50.037767,265.14774453441703
2025-04-01 01:35:50.037767,471.4772618917689
2025-04-01 01:36:50.037767,263.14393261764144
2025-04-01 01:37:50.037767,786.4035068284549
2025-04-01 01:38:50.037767,500.6135590555106
2025-04-01 01:39:50.037767,260.1006889170886
2025-04-01 01:40:50.037767,259.0763446203917
2025-04-01 01:41:50.037767,258.0470678835438
2025-04-01 01:42:50.037767,257.01287830249015
2025-04-01 01:43:50.037767,255.97379556670973
2025-04-01 01:44:50.037767,254.92983945884
2025-04-01 01:45:50.037767,253.88102985430044
2025-04-01 01:46:50.037767,667.7609003833107
2025-04-01 01:47:50.037767,253.60148719159398
2025-04-01 01:48:50.037767,250.70568019862827
2025-04-01 01:49:50.037767,249.63765720396447
2025-04-01 01:50:50.037767,291.3420113645427
2025-04-01 01:51:50.037767,247.48737341529224
2025-04-01 01:52:50.037767,246.40515355958937
2025-04-01 01:53:50.037767,245.3182425049481
2025-04-01 01:54:50.037767,244.22666094458816
2025-04-01 01:55:50.037767,528.4434737198009
2025-04-01 01:56:50.037767,242.02956952379412
2025-04-01 01:57:50.037767,240.92410149281358
2025-04-01 01:58:50.037767,259.92119258655345
2025-04-01 01:59:50.037767,238.69942602187382
2025-04-01 02:00:50.037767,237.5802609365306
2025-04-01 02:01:50.037767,236.45657266548196
2025-04-01 02:02:50.037767,235.32838260213455
2025-04-01 02:03:50.037767,304.51762145536816
2025-04-01 02:04:50.037767,389.01800292622187
2025-04-01 02:05:50.037767,231.91701687550832
2025-04-01 02:06:50.037767,237.91232466383548
2025-04-01 02:07:50.037767,437.6606207729564
2025-04-01 02:08:50.037767,228.4659133619526
2025-04-01 02:09:50.037767,227.30681691556387
2025-04-01 02:10:50.037767,226.14339287503677
2025-04-01 02:11:50.037767,224.97566339028802
2025-04-01 02:12:50.037767,223.8036506932056
2025-04-01 02:13:50.037767,667.8821312916547
2025-04-01 02:14:50.037767,221.4468649968813
2025-04-01 02:15:50.037767,220.26213686744362
2025-04-01 02:16:50.037767,219.073215264421
2025-04-01 02:17:50.037767,217.88012282316703
2025-04-01 02:18:50.037767,238.77200761180484
2025-04-01 02:19:50.037767,215.48151636398023
2025-04-01 02:20:50.037767,214.27604801205692
2025-04-01 02:21:50.037767,213.0665001530517
2025-04-01 02:22:50.037767,211.85289581501235
2025-04-01 02:23:50.037767,210.635258103218
2025-04-01 02:24:50.037767,209.4136101997316
2025-04-01 02:25:50.037767,266.877486752938
2025-04-01 02:26:50.037767,206.95837692725445
2025-04-01 02:27:50.037767,205.72483830236604
2025-04-01 02:28:50.037767,204.4873829731023
2025-04-01 02:29:50.037767,203.246034498829
2025-04-01 02:30:50.037767,202.00081651303168
2025-04-01 02:31:50.037767,200.7517527228659
2025-04-01 02:32:50.037767,199.49886690870562
2025-04-01 02:33:50.037767,198.24218292369088
2025-04-01 02:34:50.037767,221.71870165906097
2025-04-01 02:35:50.037767,195.71751621476247
2025-04-01 02:36:50.037767,194.4495815568617
2025-04-01 02:37:50.037767,193.17794485922107
2025-04-01 02:38:50.037767,372.860264989722
2025-04-01 02:39:50.037767,190.62366225525986
2025-04-01 02:40:50.037767,189.34106497879804
2025-04-01 02:41:50.037767,188.05486292138835
2025-04-01 02:42:50.037767,255.34452123924706
2025-04-01 02:43:50.037767,185.47174248162136
2025-04-01 02:44:50.037767,184.1748732781538
2025-04-01 02:45:50.037767,182.87449765058136
2025-04-01 02:46:50.037767,181.5706403561837
2025-04-01 02:47:50.037767,181.58748094730768
2025-04-01 02:48:50.037767,178.95258012696905
2025-04-01 02:49:50.037767,177.63842703624712
2025-04-01 02:50:50.037767,346.761273045777
2025-04-01 02:51:50.037767,175.00000000000028
2025-04-01 02:52:50.037767,173.67577628632296
2025-04-01 02:53:50.037767,419.82709323536847
2025-04-01 02:54:50.037767,171.01743452393396
2025-04-01 02:55:50.037767,169.68336708621752
2025-04-01 02:56:50.037767,240.56788677727127
2025-04-01 02:57:50.037767,167.0055660908621
2025-04-01 02:58:50.037767,165.6618835146963
2025-04-01 02:59:50.037767,164.31504697506276
2025-04-01 03:00:50.037767,259.70928791019446
2025-04-01 03:01:50.037767,48.48360438967874
2025-04-01 03:02:50.037767,60.76591430697891
2025-04-01 03:03:50.037767,158.89667490884156
2025-04-01 03:04:50.037767,183.18655803793231
2025-04-01 03:05:50.037767,156.16923458843291
2025-04-01 03:06:50.037767,154.80104157665008
2025-04-01 03:07:50.037767,153.4299013761765
2025-04-01 03:08:50.037767,152.0558400915452
2025-04-01 03:09:50.037767,258.47689057361436
2025-04-01 03:10:50.037767,149.2990589655115
2025-04-01 03:11:50.037767,147.91639160924572
2025-04-01 03:12:50.037767,146.53090813810056
2025-04-01 03:13:50.037767,145.1426349296842
2025-04-01 03:14:50.037767,144.89210080653842
2025-04-01 03:15:50.037767,142.3578250765302
2025-04-01 03:16:50.037767,140.96134145055794
2025-04-01 03:17:50.037767,139.5621741238359
2025-04-01 03:18:50.037767,414.48104920347924
2025-04-01 03:19:50.037767,136.75589497124514
2025-04-01 03:20:50.037767,135.3488365728863
2025-04-01 03:21:50.037767,133.93920132778265
2025-04-01 03:22:50.037767,156.900956528859
2025-04-01 03:23:50.037767,131.11230769557002
2025-04-01 03:24:50.037767,129.69510312844332
2025-04-01 03:25:50.037767,230.74905413011075
2025-04-01 03:26:50.037767,380.5599401978874
2025-04-01 03:27:50.037767,125.42878234085514
2025-04-01 03:28:50.037767,124.00186329920037
2025-04-01 03:29:50.037767,122.57258344081322
2025-04-01 03:30:50.037767,121.14096997712197
2025-04-01 03:31:50.037767,119.70705016398327
2025-04-01 03:32:50.037767,118.27085130116578
2025-04-01 03:33:50.037767,148.34346066512686
2025-04-01 03:34:50.037767,115.39172584197651
2025-04-01 03:35:50.037767,113.94885406000557
2025-04-01 03:36:50.037767,130.75858260406562
2025-04-01 03:37:50.037767,123.30888600829391
2025-04-01 03:38:50.037767,109.60733226931248
2025-04-01 03:39:50.037767,108.15594803123152
2025-04-01 03:40:50.037767,106.70250465980351
2025-04-01 03:41:50.037767,105.2470298264951
2025-04-01 03:42:50.037767,103.78955124144915
2025-04-01 03:43:50.037767,102.33009665295695
2025-04-01 03:44:50.037767,100.86869384693254
2025-04-01 03:45:50.037767,99.405370646374
2025-04-01 03:46:50.037767,133.34104431080598
2025-04-01 03:47:50.037767,96.47307453595039
2025-04-01 03:48:50.037767,95.00415745277644
2025-04-01 03:49:50.037767,93.53343162739014
2025-04-01 03:50:50.037767,92.06092506029121
2025-04-01 03:51:50.037767,127.76832896361628
2025-04-01 03:52:50.037767,89.11068187193428
2025-04-01 03:53:50.037767,87.6330014190539
2025-04-01 03:54:50.037767,91.07634482717607
2025-04-01 03:55:50.037767,84.67266345988511
2025-04-01 03:56:50.037767,180.57330387090525
2025-04-01 03:57:50.037767,154.50254810402745
2025-04-01 03:58:50.037767,80.22013682284573
2025-04-01 03:59:50.037767,78.73286902035332
2025-04-01 04:00:50.037767,77.24410225752574
2025-04-01 04:01:50.037767,75.75386487833616
2025-04-01 04:02:50.037767,92.76283267856628
2025-04-01 04:03:50.037767,98.17083406802232
2025-04-01 04:04:50.037767,71.27461289906164
2025-04-01 04:05:50.037767,115.04877295608297
2025-04-01 04:06:50.037767,68.281612705644
2025-04-01 04:07:50.037767,66.783148381792
2025-04-01 04:08:50.037767,65.28341260305822
2025-04-01 04:09:50.037767,88.55253180900931
2025-04-01 04:10:50.037767,91.6029312986714
2025-04-01 04:11:50.037767,60.7768621834261
2025-04-01 04:12:50.037767,59.272326347158874
2025-04-01 04:13:50.037767,57.766662051237226
2025-04-01 04:14:50.037767,119.55936195245756
2025-04-01 04:15:50.037767,66.38326565384776
2025-04-01 04:16:50.037767,97.35728442319385
2025-04-01 04:17:50.037767,78.04504758992623
2025-04-01 04:18:50.037767,50.2224176969142
2025-04-01 04:19:50.037767,48.71058533602413
2025-04-01 04:20:50.037767,87.77786948468393
2025-04-01 04:21:50.037767,84.94919769462298
2025-04-01 04:22:50.037767,44.16963919754101
2025-04-01 04:23:50.037767,42.654270191802
2025-04-01 04:24:50.037767,41.138089110243335
2025-04-01 04:25:50.037767,39.621124818767306
2025-04-01 04:26:50.037767,38.103406198187336
2025-04-01 04:27:50.037767,36.58496214367823
2025-04-01 04:28:50.037767,35.065821564226006
2025-04-01 04:29:50.037767,33.54601338207749
2025-04-01 04:30:50.037767,32.02556653219219
2025-04-01 04:31:50.037767,30.504509961681496
2025-04-01 04:32:50.037767,77.69120563869433
2025-04-01 04:33:50.037767,50.060168384664976
2025-04-01 04:34:50.037767,25.93797156839023
2025-04-01 04:35:50.037767,34.07205369317902
2025-04-01 04:36:50.037767,31.553441647757612
2025-04-01 04:37:50.037767,36.81889265981749
2025-04-01 04:38:50.037767,19.842475647181757
2025-04-01 04:39:50.037767,18.317584685029757
2025-04-01 04:40:50.037767,16.792344982469583
2025-04-01 04:41:50.037767,15.266785577869069
2025-04-01 04:42:50.037767,13.740935515675268
2025-04-01 04:43:50.037767,12.214823845876378
2025-04-01 04:44:50.037767,10.688479623438754
2025-04-01 04:45:50.037767,9.16193190775621
2025-04-01 04:46:50.037767,9.574105654516847
2025-04-01 04:47:50.037767,6.108342253049406
2025-04-01 04:48:50.037767,4.581358449970516
2025-04-01 04:49:50.037767,3.0542874244306226
2025-04-01 04:50:50.037767,1.5271582496608291
2025-04-01 04:51:50.037767,0.0
2025-04-01 04:52:50.037767,0.0
2025-04-01 04:53:50.037767,0.0
2025-04-01 04:54:50.037767,0.0
2025-04-01 04:55:50.037767,0.0
2025-04-01 04:56:50.037767,0.0
2025-04-01 04:57:50.037767,0.0
2025-04-01 04:58:50.037767,0.0
2025-04-01 04:59:50.037767,0.0
2025-04-01 05:00:50.037767,0.0
2025-04-01 05:01:50.037767,0.0
2025-04-01 05:02:50.037767,0.0
2025-04-01 05:03:50.037767,0.0
2025-04-01 05:04:50.037767,0.0
2025-04-01 05:05:50.037767,0.0
2025-04-01 05:06:50.037767,0.0
2025-04-01 05:07:50.037767,0.0
2025-04-01 05:08:50.037767,0.0
2025-04-01 05:09:50.037767,0.0
2025-04-01 05:10:50.037767,0.0
2025-04-01 05:11:50.037767,0.0
2025-04-01 05:12:50.037767,0.0
2025-04-01 05:13:50.037767,0.0
2025-04-01 05:14:50.037767,0.0
2025-04-01 05:15:50.037767,0.0
2025-04-01 05:16:50.037767,0.0
2025-04-01 05:17:50.037767,0.0
2025-04-01 05:18:50.037767,0.0
2025-04-01 05:19:50.037767,0.0
2025-04-01 05:20:50.037767,0.0
2025-04-01 05:21:50.037767,0.0
2025-04-01 05:22:50.037767,0.0
2025-04-01 05:23:50.037767,0.0
2025-04-01 05:24:50.037767,0.0
2025-04-01 05:25:50.037767,0.0
2025-04-01 05:26:50.037767,0.0
2025-04-01 05:27:50.037767,0.0
2025-04-01 05:28:50.037767,0.0
2025-04-01 05:29:50.037767,0.0
2025-04-01 05:30:50.037767,0.0
2025-04-01 05:31:50.037767,0.0
2025-04-01 05:32:50.037767,0.0
2025-04-01 05:33:50.037767,0.0
2025-04-01 05:34:50.037767,0.0
2025-04-01 05:35:50.037767,0.0
2025-04-01 05:36:50.037767,0.0
2025-04-01 05:37:50.037767,0.0
2025-04-01 05:38:50.037767,0.0
2025-04-01 05:39:50.037767,0.0
2025-04-01 05:40:50.037767,0.0
2025-04-01 05:41:50.037767,0.0
2025-04-01 05:42:50.037767,0.0
2025-04-01 05:43:50.037767,0.0
2025-04-01 05:44:50.037767,0.0
2025-04-01 05:45:50.037767,0.0
2025-04-01 05:46:50.037767,0.0
2025-04-01 05:47:50.037767,0.0
2025-04-01 05:48:50.037767,0.0
2025-04-01 05:49:50.037767,0.0
2025-04-01 05:50:50.037767,0.0
2025-04-01 05:51:50.037767,0.0
2025-04-01 05:52:50.037767,0.0
2025-04-01 05:53:50.037767,0.0
2025-04-01 05:54:50.037767,0.0
2025-04-01 05:55:50.037767,0.0
2025-04-01 05:56:50.037767,0.0
2025-04-01 05:57:50.037767,0.0
2025-04-01 05:58:50.037767,0.0
2025-04-01 05:59:50.037767,0.0
2025-04-01 06:00:50.037767,0.0
2025-04-01 06:01:50.037767,0.0
2025-04-01 06:02:50.037767,0.0
2025-04-01 06:03:50.037767,0.0
2025-04-01 06:04:50.037767,0.0
2025-04-01 06:05:50.037767,0.0
2025-04-01 06:06:50.037767,0.0
2025-04-01 06:07:50.037767,0.0
2025-04-01 06:08:50.037767,0.0
2025-04-01 06:09:50.037767,0.0
2025-04-01 06:10:50.037767,0.0
2025-04-01 06:11:50.037767,0.0
2025-04-01 06:12:50.037767,0.0
2025-04-01 06:13:50.037767,0.0
2025-04-01 06:14:50.037767,0.0
2025-04-01 06:15:50.037767,0.0
2025-04-01 06:16:50.037767,0.0
2025-04-01 06:17:50.037767,0.0
2025-04-01 06:18:50.037767,0.0
2025-04-01 06:19:50.037767,0.0
2025-04-01 06:20:50.037767,0.0
2025-04-01 06:21:50.037767,0.0
2025-04-01 06:22:50.037767,0.0
2025-04-01 06:23:50.037767,0.0
2025-04-01 06:24:50.037767,0.0
2025-04-01 06:25:50.037767,0.0
2025-04-01 06:26:50.037767,0.0
2025-04-01 06:27:50.037767,0.0
2025-04-01 06:28:50.037767,0.0
2025-04-01 06:29:50.037767,0.0
2025-04-01 06:30:50.037767,0.0
2025-04-01 06:31:50.037767,0.0
2025-04-01 06:32:50.037767,0.0
2025-04-01 06:33:50.037767,0.0
2025-04-01 06:34:50.037767,0.0
2025-04-01 06:35:50.037767,0.0
2025-04-01 06:36:50.037767,0.0
2025-04-01 06:37:50.037767,0.0
2025-04-01 06:38:50.037767,0.0
2025-04-01 06:39:50.037767,0.0
2025-04-01 06:40:50.037767,0.0
2025-04-01 06:41:50.037767,0.0
2025-04-01 06:42:50.037767,0.0
2025-04-01 06:43:50.037767,0.0
2025-04-01 06:44:50.037767,0.0
2025-04-01 06:45:50.037767,0.0
2025-04-01 06:46:50.037767,0.0
2025-04-01 06:47:50.037767,0.0
2025-04-01 06:48:50.037767,0.0
2025-04-01 06:49:50.037767,0.0
2025-04-01 06:50:50.037767,0.0
2025-04-01 06:51:50.037767,0.0
2025-04-01 06:52:50.037767,0.0
2025-04-01 06:53:50.037767,0.0
2025-04-01 06:54:50.037767,0.0
2025-04-01 06:55:50.037767,0.0
2025-04-01 06:56:50.037767,0.0
2025-04-01 06:57:50.037767,0.0
2025-04-01 06:58:50.037767,0.0
2025-04-01 06:59:50.037767,0.0
2025-04-01 07:00:50.037767,0.0
2025-04-01 07:01:50.037767,0.0
2025-04-01 07:02:50.037767,0.0
2025-04-01 07:03:50.037767,0.0
2025-04-01 07:04:50.037767,0.0
2025-04-01 07:05:50.037767,0.0
2025-04-01 07:06:50.037767,0.0
2025-04-01 07:07:50.037767,0.0
2025-04-01 07:08:50.037767,0.0
2025-04-01 07:09:50.037767,0.0
2025-04-01 07:10:50.037767,0.0
2025-04-01 07:11:50.037767,0.0
2025-04-01 07:12:50.037767,0.0
2025-04-01 07:13:50.037767,0.0
2025-04-01 07:14:50.037767,0.0
2025-04-01 07:15:50.037767,0.0
2025-04-01 07:16:50.037767,0.0
2025-04-01 07:17:50.037767,0.0
2025-04-01 07:18:50.037767,0.0
2025-04-01 07:19:50.037767,0.0
2025-04-01 07:20:50.037767,0.0
2025-04-01 07:21:50.037767,0.0
2025-04-01 07:22:50.037767,0.0
2025-04-01 07:23:50.037767,0.0
2025-04-01 07:24:50.037767,0.0
2025-04-01 07:25:50.037767,0.0
2025-04-01 07:26:50.037767,0.0
2025-04-01 07:27:50.037767,0.0
2025-04-01 07:28:50.037767,0.0
2025-04-01 07:29:50.037767,0.0
2025-04-01 07:30:50.037767,0.0
2025-04-01 07:31:50.037767,0.0
2025-04-01 07:32:50.037767,0.0
2025-04-01 07:33:50.037767,0.0
2025-04-01 07:34:50.037767,0.0
2025-04-01 07:35:50.037767,0.0
2025-04-01 07:36:50.037767,0.0
2025-04-01 07:37:50.037767,0.0
2025-04-01 07:38:50.037767,0.0
2025-04-01 07:39:50.037767,0.0
2025-04-01 07:40:50.037767,0.0
2025-04-01 07:41:50.037767,0.0
2025-04-01 07:42:50.037767,0.0
2025-04-01 07:43:50.037767,0.0
2025-04-01 07:44:50.037767,0.0
2025-04-01 07:45:50.037767,0.0
2025-04-01 07:46:50.037767,0.0
2025-04-01 07:47:50.037767,0.0
2025-04-01 07:48:50.037767,0.0
2025-04-01 07:49:50.037767,0.0
2025-04-01 07:50:50.037767,0.0
2025-04-01 07:51:50.037767,0.0
2025-04-01 07:52:50.037767,0.0
2025-04-01 07:53:50.037767,0.0
2025-04-01 07:54:50.037767,0.0
2025-04-01 07:55:50.037767,0.0
2025-04-01 07:56:50.037767,0.0
2025-04-01 07:57:50.037767,0.0
2025-04-01 07:58:50.037767,0.0
2025-04-01 07:59:50.037767,0.0
2025-04-01 08:00:50.037767,0.0
2025-04-01 08:01:50.037767,0.0
2025-04-01 08:02:50.037767,0.0
2025-04-01 08:03:50.037767,0.0
2025-04-01 08:04:50.037767,0.0
2025-04-01 08:05:50.037767,0.0
2025-04-01 08:06:50.037767,0.0
2025-04-01 08:07:50.037767,0.0
2025-04-01 08:08:50.037767,0.0
2025-04-01 08:09:50.037767,0.0
2025-04-01 08:10:50.037767,0.0
2025-04-01 08:11:50.037767,0.0
2025-04-01 08:12:50.037767,0.0
2025-04-01 08:13:50.037767,0.0
2025-04-01 08:14:50.037767,0.0
2025-04-01 08:15:50.037767,0.0
2025-04-01 08:16:50.037767,0.0
2025-04-01 08:17:50.037767,0.0
2025-04-01 08:18:50.037767,0.0
2025-04-01 08:19:50.037767,0.0
2025-04-01 08:20:50.037767,0.0
2025-04-01 08:21:50.037767,0.0
2025-04-01 08:22:50.037767,0.0
2025-04-01 08:23:50.037767,0.0
2025-04-01 08:24:50.037767,0.0
2025-04-01 08:25:50.037767,0.0
2025-04-01 08:26:50.037767,0.0
2025-04-01 08:27:50.037767,0.0
2025-04-01 08:28:50.037767,0.0
2025-04-01 08:29:50.037767,0.0
2025-04-01 08:30:50.037767,0.0
2025-04-01 08:31:50.037767,0.0
2025-04-01 08:32:50.037767,0.0
2025-04-01 08:33:50.037767,0.0
2025-04-01 08:34:50.037767,0.0
2025-04-01 08:35:50.037767,0.0
2025-04-01 08:36:50.037767,0.0
2025-04-01 08:37:50.037767,0.0
2025-04-01 08:38:50.037767,0.0
2025-04-01 08:39:50.037767,0.0
2025-04-01 08:40:50.037767,0.0
2025-04-01 08:41:50.037767,0.0
2025-04-01 08:42:50.037767,0.0
2025-04-01 08:43:50.037767,0.0
2025-04-01 08:44:50.037767,0.0
2025-04-01 08:45:50.037767,0.0
2025-04-01 08:46:50.037767,0.0
2025-04-01 08:47:50.037767,0.0
2025-04-01 08:48:50.037767,0.0
2025-04-01 08:49:50.037767,0.0
2025-04-01 08:50:50.037767,0.0
2025-04-01 08:51:50.037767,0.0
2025-04-01 08:52:50.037767,0.0
2025-04-01 08:53:50.037767,0.0
2025-04-01 08:54:50.037767,0.0
2025-04-01 08:55:50.037767,0.0
2025-04-01 08:56:50.037767,0.0
2025-04-01 08:57:50.037767,0.0
2025-04-01 08:58:50.037767,0.0
2025-04-01 08:59:50.037767,0.0
2025-04-01 09:00:50.037767,0.0
2025-04-01 09:01:50.037767,0.0
2025-04-01 09:02:50.037767,0.0
2025-04-01 09:03:50.037767,0.0
2025-04-01 09:04:50.037767,0.0
2025-04-01 09:05:50.037767,0.0
2025-04-01 09:06:50.037767,0.0
2025-04-01 09:07:50.037767,0.0
2025-04-01 09:08:50.037767,0.0
2025-04-01 09:09:50.037767,0.0
2025-04-01 09:10:50.037767,0.0
2025-04-01 09:11:50.037767,0.0
2025-04-01 09:12:50.037767,0.0
2025-04-01 09:13:50.037767,0.0
2025-04-01 09:14:50.037767,0.0
2025-04-01 09:15:50.037767,0.0
2025-04-01 09:16:50.037767,0.0
2025-04-01 09:17:50.037767,0.0
2025-04-01 09:18:50.037767,0.0
2025-04-01 09:19:50.037767,0.0
2025-04-01 09:20:50.037767,0.0
2025-04-01 09:21:50.037767,0.0
2025-04-01 09:22:50.037767,0.0
2025-04-01 09:23:50.037767,0.0
2025-04-01 09:24:50.037767,0.0
2025-04-01 09:25:50.037767,0.0
2025-04-01 09:26:50.037767,0.0
2025-04-01 09:27:50.037767,0.0
2025-04-01 09:28:50.037767,0.0
2025-04-01 09:29:50.037767,0.0
2025-04-01 09:30:50.037767,0.0
2025-04-01 09:31:50.037767,0.0
2025-04-01 09:32:50.037767,0.0
2025-04-01 09:33:50.037767,0.0
2025-04-01 09:34:50.037767,0.0
2025-04-01 09:35:50.037767,0.0
2025-04-01 09:36:50.037767,0.0
2025-04-01 09:37:50.037767,0.0
2025-04-01 09:38:50.037767,0.0
2025-04-01 09:39:50.037767,0.0
2025-04-01 09:40:50.037767,0.0
2025-04-01 09:41:50.037767,0.0
2025-04-01 09:42:50.037767,0.0
2025-04-01 09:43:50.037767,0.0
2025-04-01 09:44:50.037767,0.0
2025-04-01 09:45:50.037767,0.0
2025-04-01 09:46:50.037767,0.0
2025-04-01 09:47:50.037767,0.0
2025-04-01 09:48:50.037767,0.0
2025-04-01 09:49:50.037767,0.0
2025-04-01 09:50:50.037767,0.0
2025-04-01 09:51:50.037767,0.0
2025-04-01 09:52:50.037767,0.0
2025-04-01 09:53:50.037767,0.0
2025-04-01 09:54:50.037767,0.0
2025-04-01 09:55:50.037767,0.0
2025-04-01 09:56:50.037767,0.0
2025-04-01 09:57:50.037767,0.0
2025-04-01 09:58:50.037767,0.0
2025-04-01 09:59:50.037767,0.0
2025-04-01 10:00:50.037767,0.0
2025-04-01 10:01:50.037767,0.0
2025-04-01 10:02:50.037767,0.0
2025-04-01 10:03:50.037767,0.0
2025-04-01 10:04:50.037767,0.0
2025-04-01 10:05:50.037767,0.0
2025-04-01 10:06:50.037767,0.0
2025-04-01 10:07:50.037767,0.0
2025-04-01 10:08:50.037767,0.0
2025-04-01 10:09:50.037767,0.0
2025-04-01 10:10:50.037767,0.0
2025-04-01 10:11:50.037767,0.0
2025-04-01 10:12:50.037767,0.0
2025-04-01 10:13:50.037767,0.0
2025-04-01 10:14:50.037767,0.0
2025-04-01 10:15:50.037767,0.0
2025-04-01 10:16:50.037767,0.0
2025-04-01 10:17:50.037767,0.0
2025-04-01 10:18:50.037767,0.0
2025-04-01 10:19:50.037767,0.0
2025-04-01 10:20:50.037767,0.0
2025-04-01 10:21:50.037767,0.0
2025-04-01 10:22:50.037767,0.0
2025-04-01 10:23:50.037767,0.0
2025-04-01 10:24:50.037767,0.0
2025-04-01 10:25:50.037767,0.0
2025-04-01 10:26:50.037767,0.0
2025-04-01 10:27:50.037767,0.0
2025-04-01 10:28:50.037767,0.0
2025-04-01 10:29:50.037767,0.0
2025-04-01 10:30:50.037767,0.0
2025-04-01 10:31:50.037767,0.0
2025-04-01 10:32:50.037767,0.0
2025-04-01 10:33:50.037767,0.0
2025-04-01 10:34:50.037767,0.0
2025-04-01 10:35:50.037767,0.0
2025-04-01 10:36:50.037767,0.0
2025-04-01 10:37:50.037767,0.0
2025-04-01 10:38:50.037767,0.0
2025-04-01 10:39:50.037767,0.0
2025-04-01 10:40:50.037767,0.0
2025-04-01 10:41:50.037767,0.0
2025-04-01 10:42:50.037767,0.0
2025-04-01 10:43:50.037767,0.0
2025-04-01 10:44:50.037767,0.0
2025-04-01 10:45:50.037767,0.0
2025-04-01 10:46:50.037767,0.0
2025-04-01 10:47:50.037767,0.0
2025-04-01 10:48:50.037767,0.0
2025-04-01 10:49:50.037767,0.0
2025-04-01 10:50:50.037767,0.0
2025-04-01 10:51:50.037767,0.0
2025-04-01 10:52:50.037767,0.0
2025-04-01 10:53:50.037767,0.0
2025-04-01 10:54:50.037767,0.0
2025-04-01 10:55:50.037767,0.0
2025-04-01 10:56:50.037767,0.0
2025-04-01 10:57:50.037767,0.0
2025-04-01 10:58:50.037767,0.0
2025-04-01 10:59:50.037767,0.0
2025-04-01 11:00:50.037767,0.0
2025-04-01 11:01:50.037767,0.0
2025-04-01 11:02:50.037767,0.0
2025-04-01 11:03:50.037767,0.0
2025-04-01 11:04:50.037767,0.0
2025-04-01 11:05:50.037767,0.0
2025-04-01 11:06:50.037767,0.0
2025-04-01 11:07:50.037767,0.0
2025-04-01 11:08:50.037767,0.0
2025-04-01 11:09:50.037767,0.0
2025-04-01 11:10:50.037767,0.0
2025-04-01 11:11:50.037767,0.0
2025-04-01 11:12:50.037767,0.0
2025-04-01 11:13:50.037767,0.0
2025-04-01 11:14:50.037767,0.0
2025-04-01 11:15:50.037767,0.0
2025-04-01 11:16:50.037767,0.0
2025-04-01 11:17:50.037767,0.0
2025-04-01 11:18:50.037767,0.0
2025-04-01 11:19:50.037767,0.0
2025-04-01 11:20:50.037767,0.0
2025-04-01 11:21:50.037767,0.0
2025-04-01 11:22:50.037767,0.0
2025-04-01 11:23:50.037767,0.0
2025-04-01 11:24:50.037767,0.0
2025-04-01 11:25:50.037767,0.0
2025-04-01 11:26:50.037767,0.0
2025-04-01 11:27:50.037767,0.0
2025-04-01 11:28:50.037767,0.0
2025-04-01 11:29:50.037767,0.0
2025-04-01 11:30:50.037767,0.0
2025-04-01 11:31:50.037767,0.0
2025-04-01 11:32:50.037767,0.0
2025-04-01 11:33:50.037767,0.0
2025-04-01 11:34:50.037767,0.0
2025-04-01 11:35:50.037767,0.0
2025-04-01 11:36:50.037767,0.0
2025-04-01 11:37:50.037767,0.0
2025-04-01 11:38:50.037767,0.0
2025-04-01 11:39:50.037767,0.0
2025-04-01 11:40:50.037767,0.0
2025-04-01 11:41:50.037767,0.0
2025-04-01 11:42:50.037767,0.0
2025-04-01 11:43:50.037767,0.0
2025-04-01 11:44:50.037767,0.0
2025-04-01 11:45:50.037767,0.0
2025-04-01 11:46:50.037767,0.0
2025-04-01 11:47:50.037767,0.0
2025-04-01 11:48:50.037767,0.0
2025-04-01 11:49:50.037767,0.0
2025-04-01 11:50:50.037767,0.0
2025-04-01 11:51:50.037767,0.0
2025-04-01 11:52:50.037767,0.0
2025-04-01 11:53:50.037767,0.0
2025-04-01 11:54:50.037767,0.0
2025-04-01 11:55:50.037767,0.0
2025-04-01 11:56:50.037767,0.0
2025-04-01 11:57:50.037767,0.0
2025-04-01 11:58:50.037767,0.0
2025-04-01 11:59:50.037767,0.0
2025-04-01 12:00:50.037767,0.0
2025-04-01 12:01:50.037767,0.0
2025-04-01 12:02:50.037767,0.0
2025-04-01 12:03:50.037767,0.0
2025-04-01 12:04:50.037767,0.0
2025-04-01 12:05:50.037767,0.0
2025-04-01 12:06:50.037767,0.0
2025-04-01 12:07:50.037767,0.0
2025-04-01 12:08:50.037767,0.0
2025-04-01 12:09:50.037767,0.0
2025-04-01 12:10:50.037767,0.0
2025-04-01 12:11:50.037767,0.0
2025-04-01 12:12:50.037767,0.0
2025-04-01 12:13:50.037767,0.0
2025-04-01 12:14:50.037767,0.0
2025-04-01 12:15:50.037767,0.0
2025-04-01 12:16:50.037767,0.0
2025-04-01 12:17:50.037767,0.0
2025-04-01 12:18:50.037767,0.0
2025-04-01 12:19:50.037767,0.0
2025-04-01 12:20:50.037767,0.0
2025-04-01 12:21:50.037767,0.0
2025-04-01 12:22:50.037767,0.0
2025-04-01 12:23:50.037767,0.0
2025-04-01 12:24:50.037767,0.0
2025-04-01 12:25:50.037767,0.0
2025-04-01 12:26:50.037767,0.0
2025-04-01 12:27:50.037767,0.0
2025-04-01 12:28:50.037767,0.0
2025-04-01 12:29:50.037767,0.0
2025-04-01 12:30:50.037767,0.0
2025-04-01 12:31:50.037767,0.0
2025-04-01 12:32:50.037767,0.0
2025-04-01 12:33:50.037767,0.0
2025-04-01 12:34:50.037767,0.0
2025-04-01 12:35:50.037767,0.0
2025-04-01 12:36:50.037767,0.0
2025-04-01 12:37:50.037767,0.0
2025-04-01 12:38:50.037767,0.0
2025-04-01 12:39:50.037767,0.0
2025-04-01 12:40:50.037767,0.0
2025-04-01 12:41:50.037767,0.0
2025-04-01 12:42:50.037767,0.0
2025-04-01 12:43:50.037767,0.0
2025-04-01 12:44:50.037767,0.0
2025-04-01 12:45:50.037767,0.0
2025-04-01 12:46:50.037767,0.0
2025-04-01 12:47:50.037767,0.0
2025-04-01 12:48:50.037767,0.0
2025-04-01 12:49:50.037767,0.0
2025-04-01 12:50:50.037767,0.0
2025-04-01 12:51:50.037767,0.0
2025-04-01 12:52:50.037767,0.0
2025-04-01 12:53:50.037767,0.0
2025-04-01 12:54:50.037767,0.0
2025-04-01 12:55:50.037767,0.0
2025-04-01 12:56:50.037767,0.0
2025-04-01 12:57:50.037767,0.0
2025-04-01 12:58:50.037767,0.0
2025-04-01 12:59:50.037767,0.0
2025-04-01 13:00:50.037767,0.0
2025-04-01 13:01:50.037767,0.0
2025-04-01 13:02:50.037767,0.0
2025-04-01 13:03:50.037767,0.0
2025-04-01 13:04:50.037767,0.0
2025-04-01 13:05:50.037767,0.0
2025-04-01 13:06:50.037767,0.0
2025-04-01 13:07:50.037767,0.0
2025-04-01 13:08:50.037767,0.0
2025-04-01 13:09:50.037767,0.0
2025-04-01 13:10:50.037767,0.0
2025-04-01 13:11:50.037767,0.0
2025-04-01 13:12:50.037767,0.0
2025-04-01 13:13:50.037767,0.0
2025-04-01 13:14:50.037767,0.0
2025-04-01 13:15:50.037767,0.0
2025-04-01 13:16:50.037767,0.0
2025-04-01 13:17:50.037767,0.0
2025-04-01 13:18:50.037767,0.0
2025-04-01 13:19:50.037767,0.0
2025-04-01 13:20:50.037767,0.0
2025-04-01 13:21:50.037767,0.0
2025-04-01 13:22:50.037767,0.0
2025-04-01 13:23:50.037767,0.0
2025-04-01 13:24:50.037767,0.0
2025-04-01 13:25:50.037767,0.0
2025-04-01 13:26:50.037767,0.0
2025-04-01 13:27:50.037767,0.0
2025-04-01 13:28:50.037767,0.0
2025-04-01 13:29:50.037767,0.0
2025-04-01 13:30:50.037767,0.0
2025-04-01 13:31:50.037767,0.0
2025-04-01 13:32:50.037767,0.0
2025-04-01 13:33:50.037767,0.0
2025-04-01 13:34:50.037767,0.0
2025-04-01 13:35:50.037767,0.0
2025-04-01 13:36:50.037767,0.0
2025-04-01 13:37:50.037767,0.0
2025-04-01 13:38:50.037767,0.0
2025-04-01 13:39:50.037767,0.0
2025-04-01 13:40:50.037767,0.0
2025-04-01 13:41:50.037767,0.0
2025-04-01 13:42:50.037767,0.0
2025-04-01 13:43:50.037767,0.0
2025-04-01 13:44:50.037767,0.0
2025-04-01 13:45:50.037767,0.0
2025-04-01 13:46:50.037767,0.0
2025-04-01 13:47:50.037767,0.0
2025-04-01 13:48:50.037767,0.0
2025-04-01 13:49:50.037767,0.0
2025-04-01 13:50:50.037767,0.0
2025-04-01 13:51:50.037767,0.0
2025-04-01 13:52:50.037767,0.0
2025-04-01 13:53:50.037767,0.0
2025-04-01 13:54:50.037767,0.0
2025-04-01 13:55:50.037767,0.0
2025-04-01 13:56:50.037767,0.0
2025-04-01 13:57:50.037767,0.0
2025-04-01 13:58:50.037767,0.0
2025-04-01 13:59:50.037767,0.0
2025-04-01 14:00:50.037767,0.0
2025-04-01 14:01:50.037767,0.0
2025-04-01 14:02:50.037767,0.0
2025-04-01 14:03:50.037767,0.0
2025-04-01 14:04:50.037767,0.0
2025-04-01 14:05:50.037767,0.0
2025-04-01 14:06:50.037767,0.0
2025-04-01 14:07:50.037767,0.0
2025-04-01 14:08:50.037767,0.0
2025-04-01 14:09:50.037767,0.0
2025-04-01 14:10:50.037767,0.0
2025-04-01 14:11:50.037767,0.0
2025-04-01 14:12:50.037767,0.0
2025-04-01 14:13:50.037767,0.0
2025-04-01 14:14:50.037767,0.0
2025-04-01 14:15:50.037767,0.0
2025-04-01 14:16:50.037767,0.0
2025-04-01 14:17:50.037767,0.0
2025-04-01 14:18:50.037767,0.0
2025-04-01 14:19:50.037767,0.0
2025-04-01 14:20:50.037767,0.0
2025-04-01 14:21:50.037767,0.0
2025-04-01 14:22:50.037767,0.0
2025-04-01 14:23:50.037767,0.0
2025-04-01 14:24:50.037767,0.0
2025-04-01 14:25:50.037767,0.0
2025-04-01 14:26:50.037767,0.0
2025-04-01 14:27:50.037767,0.0
2025-04-01 14:28:50.037767,0.0
2025-04-01 14:29:50.037767,0.0
2025-04-01 14:30:50.037767,0.0
2025-04-01 14:31:50.037767,0.0
2025-04-01 14:32:50.037767,0.0
2025-04-01 14:33:50.037767,0.0
2025-04-01 14:34:50.037767,0.0
2025-04-01 14:35:50.037767,0.0
2025-04-01 14:36:50.037767,0.0
2025-04-01 14:37:50.037767,0.0
2025-04-01 14:38:50.037767,0.0
2025-04-01 14:39:50.037767,0.0
2025-04-01 14:40:50.037767,0.0
2025-04-01 14:41:50.037767,0.0
2025-04-01 14:42:50.037767,0.0
2025-04-01 14:43:50.037767,0.0
2025-04-01 14:44:50.037767,0.0
2025-04-01 14:45:50.037767,0.0
2025-04-01 14:46:50.037767,0.0
2025-04-01 14:47:50.037767,0.0
2025-04-01 14:48:50.037767,0.0
2025-04-01 14:49:50.037767,0.0
2025-04-01 14:50:50.037767,0.0
2025-04-01 14:51:50.037767,0.0
2025-04-01 14:52:50.037767,0.0
2025-04-01 14:53:50.037767,0.0
2025-04-01 14:54:50.037767,0.0
2025-04-01 14:55:50.037767,0.0
2025-04-01 14:56:50.037767,0.0
2025-04-01 14:57:50.037767,0.0
2025-04-01 14:58:50.037767,0.0
2025-04-01 14:59:50.037767,0.0
2025-04-01 15:00:50.037767,0.0
2025-04-01 15:01:50.037767,0.0
2025-04-01 15:02:50.037767,0.0
2025-04-01 15:03:50.037767,0.0
2025-04-01 15:04:50.037767,0.0
2025-04-01 15:05:50.037767,0.0
2025-04-01 15:06:50.037767,0.0
2025-04-01 15:07:50.037767,0.0
2025-04-01 15:08:50.037767,0.0
2025-04-01 15:09:50.037767,0.0
2025-04-01 15:10:50.037767,0.0
2025-04-01 15:11:50.037767,0.0
2025-04-01 15:12:50.037767,0.0
2025-04-01 15:13:50.037767,0.0
2025-04-01 15:14:50.037767,0.0
2025-04-01 15:15:50.037767,0.0
2025-04-01 15:16:50.037767,0.0
2025-04-01 15:17:50.037767,0.0
2025-04-01 15:18:50.037767,0.0
2025-04-01 15:19:50.037767,0.0
2025-04-01 15:20:50.037767,0.0
2025-04-01 15:21:50.037767,0.0
2025-04-01 15:22:50.037767,0.0
2025-04-01 15:23:50.037767,0.0
2025-04-01 15:24:50.037767,0.0
2025-04-01 15:25:50.037767,0.0
2025-04-01 15:26:50.037767,0.0
2025-04-01 15:27:50.037767,0.0
2025-04-01 15:28:50.037767,0.0
2025-04-01 15:29:50.037767,0.0
2025-04-01 15:30:50.037767,0.0
2025-04-01 15:31:50.037767,0.0
2025-04-01 15:32:50.037767,0.0
2025-04-01 15:33:50.037767,0.0
2025-04-01 15:34:50.037767,0.0
2025-04-01 15:35:50.037767,0.0
2025-04-01 15:36:50.037767,0.0
2025-04-01 15:37:50.037767,0.0
2025-04-01 15:38:50.037767,0.0
2025-04-01 15:39:50.037767,0.0
2025-04-01 15:40:50.037767,0.0
2025-04-01 15:41:50.037767,0.0
2025-04-01 15:42:50.037767,0.0
2025-04-01 15:43:50.037767,0.0
2025-04-01 15:44:50.037767,0.0
2025-04-01 15:45:50.037767,0.0
2025-04-01 15:46:50.037767,0.0
2025-04-01 15:47:50.037767,0.0
2025-04-01 15:48:50.037767,0.0
2025-04-01 15:49:50.037767,0.0
2025-04-01 15:50:50.037767,0.0
2025-04-01 15:51:50.037767,0.0
2025-04-01 15:52:50.037767,0.0
2025-04-01 15:53:50.037767,0.0
2025-04-01 15:54:50.037767,0.0
2025-04-01 15:55:50.037767,0.0
2025-04-01 15:56:50.037767,0.0
2025-04-01 15:57:50.037767,0.0
2025-04-01 15:58:50.037767,0.0
2025-04-01 15:59:50.037767,0.0
2025-04-01 16:00:50.037767,0.0
2025-04-01 16:01:50.037767,0.0
2025-04-01 16:02:50.037767,0.0
2025-04-01 16:03:50.037767,0.0
2025-04-01 16:04:50.037767,0.0
2025-04-01 16:05:50.037767,0.0
2025-04-01 16:06:50.037767,0.0
2025-04-01 16:07:50.037767,0.0
2025-04-01 16:08:50.037767,0.0
2025-04-01 16:09:50.037767,0.0
2025-04-01 16:10:50.037767,0.0
2025-04-01 16:11:50.037767,0.0
2025-04-01 16:12:50.037767,0.0
2025-04-01 16:13:50.037767,0.0
2025-04-01 16:14:50.037767,0.0
2025-04-01 16:15:50.037767,0.0
2025-04-01 16:16:50.037767,0.0
2025-04-01 16:17:50.037767,0.0
2025-04-01 16:18:50.037767,0.0
2025-04-01 16:19:50.037767,0.0
2025-04-01 16:20:50.037767,0.0
2025-04-01 16:21:50.037767,0.0
2025-04-01 16:22:50.037767,0.0
2025-04-01 16:23:50.037767,0.0
2025-04-01 16:24:50.037767,0.0
2025-04-01 16:25:50.037767,0.0
2025-04-01 16:26:50.037767,0.0
2025-04-01 16:27:50.037767,0.0
2025-04-01 16:28:50.037767,0.0
2025-04-01 16:29:50.037767,0.0
2025-04-01 16:30:50.037767,0.0
2025-04-01 16:31:50.037767,0.0
2025-04-01 16:32:50.037767,0.0
2025-04-01 16:33:50.037767,0.0
2025-04-01 16:34:50.037767,0.0
2025-04-01 16:35:50.037767,0.0
2025-04-01 16:36:50.037767,0.0
2025-04-01 16:37:50.037767,0.0
2025-04-01 16:38:50.037767,0.0
2025-04-01 16:39:50.037767,0.0
2025-04-01 16:40:50.037767,0.0
2025-04-01 16:41:50.037767,0.0
2025-04-01 16:42:50.037767,0.0
2025-04-01 16:43:50.037767,0.0
2025-04-01 16:44:50.037767,0.0
2025-04-01 16:45:50.037767,0.0
2025-04-01 16:46:50.037767,0.0
2025-04-01 16:47:50.037767,0.0
2025-04-01 16:48:50.037767,0.0
2025-04-01 16:49:50.037767,0.0
2025-04-01 16:50:50.037767,0.0
2025-04-01 16:51:50.037767,0.0
2025-04-01 16:52:50.037767,1.550181550958532
2025-04-01 16:53:50.037767,3.426722323307586
2025-04-01 16:54:50.037767,4.5813584499706
2025-04-01 16:55:50.037767,6.108342253049492
2025-04-01 16:56:50.037767,7.6352097620968715
2025-04-01 16:57:50.037767,9.161931907756298
2025-04-01 16:58:50.037767,10.688479623438841
2025-04-01 16:59:50.037767,12.214823845873982
2025-04-01 17:00:50.037767,16.043399211130826
2025-04-01 17:01:50.037767,15.26678557786667
2025-04-01 17:02:50.037767,16.79234498246967
2025-04-01 17:03:50.037767,18.317584685029843
2025-04-01 17:04:50.037767,19.84247564718185
2025-04-01 17:05:50.037767,21.366988837199838
2025-04-01 17:06:50.037767,22.89109523055022
2025-04-01 17:07:50.037767,24.41476581044422
2025-04-01 17:08:50.037767,25.937971568390314
2025-04-01 17:09:50.037767,27.460683504746527
2025-04-01 17:10:50.037767,43.70482243810813
2025-04-01 17:11:50.037767,9.151352988503731
2025-04-01 17:12:50.037767,9.607669959656938
2025-04-01 17:13:50.037767,21.601008071462232
2025-04-01 17:14:50.037767,12.833747722174698
2025-04-01 17:15:50.037767,10.975488643103494
2025-04-01 17:16:50.037767,11.431021859456227
2025-04-01 17:17:50.037767,19.04606353790363
2025-04-01 17:18:50.037767,41.13808911024343
2025-04-01 17:19:50.037767,42.654270191802084
2025-04-01 17:20:50.037767,44.169639197541095
2025-04-01 17:21:50.037767,45.68416727701896
2025-04-01 17:22:50.037767,47.197825595801696
2025-04-01 17:23:50.037767,48.710585336021765
2025-04-01 17:24:50.037767,66.43984177442127
2025-04-01 17:25:50.037767,51.733293895363
2025-04-01 17:26:50.037767,80.4888195957691
2025-04-01 17:27:50.037767,54.75206276408051
2025-04-01 17:28:50.037767,62.39407977924589
2025-04-01 17:29:50.037767,57.76666205123731
2025-04-01 17:30:50.037767,59.27232634715896
2025-04-01 17:31:50.037767,60.77686218342618
2025-04-01 17:32:50.037767,63.38146991086492
2025-04-01 17:33:50.037767,63.78243392225015
2025-04-01 17:34:50.037767,65.28341260305587
2025-04-01 17:35:50.037767,66.78314838178964
2025-04-01 17:36:50.037767,68.28161270564406
2025-04-01 17:37:50.037767,84.92016039892955
2025-04-01 17:38:50.037767,71.27461289906171
2025-04-01 17:39:50.037767,133.27712049910681
2025-04-01 17:40:50.037767,74.2621852547562
2025-04-01 17:41:50.037767,125.976060980452
2025-04-01 17:42:50.037767,77.24410225752582
2025-04-01 17:43:50.037767,78.7328690203534
2025-04-01 17:44:50.037767,80.22013682284582
2025-04-01 17:45:50.037767,81.70587734956555
2025-04-01 17:46:50.037767,83.19006231415945
2025-04-01 17:47:50.037767,84.67266345988278
2025-04-01 17:48:50.037767,86.15365256014684
2025-04-01 17:49:50.037767,87.63300141905398
2025-04-01 17:50:50.037767,89.11068187193437
2025-04-01 17:51:50.037767,90.58666578588218
2025-04-01 17:52:50.037767,92.0609250602913
2025-04-01 17:53:50.037767,93.53343162739024
2025-04-01 17:54:50.037767,95.00415745277652
2025-04-01 17:55:50.037767,96.47307453595046
2025-04-01 17:56:50.037767,149.89531248549753
2025-04-01 17:57:50.037767,99.40537064637167
2025-04-01 17:58:50.037767,100.86869384693024
2025-04-01 17:59:50.037767,117.24228838006154
2025-04-01 18:00:50.037767,103.78955124144922
2025-04-01 18:01:50.037767,105.2470298264952
2025-04-01 18:02:50.037767,106.7025046598036
2025-04-01 18:03:50.037767,108.1559480312316
2025-04-01 18:04:50.037767,32.88219968079377
2025-04-01 18:05:50.037767,111.05662974178267
2025-04-01 18:06:50.037767,156.81181830768705
2025-04-01 18:07:50.037767,273.88129750460047
2025-04-01 18:08:50.037767,200.22501784714086
2025-04-01 18:09:50.037767,116.83240073181871
2025-04-01 18:10:50.037767,118.83144997657332
2025-04-01 18:11:50.037767,148.45255502254196
2025-04-01 18:12:50.037767,121.14096997712204
2025-04-01 18:13:50.037767,122.5725834408133
2025-04-01 18:14:50.037767,124.00186329920047
2025-04-01 18:15:50.037767,125.4287823408552
2025-04-01 18:16:50.037767,126.85331339929587
2025-04-01 18:17:50.037767,128.27542935350456
2025-04-01 18:18:50.037767,129.6951031284434
2025-04-01 18:19:50.037767,174.9885486032064
2025-04-01 18:20:50.037767,368.8428362603629
2025-04-01 18:21:50.037767,133.9392013277804
2025-04-01 18:22:50.037767,135.3488365728864
2025-04-01 18:23:50.037767,159.77758316664801
2025-04-01 18:24:50.037767,138.1603497344931
2025-04-01 18:25:50.037767,139.56217412383594
2025-04-01 18:26:50.037767,280.9102100301896
2025-04-01 18:27:50.037767,142.35782507653025
2025-04-01 18:28:50.037767,143.75159841471745
2025-04-01 18:29:50.037767,145.14263492968425
2025-04-01 18:30:50.037767,146.5309081381006
2025-04-01 18:31:50.037767,147.91639160924353
2025-04-01 18:32:50.037767,339.8717690573251
2025-04-01 18:33:50.037767,150.6788838829024
2025-04-01 18:34:50.037767,152.0558400915453
2025-04-01 18:35:50.037767,153.4299013761766
2025-04-01 18:36:50.037767,464.4031247299505
2025-04-01 18:37:50.037767,171.00721454810716
2025-04-01 18:38:50.037767,157.53445436310236
2025-04-01 18:39:50.037767,198.6820662461163
2025-04-01 18:40:50.037767,160.25587029093532
2025-04-01 18:41:50.037767,201.9050198162662
2025-04-01 18:42:50.037767,162.96508211378986
2025-04-01 18:43:50.037767,164.31504697506062
2025-04-01 18:44:50.037767,165.6618835146942
2025-04-01 18:45:50.037767,167.00556609086217
2025-04-01 18:46:50.037767,168.3460691217851
2025-04-01 18:47:50.037767,169.68336708621757
2025-04-01 18:48:50.037767,295.499825206306
2025-04-01 18:49:50.037767,172.34824603621348
2025-04-01 18:50:50.037767,521.0273288589692
2025-04-01 18:51:50.037767,175.00000000000037
2025-04-01 18:52:50.037767,289.8129251091901
2025-04-01 18:53:50.037767,177.63842703624718
2025-04-01 18:54:50.037767,178.95258012696698
2025-04-01 18:55:50.037767,180.26332621851793
2025-04-01 18:56:50.037767,181.57064035618166
2025-04-01 18:57:50.037767,241.92337194395847
2025-04-01 18:58:50.037767,222.20696515341376
2025-04-01 18:59:50.037767,185.47174248162142
2025-04-01 19:00:50.037767,186.76508057046394
2025-04-01 19:01:50.037767,188.05486292138843
2025-04-01 19:02:50.037767,189.34106497879813
2025-04-01 19:03:50.037767,190.6236622552599
2025-04-01 19:04:50.037767,191.90263033197044
2025-04-01 19:05:50.037767,320.36312802918457
2025-04-01 19:06:50.037767,194.44958155685964
2025-04-01 19:07:50.037767,202.59902593120088
2025-04-01 19:08:50.037767,296.7858080569245
2025-04-01 19:09:50.037767,198.24218292369093
2025-04-01 19:10:50.037767,199.4988669087057
2025-04-01 19:11:50.037767,200.75175272286594
2025-04-01 19:12:50.037767,244.08464535478123
2025-04-01 19:13:50.037767,203.24603449882906
2025-04-01 19:14:50.037767,204.48738297310237
2025-04-01 19:15:50.037767,205.7248383023661
2025-04-01 19:16:50.037767,269.20755991515176
2025-04-01 19:17:50.037767,208.1879753629683
2025-04-01 19:18:50.037767,209.41361019972967
2025-04-01 19:19:50.037767,210.6352581032161
2025-04-01 19:20:50.037767,251.81066089930076
2025-04-01 19:21:50.037767,213.06650015305175
2025-04-01 19:22:50.037767,214.27604801205698
2025-04-01 19:23:50.037767,258.54952149566344
2025-04-01 19:24:50.037767,250.65975326247315
2025-04-01 19:25:50.037767,266.25904357334935
2025-04-01 19:26:50.037767,219.07321526442107
2025-04-01 19:27:50.037767,220.26213686744364
2025-04-01 19:28:50.037767,221.44686499688135
2025-04-01 19:29:50.037767,251.27861308759952
2025-04-01 19:30:50.037767,255.570873596196
2025-04-01 19:31:50.037767,132.40866603866377
2025-04-01 19:32:50.037767,291.65374479364
2025-04-01 19:33:50.037767,227.30681691556393
2025-04-01 19:34:50.037767,481.0709292645109
2025-04-01 19:35:50.037767,497.4208533488906
2025-04-01 19:36:50.037767,230.77103528502423
2025-04-01 19:37:50.037767,250.80723293995194
2025-04-01 19:38:50.037767,233.05858310029245
2025-04-01 19:39:50.037767,239.5539828271566
2025-04-01 19:40:50.037767,235.32838260213273
2025-04-01 19:41:50.037767,236.45657266548017
2025-04-01 19:42:50.037767,351.448729996328
2025-04-01 19:43:50.037767,238.69942602187385
2025-04-01 19:44:50.037767,358.54630236413203
2025-04-01 19:45:50.037767,240.92410149281363
2025-04-01 19:46:50.037767,242.02956952379415
2025-04-01 19:47:50.037767,595.9029371554342
2025-04-01 19:48:50.037767,308.6731510383787
2025-04-01 19:49:50.037767,245.31824250494816
2025-04-01 19:50:50.037767,246.40515355958942
2025-04-01 19:51:50.037767,247.4873734152923
2025-04-01 19:52:50.037767,547.4028157738286
2025-04-01 19:53:50.037767,249.63765720396276
2025-04-01 19:54:50.037767,250.7056801986284
2025-04-01 19:55:50.037767,251.7689301185274
2025-04-01 19:56:50.037767,252.8273867209141
2025-04-01 19:57:50.037767,253.8810298543005
2025-04-01 19:58:50.037767,254.92983945884006
2025-04-01 19:59:50.037767,298.32375750769614
2025-04-01 20:00:50.037767,257.0128783024902
2025-04-01 20:01:50.037767,258.0470678835439
2025-04-01 20:02:50.037767,259.07634462039175
2025-04-01 20:03:50.037767,260.100688917087
2025-04-01 20:04:50.037767,261.120081271594
2025-04-01 20:05:50.037767,262.1345022761501
2025-04-01 20:06:50.037767,263.14393261764155
2025-04-01 20:07:50.037767,582.3794705530361
2025-04-01 20:08:50.037767,464.00682294601114
2025-04-01 20:09:50.037767,470.67417506343315
2025-04-01 20:10:50.037767,267.13136442388515
2025-04-01 20:11:50.037767,268.1155550916425
2025-04-01 20:12:50.037767,273.38187232096027
2025-04-01 20:13:50.037767,270.06860418570244
2025-04-01 20:14:50.037767,386.65059549051676
2025-04-01 20:15:50.037767,272.00108650993894
2025-04-01 20:16:50.037767,272.9595690825079
2025-04-01 20:17:50.037767,273.9128548983443
2025-04-01 20:18:50.037767,274.8609258082603
2025-04-01 20:19:50.037767,339.6667266488951
2025-04-01 20:20:50.037767,276.741350810345
2025-04-01 20:21:50.037767,426.86606028475273
2025-04-01 20:22:50.037767,278.6007008871178
2025-04-01 20:23:50.037767,279.5224285165527
2025-04-01 20:24:50.037767,280.43883444187156
2025-04-01 20:25:50.037767,281.3499012160265
2025-04-01 20:26:50.037767,282.255611493618
2025-04-01 20:27:50.037767,283.1559480312308
2025-04-01 20:28:50.037767,284.0508936877537
2025-04-01 20:29:50.037767,284.9404314247113
2025-04-01 20:30:50.037767,96.74042547501627
2025-04-01 20:31:50.037767,86.01096465034405
2025-04-01 20:32:50.037767,530.7634136925508
2025-04-01 20:33:50.037767,288.4441660177055
2025-04-01 20:34:50.037767,289.30641219451616
2025-04-01 20:35:50.037767,290.1631503942649
2025-04-01 20:36:50.037767,291.0143643058912
2025-04-01 20:37:50.037767,291.8600377235094
2025-04-01 20:38:50.037767,292.70015454671505
2025-04-01 20:39:50.037767,293.53469878089777
2025-04-01 20:40:50.037767,294.36365453753683
2025-04-01 20:41:50.037767,295.1870060345096
2025-04-01 20:42:50.037767,296.0047375963903
2025-04-01 20:43:50.037767,296.8168336547489
2025-04-01 20:44:50.037767,472.466074990565
2025-04-01 20:45:50.037767,298.42405752393233
2025-04-01 20:46:50.037767,337.4471795378188
2025-04-01 20:47:50.037767,300.00855524573956
2025-04-01 20:48:50.037767,300.7922440255088
2025-04-01 20:49:50.037767,375.26588615536343
2025-04-01 20:50:50.037767,382.37417876137715
2025-04-01 20:51:50.037767,303.108891324553
2025-04-01 20:52:50.037767,303.86958507119937
2025-04-01 20:53:50.037767,304.6244935789645
2025-04-01 20:54:50.037767,305.3736024754788
2025-04-01 20:55:50.037767,332.09481635471275
2025-04-01 20:56:50.037767,306.8543644976277
2025-04-01 20:57:50.037767,307.58598943168795
2025-04-01 20:58:50.037767,308.31175837188516
2025-04-01 20:59:50.037767,309.0316575006247
2025-04-01 21:00:50.037767,309.7456731120651
2025-04-01 21:01:50.037767,310.45379161237696
2025-04-01 21:02:50.037767,335.53392738093095
2025-04-01 21:03:50.037767,311.8522834659283
2025-04-01 21:04:50.037767,312.5426301938976
2025-04-01 21:05:50.037767,313.22702656070857
2025-04-01 21:06:50.037767,341.2766564530579
2025-04-01 21:07:50.037767,314.57791620470846
2025-04-01 21:08:50.037767,372.0450173651629
2025-04-01 21:09:50.037767,315.90484952245134
2025-04-01 21:10:50.037767,579.6900560791023
2025-04-01 21:11:50.037767,317.20772546282785
2025-04-01 21:12:50.037767,391.5667509377609
2025-04-01 21:13:50.037767,318.4864448067896
2025-04-01 21:14:50.037767,319.11671525198057
2025-04-01 21:15:50.037767,404.40024739194666
2025-04-01 21:16:50.037767,320.35901769180623
2025-04-01 21:17:50.037767,548.600612065464
2025-04-01 21:18:50.037767,321.5769235521143
2025-04-01 21:19:50.037767,322.17669870835414
2025-04-01 21:20:50.037767,322.7703400846582
2025-04-01 21:21:50.037767,323.35783637895054
2025-04-01 21:22:50.037767,546.1764781928019
2025-04-01 21:23:50.037767,324.51434909837593
2025-04-01 21:24:50.037767,325.083343505173
2025-04-01 21:25:50.037767,589.9584718025673
2025-04-01 21:26:50.037767,354.7125854624529
2025-04-01 21:27:50.037767,326.7531492740203
2025-04-01 21:28:50.037767,327.2973233901039
2025-04-01 21:29:50.037767,327.83526623693905
2025-04-01 21:30:50.037767,328.3669675728694
2025-04-01 21:31:50.037767,328.89241727506794
2025-04-01 21:32:50.037767,685.7149223170946
2025-04-01 21:33:50.037767,404.47363608978566
2025-04-01 21:34:50.037767,330.4311571374747
2025-04-01 21:35:50.037767,330.93150145976034
2025-04-01 21:36:50.037767,331.42554532328654
2025-04-01 21:37:50.037767,331.9132793221694
2025-04-01 21:38:50.037767,345.3089614616013
2025-04-01 21:39:50.037767,332.86978070330355
2025-04-01 21:40:50.037767,333.3385298751473
2025-04-01 21:41:50.037767,365.99473577417143
2025-04-01 21:42:50.037767,334.2569805600153
2025-04-01 21:43:50.037767,334.70666458706245
2025-04-01 21:44:50.037767,335.14997628168516
2025-04-01 21:45:50.037767,335.5869072038677
2025-04-01 21:46:50.037767,336.01744903507523
2025-04-01 21:47:50.037767,336.4415935784112
2025-04-01 21:48:50.037767,336.85933275877625
2025-04-01 21:49:50.037767,337.2706586230178
2025-04-01 21:50:50.037767,337.67556334008435
2025-04-01 21:51:50.037767,736.2610904752892
2025-04-01 21:52:50.037767,338.46607861988
2025-04-01 21:53:50.037767,405.28320138171574
2025-04-01 21:54:50.037767,364.1614463317325
2025-04-01 21:55:50.037767,495.210132864915
2025-04-01 21:56:50.037767,339.9697244346416
2025-04-01 21:57:50.037767,432.77424172037166
2025-04-01 21:58:50.037767,340.6827404611566
2025-04-01 21:59:50.037767,583.3439291807882
2025-04-01 22:00:50.037767,341.36981217797916
2025-04-01 22:01:50.037767,1000.0
2025-04-01 22:02:50.037767,342.0308872619375
2025-04-01 22:03:50.037767,342.35166025683185
2025-04-01 22:04:50.037767,342.6659153696043
2025-04-01 22:05:50.037767,342.97364661729034
2025-04-01 22:06:50.037767,343.2748481411307
2025-04-01 22:07:50.037767,343.56951420668247
2025-04-01 22:08:50.037767,343.85763920392856
2025-04-01 22:09:50.037767,344.13921764738427
2025-04-01 22:10:50.037767,344.4142441762015
2025-04-01 22:11:50.037767,344.6827135542726
2025-04-01 22:12:50.037767,344.944620670327
2025-04-01 22:13:50.037767,371.78536151395554
2025-04-01 22:14:50.037767,345.4487282960811
2025-04-01 22:15:50.037767,832.5266393292367
2025-04-01 22:16:50.037767,425.7770313162383
2025-04-01 22:17:50.037767,746.5157816345253
2025-04-01 22:18:50.037767,346.3779853868846
2025-04-01 22:19:50.037767,346.5938240595497
2025-04-01 22:20:50.037767,346.8030640854089
2025-04-01 22:21:50.037767,347.0057014808334
2025-04-01 22:22:50.037767,347.2017323879001
2025-04-01 22:23:50.037767,347.3911530744626
2025-04-01 22:24:50.037767,347.5739599342241
2025-04-01 22:25:50.037767,104.32504484604166
2025-04-01 22:26:50.037767,104.37591551334354
2025-04-01 22:27:50.037767,140.75462507849232
2025-04-01 22:28:50.037767,348.2389813878191
2025-04-01 22:29:50.037767,479.18084253848315
2025-04-01 22:30:50.037767,370.36428335918833
2025-04-01 22:31:50.037767,348.66814433211096
2025-04-01 22:32:50.037767,348.79792587421656
2025-04-01 22:33:50.037767,348.92106680659464
2025-04-01 22:34:50.037767,378.88471497820376
2025-04-01 22:35:50.037767,349.1474175909384
2025-04-01 22:36:50.037767,349.25062313351117
2025-04-01 22:37:50.037767,444.3070607863396
2025-04-01 22:38:50.037767,349.4370846950721
2025-04-01 22:39:50.037767,387.18734575036603
2025-04-01 22:40:50.037767,349.59693526973274
2025-04-01 22:41:50.037767,349.66687755365024
2025-04-01 22:42:50.037767,349.73016268425306
2025-04-01 22:43:50.037767,630.0092172009781
2025-04-01 22:44:50.037767,349.8367567928495
2025-04-01 22:45:50.037767,453.2761873465839
2025-04-01 22:46:50.037767,610.9959092407843
2025-04-01 22:47:50.037767,566.1785070051177
2025-04-01 22:48:50.037767,474.21462157508006
2025-04-01 22:49:50.037767,587.6154693467363
2025-04-01 22:50:50.037767,349.99666825225705
2025-04-01 22:51:50.037767,350.0
2025-04-01 22:52:50.037767,455.1697703522175
2025-04-01 22:53:50.037767,349.98667307245995
2025-04-01 22:54:50.037767,349.97001465090244
2025-04-01 22:55:50.037767,349.94669330473687
2025-04-01 22:56:50.037767,349.91670947796814
2025-04-01 22:57:50.037767,349.88006374144504
2025-04-01 22:58:50.037767,349.83675679284954
2025-04-01 22:59:50.037767,349.7867894566835
2025-04-01 23:00:50.037767,349.73016268425306
2025-04-01 23:01:50.037767,349.66687755365024
2025-04-01 23:02:50.037767,349.59693526973274
2025-04-01 23:03:50.037767,349.5203371641008
2025-04-01 23:04:50.037767,349.4370846950721
2025-04-01 23:05:50.037767,349.34717944765345
2025-04-01 23:06:50.037767,349.25062313351117
2025-04-01 23:07:50.037767,349.1474175909384
2025-04-01 23:08:50.037767,349.03756478482006
2025-04-01 23:09:50.037767,348.92106680659487
2025-04-01 23:10:50.037767,655.9701392830556
2025-04-01 23:11:50.037767,373.70377100223556
2025-04-01 23:12:50.037767,348.53172465113164
2025-04-01 23:13:50.037767,560.1605243450318
2025-04-01 23:14:50.037767,348.2389813878191
2025-04-01 23:15:50.037767,348.08266337889563
2025-04-01 23:16:50.037767,347.9197183778118
2025-04-01 23:17:50.037767,496.1392971995685
2025-04-01 23:18:50.037767,347.5739599342241
2025-04-01 23:19:50.037767,347.39115307446286
2025-04-01 23:20:50.037767,570.0543148185191
2025-04-01 23:21:50.037767,347.00570148083375
2025-04-01 23:22:50.037767,346.8030640854089
2025-04-01 23:23:50.037767,346.5938240595497
2025-04-01 23:24:50.037767,346.3779853868846
2025-04-01 23:25:50.037767,666.0140480898735
2025-04-01 23:26:50.037767,345.9265286637162
2025-04-01 23:27:50.037767,345.69091920829817
2025-04-01 23:28:50.037767,345.4487282960811
2025-04-01 23:29:50.037767,782.2508650358102
2025-04-01 23:30:50.037767,344.944620670327
2025-04-01 23:31:50.037767,344.68271355427305
2025-04-01 23:32:50.037767,344.414244176202
2025-04-01 23:33:50.037767,344.13921764738427
2025-04-01 23:34:50.037767,343.85763920392856
2025-04-01 23:35:50.037767,343.56951420668247
2025-04-01 23:36:50.037767,343.2748481411307
2025-04-01 23:37:50.037767,342.97364661729034
2025-04-01 23:38:50.037767,342.6659153696043
2025-04-01 23:39:50.037767,342.35166025683185
2025-04-01 23:40:50.037767,342.0308872619375
2025-04-01 23:41:50.037767,341.7036024919765
2025-04-01 23:42:50.037767,442.8156109310584
2025-04-01 23:43:50.037767,341.0295226748326
2025-04-01 23:44:50.037767,1000.0
2025-04-01 23:45:50.037767,346.46021064801494
2025-04-01 23:46:50.037767,339.9697244346416
2025-04-01 23:47:50.037767,339.60350419659886
2025-04-01 23:48:50.037767,448.0549762285396
2025-04-01 23:49:50.037767,338.8516741323377
2025-04-01 23:50:50.037767,338.46607861988
2025-04-01 23:51:50.037767,338.0740392011737
2025-04-01 23:52:50.037767,337.67556334008435
2025-04-01 23:53:50.037767,337.2706586230178
2025-04-01 23:54:50.037767,101.05779982763306
2025-04-01 23:55:50.037767,100.93247807352357
2025-04-01 23:56:50.037767,100.80523471052257
2025-04-01 23:57:50.037767,168.62224523912442
2025-04-01 23:58:50.037767,125.09602127741893
2025-04-01 23:59:50.037767,148.40636914458804
2025-04-02 00:00:50.037767,100.27709416800458
2025-04-02 00:01:50.037767,247.06322140872896
2025-04-02 00:02:50.037767,100.00155896254418
2025-04-02 00:03:50.037767,99.86093421099106
2025-04-02 00:04:50.037767,99.71840825119699
2025-04-02 00:05:50.037767,99.57398379665105
2025-04-02 00:06:50.037767,331.4255453232874
2025-04-02 00:07:50.037767,330.9315014597612
2025-04-02 00:08:50.037767,330.4311571374747
2025-04-02 00:09:50.037767,329.92452188226264
2025-04-02 00:10:50.037767,98.82348160191894
2025-04-02 00:11:50.037767,98.66772518252039
2025-04-02 00:12:50.037767,122.53463025473532
2025-04-02 00:13:50.037767,98.35057987108172
2025-04-02 00:14:50.037767,534.8785868713346
2025-04-02 00:15:50.037767,98.0259447822061
2025-04-02 00:16:50.037767,97.86082627469372
2025-04-02 00:17:50.037767,439.25446100567837
2025-04-02 00:18:50.037767,325.08334350517384
2025-04-02 00:19:50.037767,324.51434909837593
2025-04-02 00:20:50.037767,323.9391764061485
2025-04-02 00:21:50.037767,323.35783637895054
2025-04-02 00:22:50.037767,322.7703400846582
2025-04-02 00:23:50.037767,322.17669870835414
2025-04-02 00:24:50.037767,321.5769235521143
2025-04-02 00:25:50.037767,320.9710260347932
2025-04-02 00:26:50.037767,320.35901769180623
2025-04-02 00:27:50.037767,319.74091017490997
2025-04-02 00:28:50.037767,415.5301483504323
2025-04-02 00:29:50.037767,318.4864448067906
2025-04-02 00:30:50.037767,317.85011083877885
2025-04-02 00:31:50.037767,317.20772546282785
2025-04-02 00:32:50.037767,356.61070017582017
2025-04-02 00:33:50.037767,315.90484952245134
2025-04-02 00:34:50.037767,315.2443837629058
2025-04-02 00:35:50.037767,314.57791620470846
2025-04-02 00:36:50.037767,522.8432808416485
2025-04-02 00:37:50.037767,313.22702656070857
2025-04-02 00:38:50.037767,312.5426301938976
2025-04-02 00:39:50.037767,311.8522834659283
2025-04-02 00:40:50.037767,311.1559995200083
2025-04-02 00:41:50.037767,310.4537916123781
2025-04-02 00:42:50.037767,309.7456731120651
2025-04-02 00:43:50.037767,309.0316575006247
2025-04-02 00:44:50.037767,308.31175837188516
2025-04-02 00:45:50.037767,307.58598943168795
2025-04-02 00:46:50.037767,306.8543644976277
2025-04-02 00:47:50.037767,432.2361703635262
2025-04-02 00:48:50.037767,305.3736024754788
2025-04-02 00:49:50.037767,315.9684767868318
2025-04-02 00:50:50.037767,573.1138583644175
2025-04-02 00:51:50.037767,308.1908969095666
2025-04-02 00:52:50.037767,302.3424268215391
2025-04-02 00:53:50.037767,301.5702061545345
2025-04-02 00:54:50.037767,300.7922440255088
2025-04-02 00:55:50.037767,300.00855524573956
2025-04-02 00:56:50.037767,345.80223017100064
2025-04-02 00:57:50.037767,298.42405752393233
2025-04-02 00:58:50.037767,297.623278748447
2025-04-02 00:59:50.037767,296.8168336547489
2025-04-02 01:00:50.037767,296.0047375963903
2025-04-02 01:01:50.037767,348.95850723034386
2025-04-02 01:02:50.037767,440.30692654218666
2025-04-02 01:03:50.037767,293.53469878089913
2025-04-02 01:04:50.037767,292.7001545467164
2025-04-02 01:05:50.037767,291.8600377235094
2025-04-02 01:06:50.037767,291.0143643058912
2025-04-02 01:07:50.037767,290.1631503942649
2025-04-02 01:08:50.037767,289.30641219451616
2025-04-02 01:09:50.037767,288.4441660177055
2025-04-02 01:10:50.037767,287.5764282797572
2025-04-02 01:11:50.037767,286.7032155011469
2025-04-02 01:12:50.037767,285.82454430658726
2025-04-02 01:13:50.037767,284.9404314247113
2025-04-02 01:14:50.037767,631.0110636160855
2025-04-02 01:15:50.037767,283.15594803123236
2025-04-02 01:16:50.037767,282.2556114936195
2025-04-02 01:17:50.037767,281.3499012160265
2025-04-02 01:18:50.037767,280.43883444187156
2025-04-02 01:19:50.037767,279.5224285165527
2025-04-02 01:20:50.037767,278.6007008871178
2025-04-02 01:21:50.037767,416.93622393425846
2025-04-02 01:22:50.037767,289.80308340735803
2025-04-02 01:23:50.037767,275.8037637623524
2025-04-02 01:24:50.037767,274.8609258082603
2025-04-02 01:25:50.037767,273.9128548983443
2025-04-02 01:26:50.037767,272.95956908250946
2025-04-02 01:27:50.037767,583.2804901700138
2025-04-02 01:28:50.037767,271.0374254287655
2025-04-02 01:29:50.037767,270.06860418570244
2025-04-02 01:30:50.037767,269.09464122571114
2025-04-02 01:31:50.037767,268.1155550916425
2025-04-02 01:32:50.037767,267.13136442388515
2025-04-02 01:33:50.037767,266.1420879600107
2025-04-02 01:34:50.037767,265.14774453441714
2025-04-02 01:35:50.037767,264.1483530779698
2025-04-02 01:36:50.037767,263.14393261764155
2025-04-02 01:37:50.037767,567.907353955071
2025-04-02 01:38:50.037767,261.12008127159567
2025-04-02 01:39:50.037767,260.10068891708863
2025-04-02 01:40:50.037767,259.07634462039175
2025-04-02 01:41:50.037767,311.26649732039283
2025-04-02 01:42:50.037767,257.0128783024902
2025-04-02 01:43:50.037767,255.97379556670978
2025-04-02 01:44:50.037767,254.92983945884006
2025-04-02 01:45:50.037767,253.8810298543005
2025-04-02 01:46:50.037767,252.8273867209141
2025-04-02 01:47:50.037767,251.7689301185274
2025-04-02 01:48:50.037767,250.7056801986284
2025-04-02 01:49:50.037767,249.6376572039645
2025-04-02 01:50:50.037767,248.5648814681507
2025-04-02 01:51:50.037767,247.4873734152923
2025-04-02 01:52:50.037767,246.40515355958942
2025-04-02 01:53:50.037767,245.31824250494816
2025-04-02 01:54:50.037767,244.22666094458825
2025-04-02 01:55:50.037767,723.4443897452853
2025-04-02 01:56:50.037767,242.02956952379415
2025-04-02 01:57:50.037767,240.92410149281363
2025-04-02 01:58:50.037767,239.81404661422528
2025-04-02 01:59:50.037767,238.69942602187385
2025-04-02 02:00:50.037767,237.5802609365307
2025-04-02 02:01:50.037767,260.82818470995295
2025-04-02 02:02:50.037767,339.0879937276216
2025-04-02 02:03:50.037767,234.19571222560097
2025-04-02 02:04:50.037767,233.05858310029245
2025-04-02 02:05:50.037767,231.9170168755084
2025-04-02 02:06:50.037767,230.77103528502423
2025-04-02 02:07:50.037767,362.9723188366494
2025-04-02 02:08:50.037767,272.5546526767185
2025-04-02 02:09:50.037767,227.30681691556393
2025-04-02 02:10:50.037767,226.14339287503682
2025-04-02 02:11:50.037767,224.97566339028808
2025-04-02 02:12:50.037767,223.8036506932057
2025-04-02 02:13:50.037767,222.62737709721824
2025-04-02 02:14:50.037767,279.49368786862067
2025-04-02 02:15:50.037767,220.26213686744364
2025-04-02 02:16:50.037767,219.07321526442107
2025-04-02 02:17:50.037767,217.88012282316706
2025-04-02 02:18:50.037767,216.68288225844196
2025-04-02 02:19:50.037767,225.74557394521247
2025-04-02 02:20:50.037767,214.27604801205698
2025-04-02 02:21:50.037767,213.06650015305175
2025-04-02 02:22:50.037767,211.8528958150124
2025-04-02 02:23:50.037767,210.6352581032181
2025-04-02 02:24:50.037767,507.0907476132931
2025-04-02 02:25:50.037767,217.5735635944413
2025-04-02 02:26:50.037767,206.95837692725453
2025-04-02 02:27:50.037767,205.7248383023661
2025-04-02 02:28:50.037767,204.48738297310237
2025-04-02 02:29:50.037767,203.24603449882906
2025-04-02 02:30:50.037767,202.00081651303176
2025-04-02 02:31:50.037767,200.75175272286594
2025-04-02 02:32:50.037767,199.4988669087057
2025-04-02 02:33:50.037767,460.74357755441235
2025-04-02 02:34:50.037767,196.98172469327326
2025-04-02 02:35:50.037767,195.71751621476253
2025-04-02 02:36:50.037767,199.75719547678852
2025-04-02 02:37:50.037767,193.17794485922116
2025-04-02 02:38:50.037767,191.90263033197044
2025-04-02 02:39:50.037767,190.6236622552599
2025-04-02 02:40:50.037767,189.34106497879813
2025-04-02 02:41:50.037767,188.05486292138843
2025-04-02 02:42:50.037767,186.76508057046394
2025-04-02 02:43:50.037767,185.47174248162142
2025-04-02 02:44:50.037767,184.17487327815388
2025-04-02 02:45:50.037767,182.87449765058145
2025-04-02 02:46:50.037767,181.5706403561838
2025-04-02 02:47:50.037767,180.26332621852006
2025-04-02 02:48:50.037767,178.95258012696914
2025-04-02 02:49:50.037767,177.63842703624718
2025-04-02 02:50:50.037767,176.32089196593472
2025-04-02 02:51:50.037767,175.00000000000037
2025-04-02 02:52:50.037767,173.67577628632304
2025-04-02 02:53:50.037767,210.45970899574598
2025-04-02 02:54:50.037767,171.01743452393404
2025-04-02 02:55:50.037767,169.68336708621757
2025-04-02 02:56:50.037767,168.3460691217851
2025-04-02 02:57:50.037767,167.00556609086217
2025-04-02 02:58:50.037767,165.6618835146964
2025-04-02 02:59:50.037767,164.3150469750628
2025-04-02 03:00:50.037767,374.91454569482886
2025-04-02 03:01:50.037767,161.61201463226254
2025-04-02 03:02:50.037767,160.25587029093532
2025-04-02 03:03:50.037767,158.89667490884165
2025-04-02 03:04:50.037767,170.69036906586484
2025-04-02 03:05:50.037767,156.169234588433
2025-04-02 03:06:50.037767,154.80104157665014
2025-04-02 03:07:50.037767,153.4299013761766
2025-04-02 03:08:50.037767,169.62067839938734
2025-04-02 03:09:50.037767,150.67888388290467
2025-04-02 03:10:50.037767,149.2990589655116
2025-04-02 03:11:50.037767,197.28576393018557
2025-04-02 03:12:50.037767,160.27868413892796
2025-04-02 03:13:50.037767,315.11319128391324
2025-04-02 03:14:50.037767,143.75159841471745
2025-04-02 03:15:50.037767,169.78235456201023
2025-04-02 03:16:50.037767,140.96134145055802
2025-04-02 03:17:50.037767,139.56217412383594
2025-04-02 03:18:50.037767,138.1603497344931
2025-04-02 03:19:50.037767,136.75589497124523
2025-04-02 03:20:50.037767,135.3488365728864
2025-04-02 03:21:50.037767,133.9392013277827
2025-04-02 03:22:50.037767,132.52701607335266
2025-04-02 03:23:50.037767,206.56181216724062
2025-04-02 03:24:50.037767,129.6951031284434
2025-04-02 03:25:50.037767,182.55715014473088
2025-04-02 03:26:50.037767,126.85331339929587
2025-04-02 03:27:50.037767,125.4287823408552
2025-04-02 03:28:50.037767,124.00186329920047
2025-04-02 03:29:50.037767,122.5725834408133
2025-04-02 03:30:50.037767,121.14096997712204
2025-04-02 03:31:50.037767,119.70705016398334
2025-04-02 03:32:50.037767,118.27085130116353
2025-04-02 03:33:50.037767,116.83240073182105
2025-04-02 03:34:50.037767,160.03147668316032
2025-04-02 03:35:50.037767,113.94885406000566
2025-04-02 03:36:50.037767,112.50381285610716
2025-04-02 03:37:50.037767,111.05662974178267
2025-04-02 03:38:50.037767,210.26908897020428
2025-04-02 03:39:50.037767,108.1559480312316
2025-04-02 03:40:50.037767,106.7025046598036
2025-04-02 03:41:50.037767,105.2470298264952
2025-04-02 03:42:50.037767,161.784907599597
2025-04-02 03:43:50.037767,102.33009665295704
2025-04-02 03:44:50.037767,100.86869384693262
2025-04-02 03:45:50.037767,99.40537064637407
2025-04-02 03:46:50.037767,97.94015491084818
2025-04-02 03:47:50.037767,96.47307453595046
2025-04-02 03:48:50.037767,95.00415745277652
2025-04-02 03:49:50.037767,147.08303535367898
2025-04-02 03:50:50.037767,92.0609250602913
2025-04-02 03:51:50.037767,90.58666578588218
2025-04-02 03:52:50.037767,141.77556388872196
2025-04-02 03:53:50.037767,91.2220354874243
2025-04-02 03:54:50.037767,86.15365256014684
2025-04-02 03:55:50.037767,84.67266345988278
2025-04-02 03:56:50.037767,108.95060287577623
2025-04-02 03:57:50.037767,106.38835451861571
2025-04-02 03:58:50.037767,88.58855502211298
2025-04-02 03:59:50.037767,78.73286902035339
2025-04-02 04:00:50.037767,77.24410225752582
2025-04-02 04:01:50.037767,75.75386487833624
2025-04-02 04:02:50.037767,74.2621852547562
2025-04-02 04:03:50.037767,72.76909178621558
2025-04-02 04:04:50.037767,124.919348373188
2025-04-02 04:05:50.037767,69.77877704601839
2025-04-02 04:06:50.037767,68.28161270564406
2025-04-02 04:07:50.037767,66.78314838179209
2025-04-02 04:08:50.037767,65.28341260305831
2025-04-02 04:09:50.037767,63.782433922252594
2025-04-02 04:10:50.037767,62.28024091584538
2025-04-02 04:11:50.037767,60.77686218342618
2025-04-02 04:12:50.037767,59.27232634715896
2025-04-02 04:13:50.037767,57.76666205123731
2025-04-02 04:14:50.037767,98.17080664651532
2025-04-02 04:15:50.037767,164.25618829224152
2025-04-02 04:16:50.037767,53.24318516647034
2025-04-02 04:17:50.037767,51.733293895363
2025-04-02 04:18:50.037767,77.9801386176157
2025-04-02 04:19:50.037767,48.710585336024224
2025-04-02 04:20:50.037767,47.197825595804154
2025-04-02 04:21:50.037767,54.38501801325607
2025-04-02 04:22:50.037767,44.169639197541095
2025-04-02 04:23:50.037767,73.22394364808996
2025-04-02 04:24:50.037767,50.05808683468015
2025-04-02 04:25:50.037767,39.621124818767385
2025-04-02 04:26:50.037767,38.10340619818742
2025-04-02 04:27:50.037767,36.58496214367832
2025-04-02 04:28:50.037767,35.06582156422609
2025-04-02 04:29:50.037767,33.54601338207757
2025-04-02 04:30:50.037767,61.105003571571174
2025-04-02 04:31:50.037767,30.504509961681585
2025-04-02 04:32:50.037767,28.98287262927253
2025-04-02 04:33:50.037767,27.460683504746527
2025-04-02 04:34:50.037767,29.3606496901756
2025-04-02 04:35:50.037767,24.41476581044422
2025-04-02 04:36:50.037767,22.89109523055022
2025-04-02 04:37:50.037767,24.476298176344823
2025-04-02 04:38:50.037767,19.84247564718185
2025-04-02 04:39:50.037767,18.317584685029843
2025-04-02 04:40:50.037767,16.792344982469665
2025-04-02 04:41:50.037767,15.26678557786667
2025-04-02 04:42:50.037767,28.909966172973874
2025-04-02 04:43:50.037767,12.214823845876467
2025-04-02 04:44:50.037767,10.688479623438841
2025-04-02 04:45:50.037767,9.161931907756298
2025-04-02 04:46:50.037767,7.635209762096871
2025-04-02 04:47:50.037767,6.108342253049492
2025-04-02 04:48:50.037767,4.5813584499706
2025-04-02 04:49:50.037767,3.1327831652103084
2025-04-02 04:50:50.037767,1.5271582496609153
2025-04-02 04:51:50.037767,0.0
2025-04-02 04:52:50.037767,0.0
2025-04-02 04:53:50.037767,0.0
2025-04-02 04:54:50.037767,0.0
2025-04-02 04:55:50.037767,0.0
2025-04-02 04:56:50.037767,0.0
2025-04-02 04:57:50.037767,0.0
2025-04-02 04:58:50.037767,0.0
2025-04-02 04:59:50.037767,0.0
2025-04-02 05:00:50.037767,0.0
2025-04-02 05:01:50.037767,0.0
2025-04-02 05:02:50.037767,0.0
2025-04-02 05:03:50.037767,0.0
2025-04-02 05:04:50.037767,0.0
2025-04-02 05:05:50.037767,0.0
2025-04-02 05:06:50.037767,0.0
2025-04-02 05:07:50.037767,0.0
2025-04-02 05:08:50.037767,0.0
2025-04-02 05:09:50.037767,0.0
2025-04-02 05:10:50.037767,0.0
2025-04-02 05:11:50.037767,0.0
2025-04-02 05:12:50.037767,0.0
2025-04-02 05:13:50.037767,0.0
2025-04-02 05:14:50.037767,0.0
2025-04-02 05:15:50.037767,0.0
2025-04-02 05:16:50.037767,0.0
2025-04-02 05:17:50.037767,0.0
2025-04-02 05:18:50.037767,0.0
2025-04-02 05:19:50.037767,0.0
2025-04-02 05:20:50.037767,0.0
2025-04-02 05:21:50.037767,0.0
2025-04-02 05:22:50.037767,0.0
2025-04-02 05:23:50.037767,0.0
2025-04-02 05:24:50.037767,0.0
2025-04-02 05:25:50.037767,0.0
2025-04-02 05:26:50.037767,0.0
2025-04-02 05:27:50.037767,0.0
2025-04-02 05:28:50.037767,0.0
2025-04-02 05:29:50.037767,0.0
2025-04-02 05:30:50.037767,0.0
2025-04-02 05:31:50.037767,0.0
2025-04-02 05:32:50.037767,0.0
2025-04-02 05:33:50.037767,0.0
2025-04-02 05:34:50.037767,0.0
2025-04-02 05:35:50.037767,0.0
2025-04-02 05:36:50.037767,0.0
2025-04-02 05:37:50.037767,0.0
2025-04-02 05:38:50.037767,0.0
2025-04-02 05:39:50.037767,0.0
2025-04-02 05:40:50.037767,0.0
2025-04-02 05:41:50.037767,0.0
2025-04-02 05:42:50.037767,0.0
2025-04-02 05:43:50.037767,0.0
2025-04-02 05:44:50.037767,0.0
2025-04-02 05:45:50.037767,0.0
2025-04-02 05:46:50.037767,0.0
2025-04-02 05:47:50.037767,0.0
2025-04-02 05:48:50.037767,0.0
2025-04-02 05:49:50.037767,0.0
2025-04-02 05:50:50.037767,0.0
2025-04-02 05:51:50.037767,0.0
2025-04-02 05:52:50.037767,0.0
2025-04-02 05:53:50.037767,0.0
2025-04-02 05:54:50.037767,0.0
2025-04-02 05:55:50.037767,0.0
2025-04-02 05:56:50.037767,0.0
2025-04-02 05:57:50.037767,0.0
2025-04-02 05:58:50.037767,0.0
2025-04-02 05:59:50.037767,0.0
2025-04-02 06:00:50.037767,0.0
2025-04-02 06:01:50.037767,0.0
2025-04-02 06:02:50.037767,0.0
2025-04-02 06:03:50.037767,0.0
2025-04-02 06:04:50.037767,0.0
2025-04-02 06:05:50.037767,0.0
2025-04-02 06:06:50.037767,0.0
2025-04-02 06:07:50.037767,0.0
2025-04-02 06:08:50.037767,0.0
2025-04-02 06:09:50.037767,0.0
2025-04-02 06:10:50.037767,0.0
2025-04-02 06:11:50.037767,0.0
2025-04-02 06:12:50.037767,0.0
2025-04-02 06:13:50.037767,0.0
2025-04-02 06:14:50.037767,0.0
2025-04-02 06:15:50.037767,0.0
2025-04-02 06:16:50.037767,0.0
2025-04-02 06:17:50.037767,0.0
2025-04-02 06:18:50.037767,0.0
2025-04-02 06:19:50.037767,0.0
2025-04-02 06:20:50.037767,0.0
2025-04-02 06:21:50.037767,0.0
2025-04-02 06:22:50.037767,0.0
2025-04-02 06:23:50.037767,0.0
2025-04-02 06:24:50.037767,0.0
2025-04-02 06:25:50.037767,0.0
2025-04-02 06:26:50.037767,0.0
2025-04-02 06:27:50.037767,0.0
2025-04-02 06:28:50.037767,0.0
2025-04-02 06:29:50.037767,0.0
2025-04-02 06:30:50.037767,0.0
2025-04-02 06:31:50.037767,0.0
2025-04-02 06:32:50.037767,0.0
2025-04-02 06:33:50.037767,0.0
2025-04-02 06:34:50.037767,0.0
2025-04-02 06:35:50.037767,0.0
2025-04-02 06:36:50.037767,0.0
2025-04-02 06:37:50.037767,0.0
2025-04-02 06:38:50.037767,0.0
2025-04-02 06:39:50.037767,0.0
2025-04-02 06:40:50.037767,0.0
2025-04-02 06:41:50.037767,0.0
2025-04-02 06:42:50.037767,0.0
2025-04-02 06:43:50.037767,0.0
2025-04-02 06:44:50.037767,0.0
2025-04-02 06:45:50.037767,0.0
2025-04-02 06:46:50.037767,0.0
2025-04-02 06:47:50.037767,0.0
2025-04-02 06:48:50.037767,0.0
2025-04-02 06:49:50.037767,0.0
2025-04-02 06:50:50.037767,0.0
2025-04-02 06:51:50.037767,0.0
2025-04-02 06:52:50.037767,0.0
2025-04-02 06:53:50.037767,0.0
2025-04-02 06:54:50.037767,0.0
2025-04-02 06:55:50.037767,0.0
2025-04-02 06:56:50.037767,0.0
2025-04-02 06:57:50.037767,0.0
2025-04-02 06:58:50.037767,0.0
2025-04-02 06:59:50.037767,0.0
2025-04-02 07:00:50.037767,0.0
2025-04-02 07:01:50.037767,0.0
2025-04-02 07:02:50.037767,0.0
2025-04-02 07:03:50.037767,0.0
2025-04-02 07:04:50.037767,0.0
2025-04-02 07:05:50.037767,0.0
2025-04-02 07:06:50.037767,0.0
2025-04-02 07:07:50.037767,0.0
2025-04-02 07:08:50.037767,0.0
2025-04-02 07:09:50.037767,0.0
2025-04-02 07:10:50.037767,0.0
2025-04-02 07:11:50.037767,0.0
2025-04-02 07:12:50.037767,0.0
2025-04-02 07:13:50.037767,0.0
2025-04-02 07:14:50.037767,0.0
2025-04-02 07:15:50.037767,0.0
2025-04-02 07:16:50.037767,0.0
2025-04-02 07:17:50.037767,0.0
2025-04-02 07:18:50.037767,0.0
2025-04-02 07:19:50.037767,0.0
2025-04-02 07:20:50.037767,0.0
2025-04-02 07:21:50.037767,0.0
2025-04-02 07:22:50.037767,0.0
2025-04-02 07:23:50.037767,0.0
2025-04-02 07:24:50.037767,0.0
2025-04-02 07:25:50.037767,0.0
2025-04-02 07:26:50.037767,0.0
2025-04-02 07:27:50.037767,0.0
2025-04-02 07:28:50.037767,0.0
2025-04-02 07:29:50.037767,0.0
2025-04-02 07:30:50.037767,0.0
2025-04-02 07:31:50.037767,0.0
2025-04-02 07:32:50.037767,0.0
2025-04-02 07:33:50.037767,0.0
2025-04-02 07:34:50.037767,0.0
2025-04-02 07:35:50.037767,0.0
2025-04-02 07:36:50.037767,0.0
2025-04-02 07:37:50.037767,0.0
2025-04-02 07:38:50.037767,0.0
2025-04-02 07:39:50.037767,0.0
2025-04-02 07:40:50.037767,0.0
2025-04-02 07:41:50.037767,0.0
2025-04-02 07:42:50.037767,0.0
2025-04-02 07:43:50.037767,0.0
2025-04-02 07:44:50.037767,0.0
2025-04-02 07:45:50.037767,0.0
2025-04-02 07:46:50.037767,0.0
2025-04-02 07:47:50.037767,0.0
2025-04-02 07:48:50.037767,0.0
2025-04-02 07:49:50.037767,0.0
2025-04-02 07:50:50.037767,0.0
2025-04-02 07:51:50.037767,0.0
2025-04-02 07:52:50.037767,0.0
2025-04-02 07:53:50.037767,0.0
2025-04-02 07:54:50.037767,0.0
2025-04-02 07:55:50.037767,0.0
2025-04-02 07:56:50.037767,0.0
2025-04-02 07:57:50.037767,0.0
2025-04-02 07:58:50.037767,0.0
2025-04-02 07:59:50.037767,0.0
2025-04-02 08:00:50.037767,0.0
2025-04-02 08:01:50.037767,0.0
2025-04-02 08:02:50.037767,0.0
2025-04-02 08:03:50.037767,0.0
2025-04-02 08:04:50.037767,0.0
2025-04-02 08:05:50.037767,0.0
2025-04-02 08:06:50.037767,0.0
2025-04-02 08:07:50.037767,0.0
2025-04-02 08:08:50.037767,0.0
2025-04-02 08:09:50.037767,0.0
2025-04-02 08:10:50.037767,0.0
2025-04-02 08:11:50.037767,0.0
2025-04-02 08:12:50.037767,0.0
2025-04-02 08:13:50.037767,0.0
2025-04-02 08:14:50.037767,0.0
2025-04-02 08:15:50.037767,0.0
2025-04-02 08:16:50.037767,0.0
2025-04-02 08:17:50.037767,0.0
2025-04-02 08:18:50.037767,0.0
2025-04-02 08:19:50.037767,0.0
2025-04-02 08:20:50.037767,0.0
2025-04-02 08:21:50.037767,0.0
2025-04-02 08:22:50.037767,0.0
2025-04-02 08:23:50.037767,0.0
2025-04-02 08:24:50.037767,0.0
2025-04-02 08:25:50.037767,0.0
2025-04-02 08:26:50.037767,0.0
2025-04-02 08:27:50.037767,0.0
2025-04-02 08:28:50.037767,0.0
2025-04-02 08:29:50.037767,0.0
2025-04-02 08:30:50.037767,0.0
2025-04-02 08:31:50.037767,0.0
2025-04-02 08:32:50.037767,0.0
2025-04-02 08:33:50.037767,0.0
2025-04-02 08:34:50.037767,0.0
2025-04-02 08:35:50.037767,0.0
2025-04-02 08:36:50.037767,0.0
2025-04-02 08:37:50.037767,0.0
2025-04-02 08:38:50.037767,0.0
2025-04-02 08:39:50.037767,0.0
2025-04-02 08:40:50.037767,0.0
2025-04-02 08:41:50.037767,0.0
2025-04-02 08:42:50.037767,0.0
2025-04-02 08:43:50.037767,0.0
2025-04-02 08:44:50.037767,0.0
2025-04-02 08:45:50.037767,0.0
2025-04-02 08:46:50.037767,0.0
2025-04-02 08:47:50.037767,0.0
2025-04-02 08:48:50.037767,0.0
2025-04-02 08:49:50.037767,0.0
2025-04-02 08:50:50.037767,0.0
2025-04-02 08:51:50.037767,0.0
2025-04-02 08:52:50.037767,0.0
2025-04-02 08:53:50.037767,0.0
2025-04-02 08:54:50.037767,0.0
2025-04-02 08:55:50.037767,0.0
2025-04-02 08:56:50.037767,0.0
2025-04-02 08:57:50.037767,0.0
2025-04-02 08:58:50.037767,0.0
2025-04-02 08:59:50.037767,0.0
2025-04-02 09:00:50.037767,0.0
2025-04-02 09:01:50.037767,0.0
2025-04-02 09:02:50.037767,0.0
2025-04-02 09:03:50.037767,0.0
2025-04-02 09:04:50.037767,0.0
2025-04-02 09:05:50.037767,0.0
2025-04-02 09:06:50.037767,0.0
2025-04-02 09:07:50.037767,0.0
2025-04-02 09:08:50.037767,0.0
2025-04-02 09:09:50.037767,0.0
2025-04-02 09:10:50.037767,0.0
2025-04-02 09:11:50.037767,0.0
2025-04-02 09:12:50.037767,0.0
2025-04-02 09:13:50.037767,0.0
2025-04-02 09:14:50.037767,0.0
2025-04-02 09:15:50.037767,0.0
2025-04-02 09:16:50.037767,0.0
2025-04-02 09:17:50.037767,0.0
2025-04-02 09:18:50.037767,0.0
2025-04-02 09:19:50.037767,0.0
2025-04-02 09:20:50.037767,0.0
2025-04-02 09:21:50.037767,0.0
2025-04-02 09:22:50.037767,0.0
2025-04-02 09:23:50.037767,0.0
2025-04-02 09:24:50.037767,0.0
2025-04-02 09:25:50.037767,0.0
2025-04-02 09:26:50.037767,0.0
2025-04-02 09:27:50.037767,0.0
2025-04-02 09:28:50.037767,0.0
2025-04-02 09:29:50.037767,0.0
2025-04-02 09:30:50.037767,0.0
2025-04-02 09:31:50.037767,0.0
2025-04-02 09:32:50.037767,0.0
2025-04-02 09:33:50.037767,0.0
2025-04-02 09:34:50.037767,0.0
2025-04-02 09:35:50.037767,0.0
2025-04-02 09:36:50.037767,0.0
2025-04-02 09:37:50.037767,0.0
2025-04-02 09:38:50.037767,0.0
2025-04-02 09:39:50.037767,0.0
2025-04-02 09:40:50.037767,0.0
2025-04-02 09:41:50.037767,0.0
2025-04-02 09:42:50.037767,0.0
2025-04-02 09:43:50.037767,0.0
2025-04-02 09:44:50.037767,0.0
2025-04-02 09:45:50.037767,0.0
2025-04-02 09:46:50.037767,0.0
2025-04-02 09:47:50.037767,0.0
2025-04-02 09:48:50.037767,0.0
2025-04-02 09:49:50.037767,0.0
2025-04-02 09:50:50.037767,0.0
2025-04-02 09:51:50.037767,0.0
2025-04-02 09:52:50.037767,0.0
2025-04-02 09:53:50.037767,0.0
2025-04-02 09:54:50.037767,0.0
2025-04-02 09:55:50.037767,0.0
2025-04-02 09:56:50.037767,0.0
2025-04-02 09:57:50.037767,0.0
2025-04-02 09:58:50.037767,0.0
2025-04-02 09:59:50.037767,0.0
2025-04-02 10:00:50.037767,0.0
2025-04-02 10:01:50.037767,0.0
2025-04-02 10:02:50.037767,0.0
2025-04-02 10:03:50.037767,0.0
2025-04-02 10:04:50.037767,0.0
2025-04-02 10:05:50.037767,0.0
2025-04-02 10:06:50.037767,0.0
2025-04-02 10:07:50.037767,0.0
2025-04-02 10:08:50.037767,0.0
2025-04-02 10:09:50.037767,0.0
2025-04-02 10:10:50.037767,0.0
2025-04-02 10:11:50.037767,0.0
2025-04-02 10:12:50.037767,0.0
2025-04-02 10:13:50.037767,0.0
2025-04-02 10:14:50.037767,0.0
2025-04-02 10:15:50.037767,0.0
2025-04-02 10:16:50.037767,0.0
2025-04-02 10:17:50.037767,0.0
2025-04-02 10:18:50.037767,0.0
2025-04-02 10:19:50.037767,0.0
2025-04-02 10:20:50.037767,0.0
2025-04-02 10:21:50.037767,0.0
2025-04-02 10:22:50.037767,0.0
2025-04-02 10:23:50.037767,0.0
2025-04-02 10:24:50.037767,0.0
2025-04-02 10:25:50.037767,0.0
2025-04-02 10:26:50.037767,0.0
2025-04-02 10:27:50.037767,0.0
2025-04-02 10:28:50.037767,0.0
2025-04-02 10:29:50.037767,0.0
2025-04-02 10:30:50.037767,0.0
2025-04-02 10:31:50.037767,0.0
2025-04-02 10:32:50.037767,0.0
2025-04-02 10:33:50.037767,0.0
2025-04-02 10:34:50.037767,0.0
2025-04-02 10:35:50.037767,0.0
2025-04-02 10:36:50.037767,0.0
2025-04-02 10:37:50.037767,0.0
2025-04-02 10:38:50.037767,0.0
2025-04-02 10:39:50.037767,0.0
2025-04-02 10:40:50.037767,0.0
2025-04-02 10:41:50.037767,0.0
2025-04-02 10:42:50.037767,0.0
2025-04-02 10:43:50.037767,0.0
2025-04-02 10:44:50.037767,0.0
2025-04-02 10:45:50.037767,0.0
2025-04-02 10:46:50.037767,0.0
2025-04-02 10:47:50.037767,0.0
2025-04-02 10:48:50.037767,0.0
2025-04-02 10:49:50.037767,0.0
2025-04-02 10:50:50.037767,0.0
2025-04-02 10:51:50.037767,0.0
2025-04-02 10:52:50.037767,0.0
2025-04-02 10:53:50.037767,0.0
2025-04-02 10:54:50.037767,0.0
2025-04-02 10:55:50.037767,0.0
2025-04-02 10:56:50.037767,0.0
2025-04-02 10:57:50.037767,0.0
2025-04-02 10:58:50.037767,0.0
2025-04-02 10:59:50.037767,0.0
2025-04-02 11:00:50.037767,0.0
2025-04-02 11:01:50.037767,0.0
2025-04-02 11:02:50.037767,0.0
2025-04-02 11:03:50.037767,0.0
2025-04-02 11:04:50.037767,0.0
2025-04-02 11:05:50.037767,0.0
2025-04-02 11:06:50.037767,0.0
2025-04-02 11:07:50.037767,0.0
2025-04-02 11:08:50.037767,0.0
2025-04-02 11:09:50.037767,0.0
2025-04-02 11:10:50.037767,0.0
2025-04-02 11:11:50.037767,0.0
2025-04-02 11:12:50.037767,0.0
2025-04-02 11:13:50.037767,0.0
2025-04-02 11:14:50.037767,0.0
2025-04-02 11:15:50.037767,0.0
2025-04-02 11:16:50.037767,0.0
2025-04-02 11:17:50.037767,0.0
2025-04-02 11:18:50.037767,0.0
2025-04-02 11:19:50.037767,0.0
2025-04-02 11:20:50.037767,0.0
2025-04-02 11:21:50.037767,0.0
2025-04-02 11:22:50.037767,0.0
2025-04-02 11:23:50.037767,0.0
2025-04-02 11:24:50.037767,0.0
2025-04-02 11:25:50.037767,0.0
2025-04-02 11:26:50.037767,0.0
2025-04-02 11:27:50.037767,0.0
2025-04-02 11:28:50.037767,0.0
2025-04-02 11:29:50.037767,0.0
2025-04-02 11:30:50.037767,0.0
2025-04-02 11:31:50.037767,0.0
2025-04-02 11:32:50.037767,0.0
2025-04-02 11:33:50.037767,0.0
2025-04-02 11:34:50.037767,0.0
2025-04-02 11:35:50.037767,0.0
2025-04-02 11:36:50.037767,0.0
2025-04-02 11:37:50.037767,0.0
2025-04-02 11:38:50.037767,0.0
2025-04-02 11:39:50.037767,0.0
2025-04-02 11:40:50.037767,0.0
2025-04-02 11:41:50.037767,0.0
2025-04-02 11:42:50.037767,0.0
2025-04-02 11:43:50.037767,0.0
2025-04-02 11:44:50.037767,0.0
2025-04-02 11:45:50.037767,0.0
2025-04-02 11:46:50.037767,0.0
2025-04-02 11:47:50.037767,0.0
2025-04-02 11:48:50.037767,0.0
2025-04-02 11:49:50.037767,0.0
2025-04-02 11:50:50.037767,0.0
2025-04-02 11:51:50.037767,0.0
2025-04-02 11:52:50.037767,0.0
2025-04-02 11:53:50.037767,0.0
2025-04-02 11:54:50.037767,0.0
2025-04-02 11:55:50.037767,0.0
2025-04-02 11:56:50.037767,0.0
2025-04-02 11:57:50.037767,0.0
2025-04-02 11:58:50.037767,0.0
2025-04-02 11:59:50.037767,0.0
2025-04-02 12:00:50.037767,0.0
2025-04-02 12:01:50.037767,0.0
2025-04-02 12:02:50.037767,0.0
2025-04-02 12:03:50.037767,0.0
2025-04-02 12:04:50.037767,0.0
2025-04-02 12:05:50.037767,0.0
2025-04-02 12:06:50.037767,0.0
2025-04-02 12:07:50.037767,0.0
2025-04-02 12:08:50.037767,0.0
2025-04-02 12:09:50.037767,0.0
2025-04-02 12:10:50.037767,0.0
2025-04-02 12:11:50.037767,0.0
2025-04-02 12:12:50.037767,0.0
2025-04-02 12:13:50.037767,0.0
2025-04-02 12:14:50.037767,0.0
2025-04-02 12:15:50.037767,0.0
2025-04-02 12:16:50.037767,0.0
2025-04-02 12:17:50.037767,0.0
2025-04-02 12:18:50.037767,0.0
2025-04-02 12:19:50.037767,0.0
2025-04-02 12:20:50.037767,0.0
2025-04-02 12:21:50.037767,0.0
2025-04-02 12:22:50.037767,0.0
2025-04-02 12:23:50.037767,0.0
2025-04-02 12:24:50.037767,0.0
2025-04-02 12:25:50.037767,0.0
2025-04-02 12:26:50.037767,0.0
2025-04-02 12:27:50.037767,0.0
2025-04-02 12:28:50.037767,0.0
2025-04-02 12:29:50.037767,0.0
2025-04-02 12:30:50.037767,0.0
2025-04-02 12:31:50.037767,0.0
2025-04-02 12:32:50.037767,0.0
2025-04-02 12:33:50.037767,0.0
2025-04-02 12:34:50.037767,0.0
2025-04-02 12:35:50.037767,0.0
2025-04-02 12:36:50.037767,0.0
2025-04-02 12:37:50.037767,0.0
2025-04-02 12:38:50.037767,0.0
2025-04-02 12:39:50.037767,0.0
2025-04-02 12:40:50.037767,0.0
2025-04-02 12:41:50.037767,0.0
2025-04-02 12:42:50.037767,0.0
2025-04-02 12:43:50.037767,0.0
2025-04-02 12:44:50.037767,0.0
2025-04-02 12:45:50.037767,0.0
2025-04-02 12:46:50.037767,0.0
2025-04-02 12:47:50.037767,0.0
2025-04-02 12:48:50.037767,0.0
2025-04-02 12:49:50.037767,0.0
2025-04-02 12:50:50.037767,0.0
