,Turbine #1,Turbine #2,Turbine #3,Turbine #4,Turbine #5,Turbine #6,Turbine #7,Turbine #8,Turbine #9,Turbine #10
Latitude,0,0.0036414,0.0079748,0.0023637,0.0067803,0.011197,0.0156137,0.0122248,0.0166414,0.0211137
Longitude,0.0134577,0.0060278,0,0.0271111,0.021,0.0148611,0.00875,0.03275,0.0265556,0.0204445
,,,,,,,,,,
7/1/2007 0:00,6.716666667,6.266666667,6.666666667,6.866666667,6.783333333,6.416666667,6.35,6.116666667,6.333333333,6.133333333
7/1/2007 1:00,7.266666667,6.816666667,7.3,7.433333333,7.233333333,7.05,6.95,6.883333333,6.883333333,6.783333333
7/1/2007 2:00,6.466666667,6.016666667,6.583333333,6.55,6.35,6.7,6.6,5.85,6.183333333,6.333333333
7/1/2007 3:00,6.366666667,5.8,6.466666667,6.316666667,6.283333333,6.116666667,6.183333333,5.983333333,6.333333333,6.083333333
7/1/2007 4:00,6.916666667,6.316666667,7.116666667,7.033333333,7.083333333,7.416666667,7.033333333,6.75,6.85,6.716666667
7/1/2007 5:00,6.983333333,6.533333333,7.383333333,7.266666667,7.866666667,8.333333333,8.033333333,7.066666667,7.333333333,6.75
7/1/2007 6:00,6.783333333,5.766666667,6.533333333,7.033333333,6.3,6.916666667,6.566666667,6.6,6.233333333,5.983333333
7/1/2007 7:00,11.28333333,10.9,11.43333333,11.45,11.58333333,11.2,10.61666667,10.06666667,10.66666667,10.2
7/1/2007 8:00,10.83333333,10.51666667,11.01666667,11.2,11.38333333,10.75,10.26666667,10.01666667,10.96666667,10.68333333
7/1/2007 9:00,9.633333333,9.116666667,9.733333333,9.833333333,9.85,9.5,8.633333333,8.9,9.466666667,9.033333333
7/1/2007 10:00,10.05,9.8,10.66666667,10.55,10.23333333,10.43333333,10.4,9.2,9.566666667,9.233333333
7/1/2007 11:00,10.03333333,9.683333333,10.28333333,10.55,9.233333333,9.05,8.95,9.283333333,10.2,9.883333333
7/1/2007 12:00,10.58333333,10.26666667,10.85,10.96666667,10.98333333,10.81666667,10.6,9.35,10.18333333,9.9
7/1/2007 13:00,10.71666667,10.43333333,11.03333333,11.16666667,10.7,10.71666667,10.36666667,9.816666667,10.65,10.55
7/1/2007 14:00,11.73333333,11.4,12.15,12.1,12.5,12.28333333,11.91666667,10.43333333,11.25,11.05
7/1/2007 15:00,11.5,11.5,12.1,12.18333333,12.58333333,12.51666667,12.1,10.03333333,10.75,10.58333333
7/1/2007 16:00,10.46666667,10.15,10.8,10.91666667,11.11666667,11.03333333,10.81666667,9.5,10.23333333,10.15
7/1/2007 17:00,10.56666667,10.45,11.25,10.93333333,11.03333333,11.26666667,11.08333333,8.983333333,9.55,9.6
7/1/2007 18:00,10.4,10.31666667,10.88333333,10.73333333,11.11666667,11.21666667,10.88333333,8.633333333,9.883333333,9.65
7/1/2007 19:00,8.7,8.5,8.95,8.883333333,8.266666667,8.316666667,8.15,8.066666667,8.933333333,8.7
7/1/2007 20:00,8.183333333,7.883333333,8.5,8.466666667,8.116666667,7.966666667,7.866666667,7.566666667,7.833333333,7.633333333
7/1/2007 21:00,8.433333333,8.216666667,8.783333333,8.983333333,8.866666667,8.85,8.65,7.566666667,8.1,7.716666667
7/1/2007 22:00,8.95,8.733333333,9.133333333,9.45,9.35,9.316666667,9.066666667,7.833333333,8.316666667,7.883333333
7/1/2007 23:00,9.583333333,9.366666667,10,10.26666667,10.18333333,10.28333333,9.933333333,8.366666667,8.783333333,8.533333333
7/2/2007 0:00,8.966666667,8.9,9.566666667,9.216666667,9.333333333,9.583333333,9.316666667,8.083333333,8.416666667,8.416666667
7/2/2007 1:00,6.85,6.433333333,6.766666667,7.2,7.016666667,6.9,6.55,6.516666667,6.633333333,6.383333333
7/2/2007 2:00,7.733333333,7.383333333,8.283333333,8.3,8.15,7.65,7.866666667,7.316666667,7.516666667,7.116666667
7/2/2007 3:00,8.633333333,8.166666667,8.666666667,8.783333333,8.983333333,8.9,8.666666667,7.083333333,7.683333333,7.466666667
7/2/2007 4:00,8.616666667,8.35,8.983333333,9.316666667,9.083333333,9,8.716666667,7.616666667,7.833333333,7.55
7/2/2007 5:00,9.533333333,9.183333333,9.666666667,10.05,9.65,9.533333333,9.466666667,8.75,9.133333333,8.716666667
7/2/2007 6:00,9.833333333,9.416666667,9.916666667,10.33333333,9.316666667,9.283333333,8.566666667,8.766666667,9.633333333,9.15
7/2/2007 7:00,8.583333333,8.016666667,8.483333333,8.85,7.933333333,7.933333333,7.433333333,7.75,8.083333333,7.7
7/2/2007 8:00,8.983333333,8.483333333,9.033333333,9.116666667,9.266666667,9.15,8.533333333,7.366666667,7.733333333,7.683333333
7/2/2007 9:00,8.8,8.583333333,9.15,9.066666667,9.15,9.016666667,9.95,7.916666667,8.283333333,8.016666667
7/2/2007 10:00,9.05,8.883333333,9.383333333,9.466666667,8.6,8.516666667,9.266666667,8.466666667,8.916666667,8.733333333
7/2/2007 11:00,9.716666667,9.5,10.16666667,10.2,9.35,9.133333333,9.533333333,8.733333333,9.466666667,9.483333333
7/2/2007 12:00,9.566666667,9.416666667,9.683333333,10.08333333,8.666666667,8.583333333,8.9,8.95,9.566666667,9.4
7/2/2007 13:00,9.05,9,9.383333333,9.616666667,8.35,8.4,8.866666667,8.4,9.316666667,9.066666667
7/2/2007 14:00,10.38333333,9.95,10.5,10.45,9.616666667,9.4,9.683333333,9.416666667,10.31666667,9.933333333
7/2/2007 15:00,11.4,11.1,11.96666667,12.13333333,11.13333333,11,11.03333333,10.36666667,11.48333333,11.25
7/2/2007 16:00,11.83333333,11.48333333,12.15,12.41666667,11.23333333,11.2,10.96666667,11.08333333,11.96666667,11.83333333
7/2/2007 17:00,13.16666667,12.86666667,13.51666667,13.63333333,12.68333333,12.5,12.55,12.26666667,13.28333333,12.98333333
7/2/2007 18:00,13.86666667,13.23333333,13.76666667,13.88333333,14.5,14.06666667,13.58333333,12.25,13.06666667,12.85
7/2/2007 19:00,14.13333333,13.93333333,14.25,14.45,14.35,14.1,13.93333333,13.01666667,14.08333333,13.51666667
7/2/2007 20:00,14.63333333,14.26666667,15.36666667,15.28333333,14.85,14.61666667,14.65,13.68333333,14.83333333,14.8
7/2/2007 21:00,14.98333333,14.53333333,15.25,15.06666667,14.76666667,14.55,14.51666667,13.98333333,15.25,15.25
7/2/2007 22:00,13.66666667,13.56666667,14.15,14.46666667,13.78333333,13.78333333,13.5,12.86666667,14.06666667,13.58333333
7/2/2007 23:00,14,14.01666667,14.53333333,14.61666667,14.45,14.8,14.5,12.81666667,14.23333333,13.91666667
7/3/2007 0:00,13.93333333,13.61666667,14.11666667,14.16666667,14.3,14.41666667,13.98333333,12.55,13.55,13.58333333
7/3/2007 1:00,13.8,13.3,14.13333333,14.11666667,14.1,14.33333333,13.63333333,12.51666667,13.63333333,13.25
7/3/2007 2:00,14.21666667,13.66666667,14.2,14.33333333,14.66666667,14.38333333,14.1,11.9,12.86666667,12.83333333
7/3/2007 3:00,12.45,12.45,12.93333333,13.15,13.38333333,13.46666667,12.76666667,11.31666667,12.16666667,11.86666667
7/3/2007 4:00,11.33333333,11.16666667,11.91666667,11.7,11.75,12.06666667,11.85,9.616666667,10.48333333,10.41666667
7/3/2007 5:00,11.83333333,11.71666667,12.35,12.03333333,12.33333333,12.28333333,12.1,10.68333333,11.63333333,11.65
7/3/2007 6:00,12.05,12,12.51666667,12.35,12.88333333,12.68333333,12.46666667,10.65,11.43333333,11.1
7/3/2007 7:00,10.48333333,10.45,11,11.6,10.91666667,10.75,11.03333333,9.7,10.51666667,10.15
7/3/2007 8:00,12.01666667,12.06666667,12.55,12.58333333,12.28333333,12.3,12.21666667,10.56666667,11.25,11.15
7/3/2007 9:00,10.58333333,10.21666667,10.71666667,11,11,11.03333333,10.6,9.633333333,10.65,10.36666667
7/3/2007 10:00,10.88333333,10.56666667,10.95,11.45,11.06666667,10.91666667,10.15,10.08333333,10.33333333,9.633333333
7/3/2007 11:00,9.566666667,9.216666667,10.06666667,10.08333333,9.866666667,9.616666667,9.45,8.666666667,9.333333333,9.083333333
7/3/2007 12:00,9.366666667,9.116666667,9.583333333,9.8,9.65,9.633333333,9.566666667,8.433333333,9.15,8.7
7/3/2007 13:00,10.61666667,10.36666667,10.91666667,10.85,10.7,10.83333333,10.61666667,9.3,9.95,9.966666667
7/3/2007 14:00,11.26666667,11.28333333,11.7,11.88333333,11.58333333,11.61666667,11.41666667,10.48333333,11.41666667,11
7/3/2007 15:00,9.566666667,9.266666667,9.916666667,10.06666667,9.433333333,9.6,9.25,9.183333333,9.7,9.466666667
7/3/2007 16:00,9.483333333,8.95,9.633333333,9.883333333,9.516666667,9.6,9.366666667,8.9,9.183333333,8.833333333
7/3/2007 17:00,9,8.65,9.35,9.5,9.016666667,8.9,8.766666667,8.066666667,8.9,8.6
7/3/2007 18:00,9.083333333,8.5,9.183333333,9.116666667,9,9.166666667,8.9,7.4,8.083333333,7.8
7/3/2007 19:00,9.95,9.75,10.26666667,10.46666667,10.4,10.36666667,10.25,8.45,8.85,9.233333333
7/3/2007 20:00,9.083333333,8.733333333,9.3,9.45,9.366666667,9.466666667,9.15,7.833333333,8.4,8.233333333
7/3/2007 21:00,7.816666667,7.383333333,7.783333333,8.1,7.866666667,7.883333333,7.766666667,6.6,6.966666667,6.6
7/3/2007 22:00,7.65,7.15,7.416666667,7.7,7.533333333,7.55,7.416666667,6.433333333,6.483333333,6.45
7/3/2007 23:00,7.4,6.783333333,7.2,7.516666667,7.316666667,7.416666667,7.033333333,6.366666667,6.9,7.1
7/4/2007 0:00,7.133333333,6.566666667,7.016666667,7.016666667,7,7.116666667,7.083333333,6.25,6.533333333,6.566666667
7/4/2007 1:00,6.166666667,5.7,6.066666667,6.3,6.1,6.183333333,6.1,5.3,5.566666667,5.883333333
7/4/2007 2:00,8.083333333,7.6,8.1,8,7.966666667,8.066666667,7.833333333,6.85,7.883333333,7.4
7/4/2007 3:00,9.55,9.216666667,9.7,9.4,9.483333333,9.883333333,9.316666667,8.066666667,9.116666667,8.616666667
7/4/2007 4:00,9.966666667,9.666666667,9.983333333,9.55,9.35,9.3,8.966666667,8.683333333,9.566666667,8.933333333
7/4/2007 5:00,9.6,9.116666667,9.65,9.766666667,9.616666667,9.55,9.433333333,8.216666667,8.883333333,8.816666667
7/4/2007 6:00,9.366666667,8.966666667,9.516666667,8.833333333,8.616666667,8.65,8.483333333,8.3,9.383333333,8.35
7/4/2007 7:00,9.4,9.05,9.383333333,9.333333333,9.016666667,8.95,8.7,8.216666667,8.783333333,8.366666667
7/4/2007 8:00,8.916666667,8.433333333,8.8,8.483333333,8.466666667,8.6,8.116666667,7.666666667,8.4,7.866666667
7/4/2007 9:00,8.716666667,8.35,8.8,8.583333333,8.283333333,8.683333333,8.616666667,7.833333333,8.65,7.8
7/4/2007 10:00,8.3,7.85,8.366666667,8.2,8.3,7.966666667,8.033333333,7.316666667,8.116666667,7.75
7/4/2007 11:00,9,8.6,9.15,8.85,8.883333333,8.983333333,8.833333333,7.466666667,8.366666667,8.1
7/4/2007 12:00,10.31666667,9.983333333,10.6,10.01666667,10.03333333,10.01666667,9.9,8.85,9.7,9.266666667
7/4/2007 13:00,10.86666667,10.5,11.06666667,10.78333333,10.75,10.6,10.46666667,9.833333333,10.35,9.633333333
7/4/2007 14:00,11.83333333,11.28333333,12.03333333,11.7,11.55,11.68333333,11.45,10.76666667,10.83333333,10.58333333
7/4/2007 15:00,10.16666667,9.816666667,10.38333333,10.23333333,10.15,10.01666667,9.833333333,9.066666667,10.2,9.283333333
7/4/2007 16:00,8.666666667,8.25,8.683333333,8.75,8.683333333,8.7,8.466666667,7.55,8.283333333,8.166666667
7/4/2007 17:00,8.483333333,7.883333333,8.4,8.3,8.016666667,8.033333333,7.833333333,7.4,7.833333333,7.983333333
7/4/2007 18:00,8.4,8.066666667,8.416666667,8.033333333,8.2,8.066666667,7.816666667,7.666666667,8.233333333,7.966666667
7/4/2007 19:00,9.133333333,8.683333333,9.266666667,9.4,9.4,9.283333333,9.066666667,7.566666667,8.233333333,8.066666667
7/4/2007 20:00,8.883333333,8.5,8.9,9.233333333,8.983333333,8.916666667,8.666666667,7.1,7.466666667,7.4
7/4/2007 21:00,11.33333333,10.78333333,11.61666667,10.5,10.45,10.48333333,10.45,10.21666667,11.35,11.01666667
7/4/2007 22:00,9.233333333,8.75,9.15,8.883333333,8.733333333,8.533333333,8.466666667,8.366666667,9.15,9.016666667
7/4/2007 23:00,9.816666667,9.783333333,10.56666667,9.816666667,9.883333333,10.05,10.03333333,9.033333333,9.9,9.683333333
7/5/2007 0:00,8.283333333,8.2,8.766666667,8.416666667,8.55,8.25,7.95,7.9,8.066666667,8.05
7/5/2007 1:00,7.283333333,7.033333333,7.45,7.3,7.1,7.283333333,7.083333333,6.233333333,6.6,6.766666667
7/5/2007 2:00,6.8,6.55,7.05,7.1,7.1,7.083333333,6.8,6.083333333,6.283333333,6.2
7/5/2007 3:00,6.616666667,6.1,6.433333333,6.183333333,5.95,5.816666667,5.766666667,5.65,5.816666667,5.583333333
7/5/2007 4:00,5.816666667,5.483333333,5.8,5.533333333,5.233333333,5.333333333,5.416666667,4.966666667,5.4,5.316666667
7/5/2007 5:00,6.15,5.8,6.166666667,6.25,6.166666667,6.25,6.35,5.916666667,6.316666667,6.366666667
7/5/2007 6:00,6.616666667,6.483333333,6.816666667,6.633333333,6.5,6.65,6.866666667,6.216666667,6.733333333,6.95
7/5/2007 7:00,6.716666667,6.366666667,6.516666667,7,6.65,6.716666667,6.883333333,6.316666667,6.883333333,6.983333333
7/5/2007 8:00,7.833333333,7.4,7.85,7.383333333,7.433333333,7.583333333,7.383333333,6.65,7.033333333,7.033333333
7/5/2007 9:00,8.816666667,8.233333333,8.8,8.716666667,8.566666667,8.5,8.65,8,8.066666667,7.816666667
7/5/2007 10:00,9.483333333,9.133333333,9.533333333,9.35,9.016666667,9.083333333,8.783333333,8.266666667,8.833333333,8.383333333
7/5/2007 11:00,9.783333333,9.45,9.983333333,9.65,9.633333333,9.733333333,9.616666667,9.116666667,9.483333333,9.1
7/5/2007 12:00,10.5,10.4,10.9,10.66666667,10.6,10.51666667,9.866666667,9.166666667,10.16666667,9.783333333
7/5/2007 13:00,10.38333333,10.05,10.73333333,10.58333333,10.2,10.31666667,10.18333333,9.15,10.43333333,9.5
7/5/2007 14:00,8.816666667,8.4,8.883333333,8.566666667,8.583333333,8.483333333,8.183333333,7.783333333,8.083333333,7.833333333
7/5/2007 15:00,8.183333333,7.7,7.983333333,8.1,7.8,7.866666667,7.55,7.216666667,7.85,7.383333333
7/5/2007 16:00,7.5,7.016666667,7.416666667,7.366666667,7.2,7.2,7,6.816666667,7.116666667,7.2
7/5/2007 17:00,6.866666667,6.516666667,6.866666667,7.166666667,7.083333333,7.083333333,6.983333333,6.383333333,6.65,6.516666667
7/5/2007 18:00,7.883333333,7.283333333,7.55,8.083333333,7.833333333,7.816666667,7.433333333,6.216666667,6.6,6.333333333
7/5/2007 19:00,11.98333333,11.5,12.01666667,12.23333333,12.28333333,12.41666667,11.88333333,9.8,10.68333333,10.16666667
7/5/2007 20:00,13.2,12.63333333,13.53333333,13.53333333,13.95,13.55,13.3,11.73333333,12.48333333,12.56666667
7/5/2007 21:00,14.45,14.05,14.63333333,14.61666667,14.81666667,14.83333333,14.31666667,11.86666667,13.08333333,13.06666667
7/5/2007 22:00,13.05,12.35,12.8,13.3,13.18333333,13.05,12.53333333,11.43333333,12.06666667,12.03333333
7/5/2007 23:00,12.75,12.35,12.63333333,13.11666667,12.46666667,12.78333333,11.8,11.53333333,12.5,12.3
7/6/2007 0:00,12.6,12.81666667,13.31666667,13.35,13.71666667,13.31666667,12.18333333,12.13333333,12.8,12.7
7/6/2007 1:00,12.4,12.61666667,13.35,13.26666667,13.55,12.86666667,12.41666667,12.06666667,12.68333333,12.33333333
7/6/2007 2:00,15.7,15,15.78333333,15.85,15.81666667,15.76666667,15.45,14.25,15.16666667,15.21666667
7/6/2007 3:00,16.05,15.53333333,16.18333333,16.4,16.73333333,16.28333333,15.71666667,14.28333333,15.25,14.63333333
7/6/2007 4:00,16.08333333,15.53333333,16.1,16.65,16.6,16.15,15.76666667,14,14.88333333,14.66666667
7/6/2007 5:00,16.88333333,16.56666667,17.11666667,17.03333333,17.41666667,16.96666667,16.23333333,15.45,16.85,16.65
7/6/2007 6:00,17.25,16.28333333,16.4,16.38333333,16.1,16.11666667,16.26666667,15.55,16.58333333,16.85
7/6/2007 7:00,18.01666667,17.01666667,17.63333333,17.75,17.43333333,17.51666667,16.66666667,16.31666667,17.36666667,17.43333333
7/6/2007 8:00,18.08333333,17.33333333,17.36666667,17.66666667,17.55,17.25,17.08333333,15.96666667,17.03333333,17.51666667
7/6/2007 9:00,17.85,17.45,17.86666667,17.4,17.8,17.45,16.93333333,17.01666667,18.06666667,17.6
7/6/2007 10:00,17.75,16.6,17.13333333,17.21666667,17.06666667,16.75,16.83333333,16,17.08333333,17.15
7/6/2007 11:00,19.33333333,18.98333333,19.25,19.5,19.31666667,19.1,18.45,18.11666667,19.45,19.36666667
7/6/2007 12:00,19.1,18.98333333,19.05,19.08333333,19.41666667,19.3,18.31666667,18.1,19.15,18.75
7/6/2007 13:00,18.58333333,18.33333333,18.43333333,18.43333333,18.75,18.28333333,17.51666667,17.71666667,18.43333333,18.31666667
7/6/2007 14:00,16.83333333,16.23333333,16.6,16.58333333,16.76666667,16.55,16.06666667,15.18333333,16.41666667,16.46666667
7/6/2007 15:00,16.78333333,16.3,17.01666667,16.53333333,16.6,17.11666667,16.2,15.86666667,16.56666667,16.4
7/6/2007 16:00,16.88333333,16.26666667,17,16.2,16.1,16.3,15.68333333,16.08333333,17.1,16.73333333
7/6/2007 17:00,15.93333333,15.85,16.1,15.31666667,15.88333333,15.63333333,14.6,15.03333333,16.08333333,15.88333333
7/6/2007 18:00,16.41666667,16.1,16.56666667,16.58333333,16.53333333,16.26666667,15.91666667,14.98333333,16.25,16.2
7/6/2007 19:00,15.56666667,15.18333333,15.63333333,15.46666667,15.63333333,15.76666667,14.88333333,14.7,15.56666667,15.13333333
7/6/2007 20:00,15.45,14.95,15.43333333,15.55,15.76666667,15.78333333,14.81666667,14.05,15.06666667,14.68333333
7/6/2007 21:00,14.85,14.81666667,15,15.6,15.88333333,15.55,14.6,13.6,14.68333333,14.18333333
7/6/2007 22:00,14.83333333,14.51666667,14.7,15.38333333,15.41666667,15.21666667,14.26666667,13.45,14.26666667,14.4
7/6/2007 23:00,15.5,14.93333333,15.61666667,15.88333333,15.8,15.76666667,15.21666667,13.56666667,14.65,15.11666667
7/7/2007 0:00,14.91666667,14.68333333,15.25,15.38333333,15.61666667,15.45,14.65,13.56666667,14.41666667,14.93333333
7/7/2007 1:00,15.65,15.01666667,15.36666667,15.65,15.83333333,15.6,14.86666667,13.68333333,14.76666667,14.8
7/7/2007 2:00,14.51666667,14.1,14.78333333,13.83333333,14.25,14.06666667,13.6,13.66666667,14.76666667,14.15
7/7/2007 3:00,13.15,13.3,13.93333333,13.23333333,13.16666667,13.03333333,12.91666667,12.66666667,13.96666667,12.7
7/7/2007 4:00,13.1,12.81666667,13.58333333,12.88333333,13.2,13.16666667,12.65,12.1,13.36666667,12.6
7/7/2007 5:00,12.43333333,12.51666667,12.85,12.2,12.26666667,12.45,12.05,11.4,12.58333333,11.75
7/7/2007 6:00,11.48333333,11.65,12.15,11.58333333,11.63333333,11.95,11.2,10.88333333,11.85,11.11666667
7/7/2007 7:00,10.96666667,11.33333333,11.71666667,11.4,11.71666667,11.7,11.2,9.983333333,11.15,10.86666667
7/7/2007 8:00,10.95,11.06666667,11.41666667,11.38333333,11.51666667,11.58333333,11.38333333,9.8,10.55,11.08333333
7/7/2007 9:00,10.75,10.8,11.43333333,11.4,11.36666667,11.56666667,11.16666667,9.316666667,10.36666667,10.88333333
7/7/2007 10:00,10.65,10.76666667,11.43333333,11.46666667,11.58333333,11.66666667,11.2,9.45,10.06666667,10.9
7/7/2007 11:00,10.66666667,10.6,11.23333333,11.41666667,11.3,11.63333333,11.13333333,9.466666667,10.08333333,10.98333333
7/7/2007 12:00,10.45,10.65,11.08333333,11.28333333,11.11666667,11.41666667,11.05,9.6,10.36666667,10.51666667
7/7/2007 13:00,10.56666667,10.53333333,11.26666667,10.23333333,10.3,10.46666667,9.9,10.1,11.21666667,10.61666667
7/7/2007 14:00,10.11666667,9.966666667,10.73333333,10.11666667,10.18333333,10.33333333,9.983333333,9.483333333,10.3,10.15
7/7/2007 15:00,9.683333333,9.633333333,10.48333333,9.533333333,9.7,9.683333333,9.816666667,9.366666667,10.56666667,10.03333333
7/7/2007 16:00,9.416666667,9.4,10.03333333,8.733333333,8.933333333,8.9,8.733333333,9.083333333,10.03333333,9.816666667
7/7/2007 17:00,9.016666667,8.783333333,9.433333333,8.1,8,8.033333333,7.966666667,8.483333333,9.35,9.2
7/7/2007 18:00,8.616666667,8.566666667,9.25,8.916666667,9.183333333,9.183333333,8.9,8.083333333,8.916666667,8.7
7/7/2007 19:00,7.033333333,6.8,7.216666667,7.433333333,7.416666667,7.5,7.283333333,6.383333333,6.766666667,6.65
7/7/2007 20:00,6.25,6,6.483333333,6.483333333,6.366666667,6.533333333,6.416666667,5.833333333,6.233333333,6.083333333
7/7/2007 21:00,7.3,6.983333333,7.4,7.6,7.533333333,7.55,7.35,6.316666667,6.733333333,6.466666667
7/7/2007 22:00,8.25,7.833333333,8.266666667,8.116666667,8,8.033333333,7.716666667,7.266666667,7.733333333,7.5
7/7/2007 23:00,7.366666667,7.1,7.616666667,6.8,6.85,6.716666667,6.516666667,7.033333333,7.766666667,7.5
7/8/2007 0:00,6.733333333,6.483333333,6.816666667,6.9,6.85,6.833333333,6.75,5.75,6.183333333,6.516666667
7/8/2007 1:00,6.466666667,6.183333333,6.6,6.283333333,6.2,6.266666667,6.1,5.883333333,6.35,5.816666667
7/8/2007 2:00,6.533333333,6.333333333,6.9,6.4,6.416666667,6.816666667,6.65,5.966666667,6.316666667,6.333333333
7/8/2007 3:00,6.566666667,6.3,6.75,6.316666667,6.183333333,6.416666667,6.25,5.8,6.433333333,6.366666667
7/8/2007 4:00,6.416666667,6.066666667,6.5,6.25,6.266666667,6.35,5.95,5.55,6.083333333,6.033333333
7/8/2007 5:00,6.1,5.766666667,6.183333333,5.9,5.9,5.916666667,5.533333333,5.316666667,5.716666667,5.733333333
7/8/2007 6:00,5.716666667,5.233333333,5.65,5.4,5.4,5.466666667,5.4,4.933333333,5.116666667,5.033333333
7/8/2007 7:00,4.833333333,4.566666667,4.916666667,4.683333333,4.533333333,4.616666667,4.816666667,4.05,4.266666667,4.116666667
7/8/2007 8:00,4.45,4.15,4.466666667,4.366666667,3.933333333,4.133333333,3.9,3.7,4.116666667,3.733333333
7/8/2007 9:00,3.483333333,3.583333333,3.766666667,3.733333333,3.533333333,3.9,3.633333333,3.383333333,3.966666667,3.65
7/8/2007 10:00,3.4,3.316666667,3.383333333,3.6,3.4,3.516666667,3.4,3.133333333,3.266666667,3.383333333
7/8/2007 11:00,3,2.883333333,2.9,3.216666667,2.916666667,3.033333333,2.95,2.833333333,2.966666667,3
7/8/2007 12:00,2.95,2.9,3.016666667,3.133333333,2.983333333,3.233333333,3.1,2.983333333,3.183333333,3.066666667
7/8/2007 13:00,3.4,3.283333333,3.333333333,3.583333333,3.35,3.566666667,3.416666667,3.15,3.25,3.383333333
7/8/2007 14:00,3.5,3.35,3.25,3.933333333,3.433333333,3.75,3.516666667,3.316666667,3.633333333,3.516666667
7/8/2007 15:00,2.983333333,2.85,2.883333333,3.233333333,3,3.2,3.166666667,2.933333333,3.1,3.166666667
7/8/2007 16:00,2.8,2.8,2.666666667,2.966666667,2.833333333,3.033333333,2.9,2.816666667,2.883333333,2.8
7/8/2007 17:00,2.65,2.4,2.45,2.533333333,2.5,2.5,2.466666667,2.55,2.55,2.65
7/8/2007 18:00,2.833333333,2.766666667,2.666666667,3.133333333,2.95,2.966666667,2.716666667,2.833333333,2.816666667,2.6
7/8/2007 19:00,3.05,2.883333333,2.95,3.316666667,3,3.1,2.916666667,2.866666667,2.966666667,2.816666667
7/8/2007 20:00,2.933333333,2.783333333,2.733333333,3.083333333,2.666666667,2.816666667,2.616666667,2.583333333,2.766666667,2.616666667
7/8/2007 21:00,2.583333333,2.566666667,2.516666667,2.833333333,2.583333333,2.7,2.55,2.55,2.65,2.55
7/8/2007 22:00,2.183333333,1.933333333,2.233333333,2.183333333,2.116666667,2.116666667,2,2.266666667,2.116666667,2.133333333
7/8/2007 23:00,2.283333333,1.95,2.25,2.233333333,2.2,2.066666667,2,2.366666667,2.15,2.133333333
7/9/2007 0:00,2.516666667,2.383333333,3.166666667,2.333333333,2.4,2.283333333,2.583333333,2.516666667,2.383333333,2.516666667
7/9/2007 1:00,2.883333333,2.683333333,3.35,2.966666667,2.783333333,2.733333333,2.816666667,2.7,2.65,2.516666667
7/9/2007 2:00,3.683333333,3.566666667,4.466666667,4.15,3.666666667,3.916666667,3.633333333,3.616666667,3.883333333,3.8
7/9/2007 3:00,3.566666667,3.566666667,4.566666667,3.75,3.55,3.816666667,3.783333333,3.45,3.95,3.716666667
7/9/2007 4:00,3.183333333,3.133333333,4,3.333333333,3.083333333,3.266666667,3,2.883333333,3.05,2.866666667
7/9/2007 5:00,3.916666667,3.733333333,4.6,3.95,3.6,3.716666667,3.633333333,3.566666667,3.816666667,3.633333333
7/9/2007 6:00,6.116666667,5.7,6.483333333,6.366666667,6.15,6.083333333,5.966666667,5.783333333,6.033333333,5.5
7/9/2007 7:00,6.183333333,5.766666667,6.533333333,6.366666667,6.183333333,6.183333333,5.633333333,5.883333333,6.033333333,5.916666667
7/9/2007 8:00,5.916666667,5.533333333,6.216666667,6.083333333,5.983333333,5.8,5.683333333,5.75,6,5.833333333
7/9/2007 9:00,8.2,7.9,8.083333333,6.866666667,6.833333333,7.066666667,7.233333333,6.683333333,7.016666667,6.75
7/9/2007 10:00,4.2,4.816666667,5.033333333,3.916666667,4.783333333,4.916666667,5.166666667,4.766666667,4.833333333,4.9
7/9/2007 11:00,7.616666667,7.25,7.733333333,7.85,7.933333333,7.7,7.566666667,7.2,8.316666667,7.616666667
7/9/2007 12:00,5.65,5.266666667,5.75,5.533333333,5.15,5.416666667,5.466666667,4.95,5.416666667,5.183333333
7/9/2007 13:00,3.4,3.35,3.6,3.566666667,3.35,3.383333333,3.233333333,3.016666667,3.3,3.333333333
7/9/2007 14:00,3.2,3.183333333,3.25,3.416666667,3.133333333,3.233333333,3.25,2.966666667,3.1,3.266666667
7/9/2007 15:00,3.883333333,3.733333333,4.1,4.166666667,4,4.116666667,3.933333333,3.833333333,3.916666667,3.966666667
7/9/2007 16:00,4.1,3.816666667,4.233333333,4.216666667,3.933333333,4.116666667,4.016666667,3.7,3.816666667,3.933333333
7/9/2007 17:00,3.433333333,3.316666667,3.833333333,3.483333333,3.316666667,3.533333333,3.416666667,3.15,3.283333333,3.2
7/9/2007 18:00,3.3,3.316666667,3.65,3.3,3.216666667,3.45,3.266666667,3.183333333,3.35,3.35
7/9/2007 19:00,4.95,4.516666667,4.75,4.866666667,4.7,4.783333333,4.85,4.35,4.866666667,4.766666667
7/9/2007 20:00,5.3,4.95,4.816666667,5.533333333,5.283333333,5.516666667,5.05,5.25,5.333333333,5.35
7/9/2007 21:00,6.133333333,5.883333333,5.616666667,6.066666667,5.766666667,6.316666667,5.916666667,6.033333333,5.983333333,6.05
7/9/2007 22:00,5.65,5.283333333,5.35,5.666666667,5.4,5.516666667,5.466666667,4.7,5.033333333,5.2
7/9/2007 23:00,5.55,5.116666667,4.933333333,5.466666667,5.266666667,5.65,5.35,5.2,5.333333333,5.383333333
7/10/2007 0:00,5.45,5.083333333,5.05,5.483333333,5.35,5.35,5.35,4.683333333,5,5.316666667
7/10/2007 1:00,4.1,3.9,4.05,4.4,4.083333333,4.266666667,3.933333333,3.816666667,3.933333333,4.066666667
7/10/2007 2:00,2.516666667,2.5,2.383333333,2.566666667,2.416666667,2.533333333,2.416666667,2.483333333,2.5,2.633333333
7/10/2007 3:00,2.016666667,2,1.966666667,2.016666667,2.066666667,1.9,2.166666667,2,2.033333333,2.166666667
7/10/2007 4:00,1.65,1.766666667,1.633333333,1.75,1.6,1.716666667,1.566666667,1.6,1.566666667,1.616666667
7/10/2007 5:00,2.433333333,2.3,2.4,2.516666667,2.55,2.483333333,2.433333333,2.433333333,2.316666667,2.516666667
7/10/2007 6:00,2.633333333,2.55,2.633333333,2.683333333,2.7,2.633333333,2.583333333,2.666666667,2.616666667,2.65
7/10/2007 7:00,2.533333333,2.5,2.483333333,2.65,2.483333333,2.65,2.616666667,2.616666667,2.683333333,2.666666667
7/10/2007 8:00,3.1,3.1,3.1,3.433333333,3.15,3.216666667,3.416666667,2.983333333,3.25,3.316666667
7/10/2007 9:00,3.216666667,3.166666667,3.166666667,3.45,3.25,3.366666667,3.366666667,3.083333333,3.233333333,3.116666667
7/10/2007 10:00,3.466666667,3.483333333,4,3.75,3.616666667,3.75,3.966666667,3.383333333,3.5,3.5
7/10/2007 11:00,3.866666667,3.75,4.266666667,3.966666667,3.8,3.733333333,4.15,3.616666667,3.866666667,3.816666667
7/10/2007 12:00,4.816666667,4.416666667,4.483333333,4.8,4.65,4.633333333,4.416666667,4.25,4.783333333,4.45
7/10/2007 13:00,5.833333333,5.4,5.466666667,5.866666667,5.766666667,5.683333333,5.183333333,5.3,5.7,5.616666667
7/10/2007 14:00,6.866666667,6.483333333,6.85,6.7,6.916666667,6.433333333,6.066666667,6.366666667,6.683333333,6.266666667
7/10/2007 15:00,7.133333333,6.65,7.183333333,7.016666667,7.1,6.966666667,6.716666667,6.383333333,6.933333333,6.583333333
7/10/2007 16:00,6.916666667,6.483333333,6.966666667,7.133333333,6.75,6.8,6.533333333,6.283333333,6.816666667,6.25
7/10/2007 17:00,6.483333333,6.133333333,6.7,6.716666667,6.366666667,6.4,6.2,5.85,6.35,6.083333333
7/10/2007 18:00,6.833333333,6.316666667,6.866666667,6.616666667,6.8,6.433333333,6.5,6.183333333,6.6,6.283333333
7/10/2007 19:00,6.533333333,6.233333333,6.55,6.833333333,6.5,6.433333333,6.383333333,5.933333333,6.416666667,6.183333333
7/10/2007 20:00,6.15,5.783333333,6.083333333,5.95,6.1,5.966666667,5.85,5.466666667,5.933333333,5.8
7/10/2007 21:00,6.016666667,5.55,5.65,6.1,6.066666667,6,5.883333333,5.3,5.5,5.766666667
7/10/2007 22:00,5.9,5.6,5.45,5.9,5.716666667,6.05,5.566666667,5.65,5.7,5.8
7/10/2007 23:00,6.75,6.25,6.15,6.55,6.466666667,6.766666667,6.55,6.1,6.45,6.25
7/11/2007 0:00,8.65,8.05,7.866666667,8.7,8.733333333,8.7,8.55,7.116666667,7.516666667,7.3
7/11/2007 1:00,9.7,9.083333333,8.75,9.816666667,9.783333333,9.733333333,9.5,7.95,8.866666667,8.366666667
7/11/2007 2:00,10.03333333,9.516666667,9.15,10.23333333,10.28333333,10.15,9.9,8.4,8.9,8.733333333
7/11/2007 3:00,10.13333333,9.716666667,9.45,10.38333333,10.4,10.41666667,9.85,9.016666667,9.966666667,9.466666667
7/11/2007 4:00,8.483333333,8.1,7.6,8.133333333,8.133333333,8.65,7.633333333,8.05,8.666666667,8.2
7/11/2007 5:00,8.533333333,8.05,8.233333333,8.366666667,8.45,8.2,8.2,7.416666667,7.883333333,7.683333333
7/11/2007 6:00,8.016666667,7.433333333,7.75,8.033333333,7.616666667,7.666666667,7.616666667,7.05,7.383333333,7.25
7/11/2007 7:00,8.166666667,7.7,8.266666667,7.933333333,8.3,8.35,7.25,7.35,8.05,7.466666667
7/11/2007 8:00,8.75,8.316666667,8.316666667,8.883333333,8.766666667,9,6.916666667,7.966666667,8.75,8.083333333
7/11/2007 9:00,9.433333333,8.966666667,9.016666667,9.533333333,9.65,9.733333333,7.366666667,8.433333333,9.25,8.85
7/11/2007 10:00,8.916666667,8.433333333,8.533333333,9.2,9.066666667,8.9,7.383333333,8.016666667,8.533333333,8.216666667
7/11/2007 11:00,9.45,9.033333333,9.5,9.666666667,9.1,9.133333333,8.233333333,8.55,8.9,8.566666667
7/11/2007 12:00,9.85,9.516666667,10.18333333,10.2,10.06666667,9.75,8.583333333,9.05,9.85,9.483333333
7/11/2007 13:00,9.866666667,9.6,10.13333333,10.36666667,9.95,9.85,8.966666667,8.983333333,9.666666667,9.416666667
7/11/2007 14:00,9.9,9.566666667,10.21666667,10.28333333,9.9,9.716666667,9.666666667,8.45,10.03333333,9.316666667
7/11/2007 15:00,9.883333333,9.416666667,9.983333333,9.783333333,9.916666667,9.683333333,9.483333333,8.65,9.466666667,8.95
7/11/2007 16:00,10.53333333,10.13333333,9.366666667,10.41666667,10.25,10.25,10.16666667,9.15,9.783333333,9.716666667
7/11/2007 17:00,8.516666667,8.166666667,7.75,8.5,8.15,8.25,8.05,7.716666667,8.2,7.95
7/11/2007 18:00,8.133333333,7.95,8.283333333,8.116666667,8.233333333,7.9,7.65,7.416666667,8.016666667,7.383333333
7/11/2007 19:00,9.266666667,8.95,9.15,9.15,9.333333333,9.016666667,8.6,8.266666667,8.95,8.4
7/11/2007 20:00,8.7,8.45,9.016666667,8.483333333,8.966666667,8.35,8.133333333,7.666666667,8.416666667,8.066666667
7/11/2007 21:00,8.383333333,7.883333333,8.133333333,8.416666667,8.45,8.266666667,7.95,7.266666667,7.966666667,7.716666667
7/11/2007 22:00,8.35,7.783333333,7.95,8.25,8.483333333,8.216666667,8,7.166666667,7.616666667,7.766666667
7/11/2007 23:00,8.983333333,8.616666667,7.966666667,9.1,8.933333333,9.416666667,8.55,8.233333333,8.566666667,8.383333333
7/12/2007 0:00,8.683333333,8.433333333,7.816666667,8.95,8.95,9.15,8.7,7.933333333,8.383333333,8.533333333
7/12/2007 1:00,9.216666667,8.966666667,8.933333333,9.333333333,9.516666667,9.1,8.966666667,8.083333333,8.583333333,8.566666667
7/12/2007 2:00,8.35,7.916666667,7.733333333,8.683333333,8.45,8.383333333,8.333333333,7.183333333,7.5,7.933333333
7/12/2007 3:00,8.033333333,7.566666667,7.2,8.166666667,8.05,8.066666667,8,6.95,7.25,7.7
7/12/2007 4:00,8.633333333,8.1,7.85,8.9,8.883333333,8.8,8.75,7.366666667,7.866666667,8.35
7/12/2007 5:00,9.2,8.7,8.166666667,9.416666667,9.3,9.266666667,9.066666667,7.966666667,8.333333333,8.616666667
7/12/2007 6:00,9.65,9.233333333,9.05,9.866666667,10,9.966666667,9.5,8.15,8.733333333,9.183333333
7/12/2007 7:00,9.933333333,9.45,9.483333333,10.16666667,10.25,9.783333333,9.733333333,8.366666667,8.866666667,9.1
7/12/2007 8:00,9.25,8.783333333,8.45,9.433333333,9.166666667,9.383333333,9.033333333,8.083333333,8.433333333,8.616666667
7/12/2007 9:00,9.2,8.75,8.283333333,8.95,9,9.583333333,8.783333333,8.633333333,8.966666667,8.85
7/12/2007 10:00,9.266666667,8.633333333,8.033333333,9.066666667,9.183333333,9.35,7.933333333,8.333333333,8.883333333,8.55
7/12/2007 11:00,7.683333333,7.3,7.083333333,7.716666667,7.533333333,7.95,6.366666667,7.05,7.633333333,7.183333333
7/12/2007 12:00,8.316666667,7.9,7.483333333,8.65,8.433333333,8.35,6.55,6.9,7.316666667,6.983333333
7/12/2007 13:00,9.983333333,9.466666667,9.033333333,10.2,9.966666667,10.13333333,8.633333333,8.516666667,9.383333333,8.933333333
7/12/2007 14:00,11.05,10.51666667,10.28333333,11.51666667,11.53333333,11.43333333,11.11666667,9.766666667,11.28333333,10.2
7/12/2007 15:00,9.3,9.05,8.616666667,9.716666667,9.733333333,9.783333333,9.55,8.05,8.916666667,8.4
7/12/2007 16:00,8.833333333,8.5,8.3,9.216666667,9.183333333,9.35,8.933333333,7.583333333,8,7.883333333
7/12/2007 17:00,9.716666667,9.15,9.016666667,9.966666667,9.916666667,9.9,9.666666667,7.883333333,8.233333333,8.216666667
7/12/2007 18:00,9.8,9.083333333,8.966666667,10.11666667,9.9,9.816666667,9.8,7.583333333,8,7.916666667
7/12/2007 19:00,9.4,8.95,8.65,9.75,9.6,9.583333333,9.566666667,7.433333333,7.85,7.75
7/12/2007 20:00,9,8.5,8.366666667,9.283333333,9.283333333,9.233333333,8.933333333,7.666666667,8.033333333,8.05
7/12/2007 21:00,9.333333333,8.883333333,8.75,9.783333333,9.383333333,9.35,9.3,8.45,9.05,8.9
7/12/2007 22:00,10.26666667,9.883333333,9.733333333,10.75,10.61666667,10.5,10.31666667,8.933333333,9.666666667,9.766666667
7/12/2007 23:00,11.25,10.93333333,10.73333333,11.6,11.71666667,11.85,11.2,9.85,10.45,10.61666667
7/13/2007 0:00,11.96666667,11.7,11.35,12.33333333,12.31666667,13.3,12.65,10.36666667,10.86666667,10.71666667
7/13/2007 1:00,11.58333333,11.31666667,11.9,12.01666667,12.4,12.18333333,11.88333333,10.51666667,11.48333333,11.03333333
7/13/2007 2:00,11.35,11.23333333,11.4,11.8,12.03333333,12.15,11.71666667,10.35,11.75,11.05
7/13/2007 3:00,10.63333333,10.43333333,10.53333333,10.91666667,11.13333333,11.46666667,10.85,9.883333333,10.98333333,10.63333333
7/13/2007 4:00,10.95,10.83333333,10.51666667,10.86666667,10.96666667,11.55,10.35,9.833333333,11.18333333,10.48333333
7/13/2007 5:00,10.16666667,9.8,9.216666667,9.766666667,9.716666667,10.56666667,9.366666667,9.566666667,10.15,9.983333333
7/13/2007 6:00,9.25,8.833333333,8.3,8.816666667,8.933333333,9.6,8.783333333,8.65,9.216666667,8.8
7/13/2007 7:00,8.75,8.266666667,7.883333333,7.883333333,7.883333333,8.95,7.816666667,7.85,8.6,8.216666667
7/13/2007 8:00,8.25,7.933333333,7.566666667,8.3,8.383333333,8.5,8,7.6,8.65,7.783333333
7/13/2007 9:00,8.333333333,8.033333333,7.733333333,7.966666667,8.133333333,8.533333333,7.866666667,7.533333333,8.6,7.85
7/13/2007 10:00,7.816666667,7.433333333,7.15,7.95,7.833333333,8.016666667,6.85,6.983333333,7.616666667,7.6
7/13/2007 11:00,7.683333333,7.566666667,7.433333333,8.3,8.233333333,8.15,6.916666667,6.833333333,7.066666667,7.55
7/13/2007 12:00,7.966666667,7.566666667,7.45,8.066666667,7.833333333,7.916666667,6.183333333,7.05,7.716666667,7.283333333
7/13/2007 13:00,8.383333333,7.9,7.65,8.55,7.866666667,7.85,6.866666667,7.716666667,8.183333333,7.966666667
7/13/2007 14:00,8.15,7.7,7.516666667,8.566666667,7.35,7.533333333,7.516666667,7.716666667,8.066666667,7.883333333
7/13/2007 15:00,7,6.65,6.566666667,7.183333333,6.433333333,6.45,7.05,6.583333333,7.15,7
7/13/2007 16:00,6.05,5.683333333,5.816666667,6.2,5.85,5.783333333,6.183333333,5.483333333,5.983333333,5.983333333
7/13/2007 17:00,4.45,4.15,4.1,4.7,4.616666667,4.55,4.216666667,3.65,4.133333333,3.7
7/13/2007 18:00,3.916666667,3.783333333,3.9,3.983333333,3.85,4.016666667,4.15,3.75,3.8,3.75
7/13/2007 19:00,2.233333333,2.116666667,2.183333333,2.3,2.2,2.233333333,2.166666667,2.033333333,2.083333333,2.05
7/13/2007 20:00,3.15,2.883333333,2.983333333,3.266666667,2.783333333,3.066666667,2.533333333,2.666666667,2.733333333,2.516666667
7/13/2007 21:00,6.45,5.95,6.616666667,6.333333333,5.816666667,5.766666667,5.55,5.85,5.716666667,5.35
7/13/2007 22:00,9.233333333,9.35,10.85,9.366666667,9.633333333,9.366666667,9,8.5,9.3,8.783333333
7/13/2007 23:00,11.15,11.28333333,13.6,11.53333333,11.96666667,12.08333333,11.56666667,10.58333333,11.53333333,11
7/14/2007 0:00,12.68333333,12.56666667,15.58333333,12.68333333,13.23333333,13.36666667,12.33333333,12.01666667,12.61666667,11.9
7/14/2007 1:00,13.56666667,13.43333333,16.6,13.75,14.25,14.48333333,13.06666667,13.38333333,12.95,12.51666667
7/14/2007 2:00,13.61666667,13.81666667,16.75,14.2,14.46666667,14.46666667,13.46666667,13.73333333,13.4,13.25
7/14/2007 3:00,13.5,13.8,15.7,13.6,14.1,13.7,13.6,13.4,13.1,12.8
7/14/2007 7:00,11.66,11.74,11.98,12.38,11,11.1,12.1,11.58,12.1,12.42
7/14/2007 8:00,11.26666667,11.33333333,11.46666667,11.93333333,11.36666667,11.26666667,11.63333333,10.73333333,11.63333333,11.8
7/15/2007 9:00,7.833333333,7.266666667,7.7,7.933333333,7.933333333,7.933333333,7.766666667,7.366666667,8.1,5.033333333
7/15/2007 10:00,4.966666667,4.166666667,5.016666667,5.1,4.866666667,5.083333333,4.666666667,4.833333333,6.95,4.966666667
7/15/2007 11:00,7.016666667,6.183333333,8.783333333,7.416666667,7.166666667,7.5,6.75,7.283333333,11.3,9.516666667
7/15/2007 12:00,7.583333333,7.216666667,8.5,7.95,7.35,7.466666667,7.883333333,7.266666667,7.716666667,7.6
7/15/2007 13:00,8.15,7.733333333,8.816666667,8.633333333,8.6,8.55,8.366666667,7.983333333,8.983333333,7.9
7/15/2007 14:00,9.966666667,9.433333333,10.8,10.21666667,10.38333333,10.56666667,9.266666667,9.116666667,10.01666667,9.716666667
7/15/2007 15:00,9.383333333,9.166666667,10.16666667,9.933333333,10.01666667,10.15,9.05,9.166666667,10.13333333,9.616666667
7/15/2007 16:00,6.6,6.383333333,6.816666667,7.033333333,7.133333333,7.016666667,6.816666667,6.566666667,7.3,6.816666667
7/15/2007 17:00,5.733333333,5.433333333,5.883333333,6.283333333,6.166666667,6.183333333,6.033333333,5.783333333,6.166666667,5.7
7/15/2007 18:00,5.683333333,5.3,5.45,5.95,5.766666667,5.616666667,5.45,5.433333333,5.783333333,5.516666667
7/15/2007 19:00,4.566666667,4.466666667,5.683333333,5.65,6.066666667,6.383333333,5.866666667,5.916666667,6.5,6.216666667
7/15/2007 20:00,5.283333333,5.25,6.316666667,5.383333333,5.6,5.4,5.333333333,5.35,5.566666667,5.55
7/15/2007 21:00,4.916666667,4.516666667,5.633333333,5.066666667,4.9,4.716666667,4.633333333,4.816666667,5,4.866666667
7/15/2007 22:00,5.133333333,4.366666667,5.416666667,5.166666667,4.816666667,4.3,4.1,4.783333333,4.65,4.75
7/15/2007 23:00,5.816666667,5.2,5.866666667,6.033333333,5.8,5.716666667,5.233333333,5.433333333,5.7,5.55
7/16/2007 0:00,5.483333333,5,5.733333333,5.8,5.15,5.333333333,5.4,5.45,5.4,5.4
7/16/2007 1:00,5.283333333,4.116666667,4.933333333,5.6,4.016666667,4.45,4.55,5.45,4.333333333,4.5
7/16/2007 2:00,6.4,5.2,5.716666667,7.2,5.216666667,5.533333333,5.416666667,6.383333333,4.75,4.966666667
7/16/2007 3:00,8.05,6.85,7.066666667,8.383333333,7,6.783333333,6.616666667,7.616666667,6.716666667,6.516666667
7/16/2007 4:00,6.966666667,6.883333333,6.933333333,7.166666667,7.2,6.8,6.666666667,6.666666667,6.95,6.35
7/16/2007 5:00,8.733333333,8.6,8.716666667,8.983333333,8.75,8.616666667,8.65,7.566666667,8.1,8.5
7/16/2007 6:00,11.43333333,11.3,12,11.65,11.9,11.95,11.38333333,9.716666667,10.53333333,12.1
7/16/2007 7:00,8.1,7.95,8.2,7.95,8.333333333,8.383333333,7.75,7.433333333,7.866666667,8.066666667
7/16/2007 8:00,9.1,8.733333333,8.7,9.05,9.116666667,9.35,8.866666667,8.35,9.033333333,9.866666667
7/16/2007 9:00,6.633333333,6.683333333,6.9,6.183333333,6.383333333,6.683333333,6.683333333,5.883333333,6.083333333,6.65
7/16/2007 10:00,6.183333333,5.566666667,5.7,6.2,5.433333333,5.65,5.933333333,5.766666667,5.866666667,4.966666667
7/16/2007 11:00,3.6,3.733333333,4.033333333,3.766666667,3.55,3.783333333,3.466666667,3.266666667,3.533333333,4
7/16/2007 12:00,5.916666667,5.716666667,5.683333333,6.116666667,5.916666667,5.833333333,5.8,5.183333333,5.183333333,5.633333333
7/16/2007 13:00,7.716666667,7.6,7.633333333,8.016666667,8.016666667,8.033333333,7.866666667,6.466666667,6.866666667,7.533333333
7/16/2007 14:00,8.066666667,7.85,7.833333333,7.233333333,7.133333333,8.1,7.983333333,7.366666667,7.9,8.466666667
7/16/2007 15:00,5.3,5.033333333,5.3,5.516666667,5.466666667,5.433333333,5.366666667,4.65,4.75,5.616666667
7/16/2007 16:00,2.65,2.533333333,2.683333333,2.666666667,2.583333333,2.6,2.55,2.75,2.733333333,2.683333333
7/16/2007 17:00,3.8,3.633333333,4.05,3.533333333,3.75,3.716666667,3.766666667,3.55,3.45,3.616666667
7/16/2007 18:00,6.183333333,6.283333333,6.533333333,6.3,6.366666667,6.116666667,5.916666667,7.45,6.166666667,6.35
7/16/2007 19:00,3.15,2.766666667,2.583333333,2.983333333,2.866666667,12.15,2.283333333,3.866666667,9.1,3.566666667
7/16/2007 20:00,4.916666667,3.983333333,4.733333333,4.4,5.233333333,11.28333333,4.45,4.25,9.15,4.65
7/16/2007 21:00,2.383333333,2.616666667,2.683333333,2.433333333,2.333333333,2.85,2.55,2.416666667,2.616666667,2.95
7/16/2007 22:00,2.933333333,2.933333333,3.133333333,3.066666667,2.933333333,3.1,2.85,2.883333333,3.116666667,3.016666667
7/16/2007 23:00,6.25,5.333333333,5.533333333,6.066666667,6.25,5.7,5.683333333,5.75,6.216666667,5.85
7/17/2007 0:00,7.15,6.566666667,6.1,7.016666667,7.033333333,7.066666667,6.916666667,6.45,6.4,5.916666667
7/17/2007 1:00,9.216666667,9,8.883333333,9.566666667,9.666666667,9.316666667,9.3,7.9,8.083333333,7.916666667
7/17/2007 2:00,11.35,11.08333333,10.11666667,11.48333333,11.33333333,11.58333333,11.23333333,10.01666667,10.31666667,10.66666667
7/17/2007 3:00,12.68333333,12.15,12.3,12.91666667,12.55,12.65,12.56666667,11.15,11.86666667,12.86666667
7/17/2007 4:00,13.65,12.83333333,14.51666667,13.61666667,14.03333333,14.03333333,13.46666667,11.1,12.01666667,13.13333333
7/17/2007 5:00,13.38333333,12.9,13.75,13.56666667,14.01666667,13.81666667,13.4,10.98333333,11.75,13.06666667
7/17/2007 6:00,12.68333333,12.3,13.11666667,13.13333333,13.36666667,13.3,12.78333333,10.31666667,11.26666667,12.53333333
7/17/2007 7:00,13.55,12.91666667,14.05,13.55,13.96666667,13.68333333,13.35,11.6,12.01666667,13.56666667
7/17/2007 8:00,12.68333333,12.78333333,13.18333333,13.41666667,13.61666667,13.45,13.3,11.43333333,12.15,13.71666667
7/17/2007 9:00,13.03333333,12.7,13.2,13.38333333,13.51666667,13.56666667,12.76666667,11.41666667,12.31666667,13.6
7/17/2007 10:00,12.9,12.63333333,13.08333333,12.96666667,13.31666667,13.56666667,12.81666667,11.58333333,12.05,13.4
7/17/2007 11:00,12.33333333,12.06666667,11.81666667,12.6,12.21666667,12.56666667,12.31666667,11.28333333,11.81666667,13.01666667
7/17/2007 12:00,12.18333333,12.11666667,11.51666667,12.51666667,11.21666667,11.53333333,12.56666667,11.7,12.76666667,12.81666667
7/17/2007 13:00,11.06666667,11,10.33333333,11.61666667,10.68333333,10.81666667,11.28333333,10.66666667,11.41666667,11.56666667
7/17/2007 14:00,10.66666667,10.85,10.46666667,11.23333333,10.93333333,10.78333333,11.11666667,10.18333333,10.98333333,11.41666667
7/17/2007 15:00,10.13333333,9.75,10.43333333,10.55,10.61666667,10.63333333,10.26666667,8.566666667,8.783333333,9.866666667
7/17/2007 16:00,9.766666667,9.45,9.9,10.33333333,10.33333333,10.48333333,10.16666667,8.383333333,8.733333333,9.45
7/17/2007 17:00,8.666666667,8.533333333,9.2,9.05,9.166666667,9.233333333,9.1,7.183333333,7.666666667,8.433333333
7/17/2007 18:00,7.85,7.666666667,7.466666667,8.066666667,7.133333333,7.266666667,8.05,7.3,7.766666667,8.05
7/17/2007 19:00,7.216666667,7.15,7.45,7.616666667,7.35,7.4,7.766666667,6.916666667,7.033333333,7.566666667
7/17/2007 20:00,10.03333333,9.716666667,9.266666667,10.18333333,9.75,9.9,10.26666667,9.266666667,9.733333333,10.18333333
7/17/2007 21:00,10.31666667,10.18333333,9.633333333,10.75,9.416666667,9.533333333,10.61666667,9.516666667,10.56666667,10.73333333
7/17/2007 22:00,9.433333333,9.333333333,9.05,9.783333333,8.666666667,8.8,9.933333333,8.833333333,9.633333333,9.966666667
7/17/2007 23:00,8.55,8.233333333,7.933333333,9.05,7.683333333,7.816666667,8.583333333,8.166666667,8.45,8.75
7/18/2007 0:00,8.616666667,8.25,8.133333333,8.883333333,7.866666667,7.883333333,8.666666667,7.883333333,8.15,8.666666667
7/18/2007 1:00,9.016666667,8.683333333,8.333333333,9.266666667,8.616666667,8.65,8.95,8.366666667,8.666666667,8.916666667
7/18/2007 2:00,9.583333333,9.233333333,8.7,10.13333333,8.416666667,8.483333333,9.716666667,9.05,9.533333333,9.566666667
7/18/2007 3:00,9.9,9.666666667,9.183333333,10.4,9.166666667,9.066666667,9.95,9.283333333,9.7,10.05
7/18/2007 4:00,9.966666667,9.833333333,9.65,10.55,9.633333333,9.65,10.58333333,9.366666667,9.983333333,10.5
7/18/2007 5:00,9.65,9.516666667,10.16666667,10.3,10.26666667,10.31666667,10.16666667,8.566666667,8.816666667,9.683333333
7/18/2007 6:00,9.666666667,9.466666667,9.983333333,10.16666667,10.18333333,10.43333333,10.11666667,8.566666667,9.25,9.666666667
7/18/2007 7:00,10,9.75,9.866666667,10.46666667,10.55,10.5,10.18333333,8.233333333,8.75,8.766666667
7/18/2007 8:00,9.816666667,9.4,8.483333333,10.06666667,9.966666667,10.28333333,10.06666667,8.3,9.216666667,9.333333333
7/18/2007 9:00,9.166666667,8.95,8.266666667,9.6,9.633333333,9.633333333,9.216666667,7.9,7.983333333,8.016666667
7/18/2007 10:00,9.05,8.533333333,8.95,9.3,9.216666667,9.316666667,8.966666667,7.466666667,7.75,7.95
7/18/2007 11:00,8.833333333,8.466666667,9.016666667,8.916666667,9.333333333,9.2,8.866666667,7.783333333,7.65,7.966666667
7/18/2007 12:00,7.966666667,7.35,8.033333333,8.2,8.016666667,8.183333333,7.833333333,7.033333333,7.2,7.133333333
7/18/2007 13:00,6.916666667,6.65,7.1,7.283333333,7.116666667,7.183333333,6.983333333,6.05,6.25,6.233333333
7/18/2007 14:00,7.283333333,6.916666667,7.316666667,7.433333333,7.116666667,7.15,7.133333333,6.316666667,6.266666667,6.316666667
7/18/2007 15:00,7.75,7.616666667,8.016666667,8.116666667,7.083333333,7.116666667,7.166666667,7.35,7.533333333,7.5
7/18/2007 16:00,8.533333333,8.2,8.683333333,8.716666667,8.683333333,8.716666667,8.583333333,7.316666667,7.583333333,7.516666667
7/18/2007 17:00,9.3,8.866666667,9.433333333,9.716666667,9.666666667,9.566666667,9.35,7.816666667,8.133333333,8.066666667
7/18/2007 18:00,8.233333333,7.85,8.166666667,8.516666667,8.35,8.3,8.133333333,7.05,7.183333333,7.066666667
7/18/2007 19:00,7.5,7.15,7.616666667,7.783333333,7.5,7.616666667,7.75,6.233333333,6.133333333,6.566666667
7/18/2007 20:00,6.233333333,6,6.266666667,6.283333333,6.133333333,6.183333333,6.066666667,5.55,5.45,5.516666667
7/18/2007 21:00,6.95,6.6,6.883333333,6.966666667,6.683333333,6.683333333,6.7,6.05,6,6.183333333
7/18/2007 22:00,6.983333333,6.683333333,7.1,7.216666667,7,6.933333333,6.866666667,6.316666667,6.4,6.483333333
7/18/2007 23:00,6.516666667,6.25,6.75,6.65,6.616666667,6.666666667,6.716666667,5.533333333,5.616666667,5.65
7/19/2007 0:00,6,5.666666667,5.933333333,6.133333333,5.8,5.866666667,5.716666667,5.1,5.333333333,5.133333333
7/19/2007 1:00,5.75,5.35,5.65,6.066666667,5.2,5.133333333,5.133333333,5.6,5.433333333,5.533333333
7/19/2007 2:00,5.866666667,5.533333333,5.883333333,6.25,5.616666667,5.5,5.45,5.483333333,5.5,5.566666667
7/19/2007 3:00,5.583333333,5.3,5.616666667,5.816666667,5.6,5.65,5.65,4.683333333,4.65,4.966666667
7/19/2007 4:00,5,4.716666667,4.933333333,4.85,4.55,4.75,4.516666667,4.6,4.55,4.5
7/19/2007 5:00,3.383333333,3.316666667,3.216666667,3.433333333,3.183333333,3.383333333,3.133333333,3.316666667,3.4,3.316666667
7/19/2007 6:00,2.833333333,2.666666667,2.816666667,2.85,2.716666667,2.866666667,2.75,2.666666667,2.666666667,2.8
7/19/2007 7:00,2.433333333,2.283333333,2.233333333,2.5,2.233333333,2.366666667,2.15,2.316666667,2.216666667,2.333333333
7/19/2007 8:00,1.7,1.65,1.716666667,1.616666667,1.766666667,1.85,1.833333333,1.85,1.933333333,1.833333333
7/19/2007 9:00,1.8,1.666666667,1.783333333,1.616666667,1.65,1.683333333,1.916666667,1.933333333,2.1,1.816666667
7/19/2007 10:00,2.6,2.7,2.683333333,2.75,2.733333333,2.666666667,2.616666667,2.766666667,2.483333333,2.633333333
7/19/2007 11:00,2.633333333,2.6,2.55,2.883333333,2.666666667,2.7,2.533333333,2.666666667,2.4,2.516666667
7/19/2007 12:00,3.35,3.266666667,3.3,3.5,3.283333333,3.5,3.65,3.216666667,3.133333333,3.433333333
7/19/2007 13:00,5.1,4.466666667,4.55,4.933333333,4.783333333,4.633333333,4.566666667,4.966666667,4.683333333,4.65
7/19/2007 14:00,5.116666667,4.783333333,5.1,5.283333333,5.1,5.4,4.966666667,5.3,5.416666667,5.45
7/19/2007 15:00,6.483333333,6.116666667,6.55,6.483333333,6.383333333,6.266666667,6.433333333,6.133333333,6.066666667,6.616666667
7/19/2007 16:00,5.35,5.233333333,5.35,5.5,5.466666667,5.533333333,5.583333333,5.416666667,5.333333333,5.416666667
7/19/2007 17:00,5.733333333,5.35,5.716666667,6.066666667,5.983333333,6.05,5.816666667,6.133333333,5.983333333,6
7/19/2007 18:00,7.15,6.95,7.433333333,7.9,7.783333333,7.833333333,7.55,7.566666667,7.966666667,7.883333333
7/19/2007 19:00,7.75,7.316666667,7.866666667,8.383333333,7.983333333,7.45,7.25,7.783333333,6.716666667,6.983333333
7/19/2007 20:00,7.583333333,7.35,7.85,8.2,7.916666667,7.616666667,7.766666667,7.633333333,7.133333333,7.25
7/19/2007 21:00,7.833333333,7.6,8.166666667,8,7,6.783333333,6.85,7.433333333,6.633333333,6.883333333
7/19/2007 22:00,8.1,7.65,8.016666667,8.366666667,8.166666667,8.183333333,8.083333333,7.8,7.933333333,8.033333333
7/19/2007 23:00,9.366666667,8.633333333,8.833333333,9.783333333,9.683333333,9.533333333,9.15,8.9,9.2,9.066666667
7/20/2007 0:00,8.8,8.116666667,8.683333333,8.95,9.1,9.433333333,9.166666667,8.233333333,8.716666667,9.033333333
7/20/2007 1:00,8.483333333,8.1,8.35,8.683333333,8.9,9.066666667,8.783333333,8.033333333,8.333333333,8.6
7/20/2007 2:00,8.316666667,7.95,8.15,8.833333333,8.9,8.8,8.516666667,8.05,8.516666667,8.416666667
7/20/2007 3:00,8.966666667,8.416666667,8.566666667,10.38333333,10.26666667,10.05,9.35,9.216666667,9.6,9.083333333
7/20/2007 4:00,9.2,9.183333333,9.233333333,10.7,10.56666667,10.55,9.55,9.433333333,9.983333333,9.7
7/20/2007 5:00,10.66666667,10.3,10.56666667,11.33333333,11.4,11.6,10.68333333,10.05,10.83333333,10.83333333
7/20/2007 6:00,11.2,10.68333333,10.9,11.5,11.5,11.75,11,10.21666667,10.81666667,10.88333333
7/20/2007 7:00,11.28333333,10.78333333,11.01666667,11.65,11.86666667,11.81666667,11.2,10.4,11.06666667,11.1
7/20/2007 8:00,12.33333333,11.65,11.91666667,12.63333333,12.93333333,12.83333333,11.96666667,11.3,11.86666667,12
7/20/2007 9:00,11.96666667,10.41666667,10.81666667,12.1,11.3,10.95,11.46666667,9.983333333,10.88333333,11.3
7/20/2007 10:00,11.88333333,11.46666667,11.46666667,11.95,11.26666667,10.86666667,10.86666667,10.93333333,11.31666667,11.45
7/20/2007 11:00,11.68333333,11.23333333,11.96666667,12.03333333,10.95,10.81666667,10.48333333,10.81666667,10.76666667,10.76666667
7/20/2007 12:00,9.483333333,8.85,9.166666667,10.43333333,9.833333333,10.16666667,9.766666667,9.25,9.833333333,10.26666667
7/20/2007 13:00,10.33333333,9.483333333,9.633333333,10.88333333,10.68333333,10.51666667,10.05,9.55,10.23333333,10.05
7/20/2007 14:00,7.883333333,7.75,7.533333333,8.8,9.066666667,8.983333333,8.416666667,8.766666667,9.016666667,8.916666667
7/20/2007 15:00,7.866666667,7.616666667,7.766666667,8.983333333,9.216666667,9.466666667,8.816666667,8.833333333,9.416666667,9.45
7/20/2007 16:00,4.716666667,4.016666667,4.916666667,6.166666667,6.466666667,6.416666667,6.416666667,6.616666667,7.3,6.883333333
7/20/2007 17:00,5.15,5.35,6.4,6.7,5.483333333,5.133333333,5.2,7.516666667,7.6,6.75
7/20/2007 18:00,7.383333333,6.1,6.033333333,7.983333333,7.766666667,7.033333333,5.916666667,7.383333333,7.7,7.083333333
7/20/2007 19:00,10.6,10.26666667,11.15,10.81666667,10.5,10.46666667,10.25,8.733333333,9,8.766666667
7/20/2007 20:00,13.53333333,12.81666667,13.25,13.65,13.81666667,13.71666667,13.38333333,11.11666667,12.31666667,12.01666667
7/20/2007 21:00,14.76666667,14.61666667,14.76666667,14.9,14.96666667,14.68333333,14.05,12,13.28333333,12.88333333
7/20/2007 22:00,15.98333333,15.33333333,15.96666667,16.06666667,16.61666667,16.25,15.15,14.23333333,15.43333333,14.86666667
7/20/2007 23:00,14.98333333,14.9,15.35,15.38333333,15.56666667,15.5,14.78333333,13.58333333,14.9,14.36666667
7/21/2007 0:00,16.15,15.65,15.81666667,16.08333333,16.45,15.93333333,15.45,14.61666667,15.51666667,15.1
7/21/2007 1:00,14.55,14.43333333,14.8,14.81666667,15.15,14.73333333,14.26666667,13.58333333,14.28333333,13.78333333
7/21/2007 2:00,13.01666667,13.15,13.85,13.4,13.75,13.85,13.23333333,11.68333333,12.48333333,12.23333333
7/21/2007 3:00,12.3,12.43333333,12.93333333,12.81666667,13.06666667,13.1,12.38333333,10.76666667,11.68333333,11.43333333
7/21/2007 4:00,12.06666667,12.18333333,12.83333333,12.88333333,12.86666667,12.88333333,12.4,10.8,11.85,11.45
7/21/2007 5:00,12.28333333,12.13333333,12.83333333,12.73333333,12.6,12.63333333,12.4,11.63333333,12.33333333,12.23333333
7/21/2007 6:00,12.41666667,12.63333333,13.41666667,13.13333333,12.48333333,13.05,12.76666667,12.13333333,12.88333333,13.18333333
7/21/2007 7:00,12.55,12.4,12.93333333,12.83333333,12.45,12.63333333,11.86666667,12.01666667,12.58333333,12.63333333
7/21/2007 8:00,12.45,12.46666667,13.26666667,13.03333333,12.78333333,12.65,11.93333333,12.21666667,12.8,12.61666667
7/21/2007 9:00,12.63333333,12.66666667,13.11666667,12.9,12.55,12.45,11.6,12.05,12.78333333,12.66666667
7/21/2007 10:00,12.05,11.86666667,12.8,12.61666667,11.81666667,12.08333333,12.03333333,11.71666667,12.28333333,12.41666667
7/21/2007 11:00,10.13333333,10.21666667,10.96666667,10.81666667,10.31666667,10.28333333,10.3,9.533333333,10.61666667,10.53333333
7/21/2007 12:00,10.03333333,9.966666667,10.56666667,10.56666667,10,9.766666667,9.366666667,9.533333333,10.31666667,10.03333333
7/21/2007 13:00,9.833333333,9.95,10.45,10.2,9.2,9.633333333,9.366666667,9.416666667,10.38333333,10.25
7/21/2007 14:00,8.833333333,8.3,9.383333333,8.85,8.4,8.35,8.216666667,8.3,9.183333333,8.9
7/21/2007 15:00,6.933333333,7.033333333,7.483333333,7.516666667,6.833333333,7.366666667,7.083333333,6.133333333,6.983333333,7.05
7/21/2007 16:00,6.683333333,6.416666667,6.733333333,6.616666667,6.616666667,6.8,6.633333333,5.766666667,6.066666667,5.766666667
7/21/2007 17:00,6.583333333,6.483333333,6.866666667,7.066666667,6.9,6.933333333,6.716666667,6.15,6.433333333,6.083333333
7/21/2007 18:00,6.066666667,5.966666667,6.1,6,6.116666667,6.15,6,5.8,5.666666667,5.633333333
7/21/2007 19:00,5.6,5.5,6,5.583333333,5.533333333,5.683333333,5.9,4.633333333,4.983333333,4.866666667
7/21/2007 20:00,5.466666667,5.15,5.383333333,5.233333333,5.316666667,5.233333333,5.15,4.033333333,4.25,4.016666667
7/21/2007 21:00,3.833333333,3.683333333,4.066666667,3.766666667,3.683333333,3.983333333,3.983333333,3.383333333,3.833333333,3.7
7/21/2007 22:00,3.283333333,3.2,3.333333333,3.466666667,3.283333333,3.466666667,3.416666667,3.083333333,3.266666667,3.216666667
7/21/2007 23:00,3.966666667,3.883333333,4.1,4.15,3.85,4.016666667,4.083333333,3.85,4.133333333,3.9
7/22/2007 0:00,4.266666667,4.266666667,4.2,4.35,3.95,4.35,3.9,3.716666667,4.083333333,4.133333333
7/22/2007 1:00,5.7,5.35,5.8,5.816666667,5.35,5.333333333,5.266666667,5.383333333,5.516666667,5.45
7/22/2007 2:00,7.516666667,7.3,7.883333333,7.733333333,7.35,7.733333333,7.416666667,6.533333333,7.033333333,6.933333333
7/22/2007 3:00,6.233333333,5.9,6.283333333,6.4,6.016666667,6.05,5.983333333,5.883333333,6.033333333,5.733333333
7/22/2007 4:00,6.383333333,5.983333333,6.483333333,6.516666667,6.366666667,6.483333333,6.5,5.733333333,5.983333333,5.95
7/22/2007 5:00,6.316666667,6.05,6.316666667,6.416666667,6.233333333,6.416666667,6.266666667,5.933333333,6.233333333,6.1
7/22/2007 6:00,5.033333333,4.65,5.083333333,5.083333333,4.583333333,4.766666667,4.883333333,4.783333333,4.833333333,4.65
7/22/2007 7:00,7.433333333,6.516666667,7.316666667,7.216666667,7.466666667,7.533333333,6.916666667,6.883333333,7.333333333,5.983333333
7/22/2007 8:00,7.166666667,6.866666667,7.316666667,7.366666667,7.366666667,7.233333333,6.983333333,6.55,6.866666667,6.616666667
7/22/2007 9:00,6.716666667,6.116666667,6.483333333,6.816666667,6.683333333,6.366666667,6.05,6.166666667,6.4,5.85
7/22/2007 10:00,8.683333333,8.183333333,8.816666667,8.766666667,8.5,8.516666667,8.316666667,7.733333333,8.016666667,7.833333333
7/22/2007 11:00,8.583333333,8.4,8.766666667,8.316666667,8.416666667,8.466666667,8.416666667,7.783333333,8.383333333,8.266666667
7/22/2007 12:00,8.95,8.666666667,9.083333333,9.083333333,9.083333333,9.116666667,8.983333333,7.783333333,8.3,8.25
7/22/2007 13:00,9.516666667,9.266666667,9.916666667,9.883333333,9.766666667,9.883333333,9.666666667,7.9,8.566666667,8.4
7/22/2007 14:00,9.616666667,9.033333333,9.5,9.016666667,9.033333333,8.716666667,8.666666667,8.8,9.466666667,9.216666667
7/22/2007 15:00,7.783333333,7.55,7.9,7.816666667,7.916666667,7.6,7.883333333,7,7.266666667,7.483333333
7/22/2007 16:00,6.733333333,6.266666667,6.75,6.7,6.7,6.683333333,6.483333333,5.883333333,6.3,6.316666667
7/22/2007 17:00,5.583333333,5.25,5.6,5.5,5.483333333,5.333333333,5.266666667,5.2,5.683333333,5.233333333
7/22/2007 18:00,4.983333333,4.733333333,4.783333333,5,4.666666667,4.65,4.75,4.55,4.833333333,4.516666667
7/22/2007 19:00,4.4,4.15,4.116666667,4.516666667,4.216666667,4.433333333,4.3,4.05,4.133333333,4.016666667
7/22/2007 20:00,3.9,3.683333333,3.616666667,3.966666667,3.683333333,3.783333333,3.75,3.533333333,3.8,3.733333333
7/22/2007 21:00,3.433333333,3.316666667,3.333333333,3.666666667,3.35,3.683333333,3.516666667,3.3,3.416666667,3.483333333
7/22/2007 22:00,3.483333333,3.383333333,3.45,3.7,3.416666667,3.516666667,3.4,3.266666667,3.6,3.383333333
7/22/2007 23:00,3.366666667,3.366666667,3.433333333,3.583333333,3.4,3.533333333,3.483333333,3.366666667,3.483333333,3.666666667
7/23/2007 0:00,3.766666667,3.7,4.166666667,4.066666667,3.75,4.183333333,4.1,3.633333333,3.95,3.833333333
7/23/2007 1:00,4.816666667,4.466666667,4.683333333,4.866666667,4.533333333,4.65,4.483333333,4.35,4.733333333,4.5
7/23/2007 2:00,5.6,5.166666667,5.483333333,5.65,5.45,5.483333333,5.583333333,5.35,5.65,5.516666667
7/23/2007 3:00,5.683333333,4.716666667,4.883333333,5.783333333,5.216666667,5.333333333,5.233333333,5.083333333,4.933333333,4.833333333
7/23/2007 4:00,6.75,5.566666667,5.75,6.6,5.416666667,5.5,5.433333333,5.65,5.133333333,4.766666667
7/23/2007 5:00,6.633333333,5.45,5.716666667,6.383333333,5.666666667,5.75,5.683333333,5.733333333,5.5,5.383333333
7/23/2007 6:00,6.2,5.85,6.066666667,6.433333333,6.233333333,6.316666667,6.183333333,5.983333333,6.366666667,6.1
7/23/2007 7:00,6.483333333,6.1,6.15,6.55,6.416666667,6.5,6.316666667,5.2,6.466666667,6.316666667
7/23/2007 8:00,6.966666667,6.333333333,6.65,6.883333333,6.8,6.883333333,6.833333333,5.483333333,6.9,6.716666667
7/23/2007 9:00,8.083333333,7.516666667,7.983333333,8.2,8.25,8.166666667,7.883333333,6.416666667,7.966666667,7.783333333
7/23/2007 10:00,8.35,7.433333333,7.866666667,8.3,8.283333333,8.366666667,8.083333333,7.7,7.833333333,8.316666667
7/23/2007 11:00,8.833333333,8.433333333,8.95,9.183333333,9.116666667,9.3,9.033333333,8.433333333,7.533333333,8.666666667
7/23/2007 12:00,9.6,9.1,9.5,10.1,10.08333333,9.566666667,9.683333333,8.866666667,8,9.45
7/23/2007 13:00,10.11666667,9.85,10.18333333,10.78333333,10.55,10.71666667,10.68333333,9.65,9.05,10.18333333
7/23/2007 14:00,10.23333333,9.816666667,10.15,10.43333333,10.46666667,9.9,9.8,9.333333333,10.28333333,10.1
7/23/2007 15:00,10.1,10.03333333,10.58333333,10.3,10.48333333,9.283333333,9.183333333,9.433333333,10.43333333,9.033333333
7/23/2007 16:00,11.01666667,10.15,10.91666667,11.33333333,11.56666667,11.18333333,10.85,10.23333333,11.3,11.16666667
7/23/2007 17:00,11.15,10.75,10.98333333,11.45,11.48333333,11.23333333,10.7,10.23333333,11.18333333,10.48333333
7/23/2007 18:00,11.55,11.36666667,11.61666667,11.9,12.28333333,11.86666667,11.31666667,10.71666667,11.8,11.18333333
7/23/2007 19:00,10.53333333,11.03333333,11.41666667,11.2,11.53333333,10.95,10.65,10.26666667,10.85,11
7/23/2007 20:00,10.51666667,10.78333333,11.5,11.23333333,11.83333333,10.85,10.65,10.38333333,10.76666667,9.95
7/23/2007 21:00,10.65,10.83333333,11.25,11.18333333,11.71666667,10.83333333,10.38333333,10.2,10.6,10
7/23/2007 22:00,10.45,10.08333333,10.6,10.76666667,11.35,10.76666667,10.33333333,10,10.53333333,10.41666667
7/23/2007 23:00,10.98333333,10.21666667,10.88333333,11.16666667,11,11.11666667,10.33333333,10.1,10.88333333,10.55
7/24/2007 0:00,10.85,10.26666667,10.88333333,11.06666667,10.73333333,10.65,10.25,9.95,10.73333333,10.45
7/24/2007 1:00,11.8,10.63333333,11.1,12.28333333,11.85,11.43333333,10.81666667,10.95,11.31666667,10.66666667
7/24/2007 2:00,11.5,10.91666667,11.51666667,11.83333333,11.88333333,11.81666667,11.38333333,10.58333333,11.48333333,11.28333333
7/24/2007 3:00,9.516666667,8.866666667,9.216666667,9.766666667,9.55,9.683333333,9.466666667,8.883333333,9.583333333,9.35
7/24/2007 4:00,6.666666667,5.616666667,5.816666667,6.733333333,5.95,6,5.783333333,6.233333333,5.916666667,5.816666667
7/24/2007 5:00,3.416666667,3.266666667,3.266666667,3.766666667,3.4,3.583333333,3.416666667,3.416666667,3.716666667,3.483333333
7/24/2007 6:00,13,13,13.23333333,13.1,13.16666667,13.66666667,13.71666667,13.03333333,13.16666667,13.21666667
7/24/2007 7:00,21.61666667,20.83333333,21.5,21.88333333,21.93333333,21.96666667,20.86666667,20.9,21.55,21.58333333
7/24/2007 8:00,19.21666667,18.5,18.36666667,18.78333333,18.95,19.38333333,18.43333333,17.85,19.03333333,18.9
7/24/2007 9:00,18.18333333,17.58333333,18.1,18.33333333,18.2,18.7,18,17.21666667,17.93333333,17.95
7/24/2007 10:00,16.73333333,16.33333333,16.83333333,16.71666667,16.93333333,16.83333333,16.4,15.31666667,16.65,16.78333333
7/24/2007 11:00,12.95,12.58333333,13.05,13.13333333,13.11666667,13.21666667,13.25,12.11666667,13.15,13.28333333
7/24/2007 12:00,12.2,11.91666667,12.56666667,12.2,12.4,12.46666667,12.13333333,11.25,12.23333333,12.33333333
7/24/2007 13:00,12.83333333,12.66666667,13.2,12.66666667,12.9,12.96666667,12.58333333,11.35,12.48333333,12.15
7/24/2007 14:00,14.56666667,14.4,14.78333333,14.35,14.86666667,14.78333333,14.3,13.3,14.26666667,14.01666667
7/24/2007 15:00,13.33333333,13.38333333,14.16666667,13.51666667,13.68333333,13.83333333,13.51666667,12.4,13.31666667,13.2
7/24/2007 16:00,11.46666667,11.46666667,11.93333333,11.35,11.41666667,11.41666667,11.26666667,10.2,11.21666667,10.96666667
7/24/2007 17:00,10.23333333,9.95,10.8,10.23333333,10.1,10.43333333,9.916666667,9.183333333,9.983333333,9.6
7/24/2007 18:00,9.016666667,8.883333333,9.316666667,9.216666667,9.116666667,9.066666667,8.933333333,8.166666667,8.816666667,8.7
7/24/2007 19:00,8.583333333,8.15,8.85,8.516666667,8.666666667,8.65,8.283333333,7.45,8.583333333,7.733333333
7/24/2007 20:00,7.733333333,7.516666667,7.816666667,7.716666667,7.483333333,7.566666667,7.3,6.833333333,7.583333333,7.05
7/24/2007 21:00,7.45,7.166666667,7.5,7.466666667,7.366666667,7.466666667,7.35,6.716666667,7.15,7.166666667
7/24/2007 22:00,7.65,7.25,7.633333333,7.65,7.783333333,7.666666667,7.616666667,6.416666667,6.833333333,7.35
7/24/2007 23:00,7.35,6.95,7.383333333,7.416666667,7.366666667,7.316666667,7.216666667,6.416666667,6.916666667,7.083333333
7/25/2007 0:00,7.616666667,7.133333333,7.566666667,7.266666667,7.25,7.183333333,7.2,6.75,7.3,7.35
7/25/2007 1:00,6.583333333,6.3,6.7,5.95,5.866666667,5.816666667,5.75,6.366666667,6.9,6.7
7/25/2007 2:00,6.233333333,5.95,6.233333333,5.533333333,5.533333333,5.516666667,5.416666667,5.816666667,6.316666667,6.133333333
7/25/2007 3:00,6.3,5.916666667,6.333333333,6.116666667,5.983333333,6,5.916666667,5.65,5.966666667,5.866666667
7/25/2007 4:00,7.083333333,6.766666667,7.1,7.233333333,7.133333333,7.083333333,6.9,6.316666667,6.683333333,6.55
7/25/2007 5:00,7.683333333,7.216666667,7.716666667,7.733333333,7.666666667,7.666666667,7.383333333,6.583333333,6.983333333,7.116666667
7/25/2007 6:00,7.666666667,7.366666667,7.666666667,7.15,7.083333333,7.133333333,6.866666667,6.8,7.483333333,7.416666667
7/25/2007 7:00,7.683333333,7.433333333,7.733333333,7.283333333,7.116666667,7.15,6.9,6.983333333,7.483333333,7.116666667
7/25/2007 8:00,9.883333333,9.35,9.983333333,10.26666667,10.13333333,10.28333333,9.983333333,8.4,9.316666667,8.916666667
7/25/2007 9:00,9.65,9.483333333,9.983333333,9.883333333,10.2,10.08333333,9.733333333,8.566666667,9.466666667,9.083333333
7/25/2007 10:00,10.13333333,9.883333333,10.43333333,10.5,10.56666667,10.66666667,10.45,8.983333333,9.616666667,9.366666667
7/25/2007 11:00,9.783333333,9.333333333,10,10.05,10.13333333,10.11666667,9.85,8.283333333,8.883333333,8.816666667
7/25/2007 12:00,10.81666667,10.88333333,11.18333333,11.51666667,11.2,11.65,11.03333333,9.583333333,10.43333333,10.31666667
7/25/2007 13:00,12.76666667,12.58333333,13.15,12.98333333,13.3,13.28333333,12.8,11.3,12.28333333,12.2
7/25/2007 14:00,12.68333333,12.35,12.76666667,13,13.1,13.16666667,12.43333333,11.18333333,11.88333333,11.41666667
7/25/2007 15:00,11.81666667,11.71666667,12.48333333,12.38333333,12.45,12.91666667,12.46666667,10.26666667,11.36666667,11.35
7/25/2007 16:00,12.73333333,12.28333333,13.11666667,12.76666667,13.3,13.13333333,12.83333333,11.35,12.15,12.11666667
7/25/2007 17:00,12.15,11.76666667,12.58333333,12.36666667,12.8,12.45,12.35,11,11.96666667,12.06666667
7/25/2007 18:00,14.15,13.68333333,14.55,14.55,14.9,14.58333333,14.16666667,12.56666667,13.58333333,13.63333333
7/25/2007 19:00,13.73333333,13.26666667,14.08333333,13.58333333,14.18333333,14.08333333,13.35,11.8,12.93333333,12.5
7/25/2007 20:00,12.75,12.6,13.15,13.08333333,13.7,13.65,12.8,11.85,12.66666667,12.26666667
7/25/2007 21:00,11.11666667,11.2,11.63333333,11.76666667,12,12.05,11.53333333,10.41666667,11.06666667,10.75
7/25/2007 22:00,12.1,12.01666667,12.78333333,12.5,12.73333333,13.01666667,12.55,10.96666667,12.03333333,11.88333333
7/25/2007 23:00,10.55,10.66666667,11.25,11.15,11.23333333,11.53333333,11.23333333,9.616666667,10.65,10.4
7/26/2007 0:00,10.73333333,10.8,11.51666667,11.38333333,10.83333333,10.9,10.61666667,10.08333333,11.16666667,10.91666667
7/26/2007 1:00,11.05,11.28333333,11.91666667,11.81666667,11.71666667,11.65,11.31666667,10.46666667,11.55,11.21666667
7/26/2007 2:00,11.78333333,11.78333333,12.26666667,12.5,12.6,12.55,11.76666667,11.11666667,12.08333333,11.61666667
7/26/2007 3:00,10.68333333,10.46666667,10.98333333,11.11666667,10.85,10.66666667,10.26666667,9.883333333,10.68333333,10.3
7/26/2007 4:00,11.71666667,11.86666667,12.7,12.18333333,11.95,12.1,11.81666667,10.88333333,12.13333333,11.86666667
7/26/2007 5:00,11.38333333,11.38333333,11.85,11.68333333,12.13333333,11.95,11.51666667,10.25,11.18333333,10.85
7/26/2007 6:00,11.03333333,11.08333333,11.65,11.38333333,11.43333333,11.71666667,11.5,10.06666667,11.15,10.81666667
7/26/2007 7:00,10.06666667,9.95,10.86666667,10.76666667,10.06666667,10.15,10.01666667,9.7,10.56666667,10.11666667
7/26/2007 8:00,10.35,10.4,10.83333333,10.93333333,10.58333333,10.95,10.36666667,10.01666667,10.55,10.4
7/26/2007 9:00,12.41666667,12.38333333,12.98333333,12.73333333,12.83333333,13.01666667,12.4,11.45,12.33333333,12.16666667
7/26/2007 10:00,12.48333333,12.23333333,13.03333333,13.03333333,12.31666667,12.36666667,11.76666667,12.23333333,12.86666667,12.75
7/26/2007 11:00,12.7,12.78333333,13.38333333,13.18333333,12.81666667,12.93333333,12.08333333,12.33333333,12.95,12.8
7/26/2007 12:00,12.53333333,12.58333333,13.38333333,13.21666667,13.15,13.43333333,13.08333333,12.4,12.56666667,12.46666667
7/26/2007 13:00,13.15,13.36666667,13.9,13.73333333,14.15,14.13333333,13.71666667,12.71666667,13.15,13.3
7/26/2007 14:00,12.71666667,12.88333333,13.56666667,13.51666667,13.73333333,13.75,13.23333333,12.38333333,13.23333333,13.11666667
7/26/2007 15:00,11.35,11.61666667,12.26666667,12.1,12.31666667,12.41666667,12.03333333,10.7,11.21666667,10.73333333
7/26/2007 16:00,14.28333333,14.06666667,14.51666667,14.86666667,15.15,14.25,13.7,13.48333333,14.53333333,14.06666667
7/26/2007 17:00,15.7,15.35,15.78333333,16.13333333,16.25,15.88333333,15.3,14.7,15.33333333,15.13333333
7/26/2007 18:00,16.6,15.95,16.8,16.53333333,16.68333333,16.73333333,16.03333333,15.21666667,16.65,16.11666667
7/26/2007 19:00,17.3,17.03333333,17.51666667,17.88333333,18.06666667,18.01666667,16.95,16.01666667,17.36666667,16.95
7/26/2007 20:00,19.33333333,18.75,19.66666667,19.38333333,19.95,20.2,19.2,17.58333333,18.93333333,18.85
7/26/2007 21:00,18.53333333,17.68333333,18.56666667,18.5,18.81666667,18.68333333,17.66666667,16.71666667,17.5,17.53333333
7/26/2007 22:00,17.38333333,16.36666667,17.05,16.86666667,17.75,17.53333333,16.35,15.58333333,16.06666667,15.83333333
7/26/2007 23:00,15.83333333,15.23333333,15.85,15.88333333,16.15,16.03333333,15.23333333,13.98333333,15.13333333,15.05
7/27/2007 0:00,15.41666667,15.31666667,16.21666667,15.46666667,15.86666667,16.05,15.45,14.26666667,15.76666667,15.26666667
7/27/2007 1:00,16,15.76666667,16.35,15.98333333,16.45,16.5,15.7,14.8,15.66666667,15.95
7/27/2007 2:00,16.6,15.85,16.41666667,15.98333333,16.16666667,16.35,15.26666667,15.38333333,15.98333333,16.03333333
7/27/2007 3:00,16.53333333,16.1,16.78333333,15.5,15.75,16.05,15.03333333,15.56666667,17.03333333,16.25
7/27/2007 4:00,16.23333333,15.68333333,16.13333333,15.33333333,15.36666667,15.66666667,14.91666667,15.33333333,16.65,16.05
7/27/2007 5:00,14.93333333,14.93333333,15.61666667,14.9,15.33333333,15.48333333,14.41666667,14.36666667,15.61666667,15.58333333
7/27/2007 6:00,14.83333333,14.5,15.45,13.91666667,14.65,14.66666667,13.66666667,14.13333333,15.18333333,14.73333333
7/27/2007 7:00,14.3,13.73333333,14.68333333,13.11666667,13.25,13.41666667,12.95,13.56666667,14.33333333,14.16666667
7/27/2007 8:00,14.61666667,14.51666667,14.66666667,13.35,13.71666667,13.56666667,13.23333333,13.86666667,14.8,14.9
7/27/2007 9:00,14.31666667,13.91666667,14.7,13.63333333,13.43333333,13.68333333,13.53333333,13.35,14.86666667,14.25
7/27/2007 10:00,14.76666667,14.33333333,14.83333333,14.33333333,14.95,14.33333333,14.23333333,13.43333333,14.5,14.66666667
7/27/2007 11:00,14.53333333,14.21666667,14.66666667,14.2,14.41666667,14.73333333,13.63333333,13.23333333,14.11666667,13.8
7/27/2007 12:00,14.28333333,14.31666667,14.6,14.45,14.71666667,14.7,14.18333333,13.41666667,13.9,13.96666667
7/27/2007 13:00,14.61666667,14.35,14.91666667,14.56666667,14.81666667,15.23333333,14.38333333,13.23333333,14.63333333,14.38333333
7/27/2007 14:00,13.78333333,13.81666667,14.15,13.93333333,14.23333333,14.03333333,13.45,11.86666667,12.65,12.56666667
7/27/2007 15:00,13.23333333,13.13333333,13.61666667,13.6,13.61666667,13.7,13.08333333,12.16666667,12.7,12.55
7/27/2007 16:00,13.45,13.28333333,13.65,13.71666667,14.03333333,13.85,13.4,12.01666667,12.95,12.65
7/27/2007 17:00,14,13.73333333,14.8,14.41666667,14.61666667,14.31666667,14.06666667,13.01666667,13.55,14
7/27/2007 18:00,14.25,14.18333333,14.41666667,14.45,14.93333333,14.78333333,14.11666667,13.06666667,13.83333333,13.3
7/27/2007 19:00,13.96666667,13.71666667,14.06666667,13.83333333,14.36666667,14.5,13.35,12.51666667,13.23333333,12.81666667
7/27/2007 20:00,12.01666667,11.86666667,12.6,12.21666667,12.48333333,12.5,12.01666667,11.03333333,11.76666667,11.56666667
7/27/2007 21:00,12.33333333,12.03333333,12.66666667,12.35,12.41666667,12.68333333,12.15,10.48333333,11.46666667,11.16666667
7/27/2007 22:00,12.53333333,12.43333333,13.25,12.68333333,13.05,13.18333333,12.78333333,10.65,11.41666667,11.18333333
7/27/2007 23:00,11.46666667,11.66666667,12.53333333,12.18333333,12.31666667,12.5,12.1,10.88333333,11.88333333,11.63333333
7/28/2007 0:00,11.23333333,11.16666667,12.08333333,11.7,11.73333333,12.01666667,11.46666667,9.9,10.85,10.55
7/28/2007 1:00,11.35,11.18333333,11.91666667,11.63333333,11.76666667,12.06666667,11.65,10.55,11.08333333,11.01666667
7/28/2007 2:00,9.6,9.516666667,10.41666667,10.06666667,10.1,10.35,10.11666667,8.4,8.916666667,8.9
7/28/2007 3:00,7.766666667,7.666666667,8.566666667,7.916666667,8.033333333,8.4,8.25,7.216666667,7.683333333,7.516666667
7/28/2007 4:00,7.633333333,7.2,8.033333333,7.483333333,7.4,7.383333333,7.35,6.933333333,7.7,7.55
7/28/2007 5:00,7.65,7.216666667,7.933333333,7.7,7.766666667,7.833333333,7.85,6.583333333,7.033333333,7.55
7/28/2007 6:00,7.933333333,7.616666667,8.366666667,7.816666667,7.816666667,8.083333333,7.85,6.866666667,7.866666667,7.516666667
7/28/2007 7:00,7.616666667,7.233333333,7.8,7.433333333,7.6,7.816666667,7.416666667,6.683333333,7.916666667,6.85
7/28/2007 8:00,8.683333333,8.35,9.233333333,8.516666667,8.616666667,8.783333333,8.95,7.9,8.933333333,8.033333333
7/28/2007 9:00,8.833333333,8.733333333,9.5,8.666666667,8.733333333,8.966666667,8.7,8.233333333,8.783333333,8.316666667
7/28/2007 10:00,9.166666667,8.916666667,9.8,9.133333333,9.383333333,9.466666667,9.35,7.95,9.433333333,8.65
7/28/2007 11:00,10.2,10.25,11.1,10.45,10.61666667,11.1,10.6,9.266666667,10.58333333,10.15
7/28/2007 12:00,11.38333333,11.2,11.95,11.4,11.63333333,12.03333333,11.53333333,10.31666667,11.7,11.1
7/28/2007 13:00,10.7,10.81666667,11.43333333,10.73333333,10.58333333,10.8,11.08333333,9.7,11.1,10.08333333
7/28/2007 14:00,9.516666667,9.6,10.35,9.566666667,9.466666667,9.683333333,9.8,8.916666667,9.966666667,9.183333333
7/28/2007 15:00,8.816666667,8.566666667,9.183333333,9.066666667,8.916666667,9,8.8,7.816666667,9.166666667,8.25
7/28/2007 16:00,6.633333333,6.466666667,6.85,6.533333333,6.466666667,6.683333333,6.6,5.966666667,6.516666667,6.683333333
7/28/2007 17:00,5.516666667,5.2,5.6,5.7,5.5,5.766666667,5.7,5.133333333,5.516666667,5.65
7/28/2007 18:00,5.233333333,4.916666667,5.016666667,5.133333333,5.183333333,4.933333333,4.95,4.6,5.2,5.35
7/28/2007 19:00,4.833333333,4.533333333,4.8,4.816666667,4.5,4.583333333,4.583333333,4.133333333,4.533333333,4.783333333
7/28/2007 20:00,4.3,3.866666667,4.216666667,3.916666667,3.6,3.833333333,3.75,3.916666667,4.366666667,4.566666667
7/28/2007 21:00,3.083333333,2.983333333,3.1,3.216666667,3.033333333,3.25,3.2,3.05,3.4,3.25
7/28/2007 22:00,3,2.833333333,2.933333333,3.15,2.883333333,3,2.883333333,2.7,2.95,2.95
7/28/2007 23:00,2.883333333,2.933333333,2.866666667,3.3,3.083333333,3.25,3.133333333,2.85,3.05,3
7/29/2007 0:00,2.966666667,2.816666667,2.816666667,3.116666667,2.916666667,3.133333333,2.95,2.7,3.116666667,2.983333333
7/29/2007 1:00,3.533333333,3.416666667,3.566666667,3.916666667,3.45,3.766666667,3.5,3.133333333,3.316666667,3.183333333
7/29/2007 2:00,4.45,4.366666667,4.433333333,4.533333333,4.3,4.533333333,4.383333333,4.183333333,4.333333333,4.35
7/29/2007 3:00,5.7,5.366666667,5.7,5.6,5.433333333,5.516666667,5.416666667,5.1,5.3,5.183333333
7/29/2007 4:00,4.116666667,3.783333333,3.816666667,3.816666667,3.95,4.116666667,3.65,3.55,3.666666667,4.033333333
7/29/2007 5:00,2.2,2.183333333,2.3,2.1,2.316666667,2.133333333,2.483333333,2.116666667,2.3,2.516666667
7/29/2007 6:00,3.066666667,3.016666667,3.033333333,3.1,2.983333333,3.116666667,2.966666667,3.033333333,3.116666667,2.933333333
7/29/2007 7:00,3.216666667,3.133333333,3.183333333,3.383333333,3.183333333,3.35,3.266666667,3.216666667,3.316666667,3.333333333
7/29/2007 8:00,3.583333333,3.466666667,3.416666667,3.716666667,3.433333333,3.7,3.6,3.366666667,3.5,3.283333333
7/29/2007 9:00,6.016666667,5.766666667,6.033333333,6.166666667,6,6.25,6.35,5.583333333,6.016666667,6.183333333
7/29/2007 10:00,6.766666667,6.433333333,6.833333333,6.733333333,6.533333333,6.6,6.85,6.75,7.2,7.133333333
7/29/2007 11:00,8.316666667,8.016666667,8.483333333,8.116666667,8.2,8.216666667,8.7,7.666666667,8.25,8.483333333
7/29/2007 12:00,8.433333333,8.15,8.433333333,8.766666667,8.783333333,8.816666667,9.066666667,7.916666667,8.4,8.766666667
7/29/2007 13:00,9.066666667,8.633333333,8.9,9.2,9.033333333,9.116666667,9.416666667,8.266666667,9.016666667,9.35
7/29/2007 14:00,10.5,10.33333333,10.78333333,10.55,10.76666667,10.96666667,11.11666667,9.883333333,10.91666667,11.08333333
7/29/2007 15:00,10.3,10.03333333,10.31666667,11.03333333,11.13333333,11.26666667,11.41666667,9.783333333,10.6,10.88333333
7/29/2007 16:00,11.98333333,11.61666667,12.03333333,11.65,11.91666667,11.81666667,11.9,10.65,11.6,12.08333333
7/29/2007 17:00,11.15,10.73333333,11.23333333,11.56666667,11.78333333,11.65,11.35,10.05,10.9,11.03333333
7/29/2007 18:00,10.5,10.26666667,10.86666667,10.85,10.93333333,11.06666667,11.23333333,9.933333333,10.7,11
7/29/2007 19:00,11.15,10.9,11.4,11.15,11.16666667,11.36666667,11.6,10.4,11.38333333,11.6
7/29/2007 20:00,11.28333333,11.13333333,11.53333333,11.88333333,12.11666667,12.36666667,12.43333333,11.18333333,12.23333333,12.36666667
7/29/2007 21:00,11.98333333,11.75,12.36666667,12.41666667,12.51666667,12.65,12.75,11.58333333,12.5,12.8
7/29/2007 22:00,11.08333333,10.8,11.25,11.25,11.28333333,11.46666667,11.78333333,10.33333333,11.15,11.41666667
7/29/2007 23:00,10.93333333,10.7,11,10.75,10.78333333,10.96666667,10.98333333,10.43333333,11.55,11.45
7/30/2007 0:00,11.06666667,10.81666667,11.26666667,11.35,11.56666667,11.66666667,11.48333333,10.06666667,11.08333333,11.15
7/30/2007 1:00,11.83333333,11.6,11.96666667,11.43333333,11.8,11.71666667,11.28333333,10.33333333,11.43333333,11.11666667
7/30/2007 2:00,14.16666667,13.66666667,14.06666667,13.6,13.73333333,13.36666667,12.83333333,11.98333333,13.11666667,12.86666667
7/30/2007 3:00,13.1,12.78333333,13.11666667,12.96666667,13.08333333,13.3,12.31666667,11.71666667,12.73333333,12.2
7/30/2007 4:00,11.83333333,11.78333333,12.3,11.91666667,12.03333333,12.31666667,11.83333333,10.78333333,11.83333333,11.3
7/30/2007 5:00,11.03333333,10.9,11.31666667,11.31666667,11.31666667,11.2,11.11666667,10.26666667,11.4,11.16666667
7/30/2007 6:00,11.23333333,11.03333333,11.46666667,11.65,11.71666667,11.63333333,11.35,10.28333333,11.4,11.23333333
7/30/2007 7:00,12.11666667,11.85,12.48333333,11.9,12.08333333,12.16666667,11.96666667,11.01666667,12.23333333,11.98333333
7/30/2007 8:00,10.76666667,10.5,10.86666667,10.85,10.8,10.9,10.98333333,10.41666667,11.38333333,11.28333333
7/30/2007 9:00,10.63333333,10.4,10.86666667,11.11666667,11.26666667,11.4,11.41666667,10.16666667,11.15,11.16666667
7/30/2007 10:00,11.36666667,11.13333333,11.65,11.7,11.95,12.15,11.88333333,10.6,11.66666667,11.76666667
7/30/2007 11:00,12.18333333,12.18333333,12.73333333,12.3,12.53333333,12.66666667,12.63333333,11.65,12.98333333,12.9
7/30/2007 12:00,12.95,12.51666667,12.96666667,12.8,13.11666667,13.13333333,12.93333333,12,13.15,12.95
7/30/2007 13:00,12.81666667,12.78333333,13.21666667,12.63333333,12.8,12.95,12.63333333,11.58333333,12.88333333,12.83333333
7/30/2007 14:00,12.91666667,12.81666667,13.33333333,12.93333333,13.03333333,13.08333333,12.98333333,11.78333333,13.06666667,12.88333333
7/30/2007 15:00,12.88333333,12.7,13.15,12.55,12.93333333,13.13333333,12.58333333,11.61666667,12.76666667,12.63333333
7/30/2007 16:00,12.73333333,12.56666667,12.78333333,12.65,12.66666667,12.96666667,12.66666667,11.38333333,12.81666667,12.55
7/30/2007 17:00,12.95,12.75,13.23333333,12.88333333,13.08333333,13.05,12.53333333,11.26666667,12.8,12.68333333
7/30/2007 18:00,11.95,11.98333333,12.61666667,11.96666667,12.03333333,12.15,12.15,10.8,12.06666667,11.85
7/30/2007 19:00,10.78333333,10.66666667,11.08333333,11.15,11.08333333,11.28333333,11.16666667,10.01666667,10.93333333,10.98333333
7/30/2007 20:00,9.616666667,9.55,9.966666667,10.05,10.13333333,10.2,10.51666667,9.15,10.01666667,10.16666667
7/30/2007 21:00,9.2,9.15,9.433333333,10.21666667,10.21666667,10.28333333,10.61666667,8.9,9.983333333,10.05
7/30/2007 22:00,9.783333333,9.466666667,9.733333333,10.06666667,10.01666667,9.933333333,10.25,9.116666667,10.03333333,10.1
7/30/2007 23:00,9.466666667,9.366666667,9.833333333,9.616666667,9.666666667,9.783333333,9.9,8.866666667,9.8,9.883333333
7/31/2007 0:00,9.333333333,9.233333333,9.7,9.533333333,9.516666667,9.666666667,9.766666667,8.566666667,9.466666667,9.616666667
7/31/2007 1:00,9.65,9.366666667,9.8,9.366666667,9.35,9.433333333,9.583333333,8.766666667,9.633333333,9.716666667
7/31/2007 2:00,9.383333333,9.25,9.533333333,9.383333333,9.466666667,9.516666667,9.816666667,8.8,9.766666667,9.966666667
7/31/2007 3:00,9.1,9,9.366666667,9.533333333,9.516666667,9.483333333,9.716666667,8.866666667,9.6,9.75
7/31/2007 4:00,8.283333333,7.95,8.166666667,8.566666667,8.666666667,8.716666667,8.966666667,8.033333333,8.85,9.116666667
7/31/2007 5:00,8.466666667,8.35,8.583333333,9,8.916666667,9.016666667,9.266666667,8.166666667,8.983333333,9.166666667
7/31/2007 6:00,8.85,8.616666667,8.983333333,9.133333333,8.583333333,9.3,9.233333333,8.266666667,9.1,9.133333333
7/31/2007 7:00,8.1,7.866666667,8.2,8.183333333,8.2,8.2,8.483333333,7.6,8.316666667,8.5
7/31/2007 8:00,7.166666667,6.883333333,7.333333333,7.533333333,7.416666667,7.466666667,7.666666667,6.883333333,7.333333333,7.55
7/31/2007 9:00,6.883333333,6.616666667,6.833333333,6.983333333,6.816666667,6.9,7.066666667,6.366666667,6.9,7.133333333
7/31/2007 10:00,6.566666667,6.2,6.55,6.216666667,6.05,6.216666667,6.35,5.5,6.133333333,6.15
7/31/2007 11:00,7.483333333,7.183333333,7.483333333,7.366666667,7.416666667,7.4,7.416666667,6.6,7.65,7.566666667
7/31/2007 12:00,6.566666667,6.116666667,6.483333333,6.45,6.45,6.566666667,6.35,5.366666667,6.35,6.333333333
7/31/2007 13:00,6.15,5.716666667,6.083333333,5.816666667,5.883333333,5.9,5.683333333,5.533333333,6.016666667,5.633333333
7/31/2007 14:00,5.9,5.7,5.916666667,5.983333333,5.8,5.833333333,5.816666667,5.566666667,5.666666667,5.766666667
7/31/2007 15:00,6.35,6,6.45,6.466666667,6.416666667,6.566666667,6.416666667,5.816666667,6.033333333,6.166666667
7/31/2007 16:00,6.383333333,6.05,6.466666667,6.283333333,6.2,6.3,6.2,5.883333333,5.983333333,6.25
7/31/2007 17:00,6.1,5.75,6.133333333,5.6,5.5,5.616666667,5.566666667,5.766666667,6.166666667,6.033333333
7/31/2007 18:00,4.933333333,4.683333333,5.05,4.65,4.5,4.6,4.583333333,4.85,4.983333333,4.783333333
7/31/2007 19:00,4.85,4.65,4.95,4.866666667,4.616666667,4.716666667,4.65,4.633333333,4.766666667,4.633333333
7/31/2007 20:00,4.533333333,4.283333333,4.416666667,4.283333333,4.183333333,4.316666667,3.966666667,4.566666667,4.8,4.633333333
7/31/2007 21:00,5.266666667,4.966666667,5.266666667,5.316666667,5.183333333,5.283333333,5.35,5.05,5.083333333,4.916666667
7/31/2007 22:00,4.633333333,4.516666667,4.883333333,4.85,4.783333333,4.85,4.833333333,4.683333333,4.233333333,4.266666667
7/31/2007 23:00,4.35,4.25,4.433333333,4.666666667,4.466666667,4.666666667,4.6,4.45,4.2,4.133333333
8/1/2007 0:00,4.75,4.583333333,4.683333333,4.916666667,4.7,4.733333333,4.8,4.566666667,4.3,4.116666667
8/1/2007 1:00,5.6,5.316666667,5.366666667,5.7,5.3,5.4,5.433333333,5.266666667,5.466666667,5.133333333
8/1/2007 2:00,5.65,5.3,5.55,5.816666667,5.366666667,5.516666667,5.45,5.4,5.616666667,5.383333333
8/1/2007 3:00,6.033333333,5.716666667,6.133333333,6.333333333,6.133333333,6.116666667,6.066666667,5.766666667,5.75,5.666666667
8/1/2007 4:00,6.65,6.283333333,6.733333333,6.816666667,6.55,6.566666667,6.516666667,6.266666667,6.466666667,6.366666667
8/1/2007 5:00,7.216666667,6.916666667,7.383333333,7.483333333,7.35,7.283333333,7.283333333,6.666666667,6.95,6.75
8/1/2007 6:00,7.166666667,6.8,7.166666667,7.516666667,7.2,7.1,6.916666667,6.583333333,7.05,6.783333333
8/1/2007 7:00,7.3,6.966666667,7.15,7.466666667,7.216666667,7.383333333,6.95,6.733333333,7.15,6.783333333
8/1/2007 8:00,6.6,6.216666667,6.483333333,6.833333333,6.55,6.55,6.433333333,6.216666667,6.35,6.216666667
8/1/2007 9:00,5.85,5.483333333,5.816666667,6.05,5.683333333,5.716666667,5.633333333,5.483333333,5.55,5.466666667
8/1/2007 10:00,5.333333333,4.833333333,5.333333333,5.4,5.083333333,5.2,5.15,5.066666667,4.966666667,4.783333333
8/1/2007 11:00,4.25,4.033333333,4.25,4.3,4.083333333,4.316666667,4.166666667,4.333333333,3.966666667,3.85
8/1/2007 12:00,2.783333333,2.866666667,2.966666667,3.066666667,2.9,3.066666667,2.9,2.9,2.833333333,2.833333333
8/1/2007 13:00,2.616666667,2.483333333,2.45,2.683333333,2.65,2.516666667,2.6,2.2,2.666666667,2.8
8/1/2007 14:00,2.666666667,2.466666667,2.633333333,2.566666667,2.5,2.516666667,2.583333333,2.5,2.7,2.616666667
8/1/2007 15:00,2.566666667,2.716666667,2.833333333,2.7,2.633333333,2.7,2.783333333,2.566666667,2.4,2.5
8/1/2007 16:00,2.683333333,2.716666667,2.816666667,2.9,2.8,2.95,2.883333333,2.9,2.766666667,2.783333333
8/1/2007 17:00,3.266666667,3.366666667,3.233333333,3.5,3.283333333,3.5,3.316666667,3.3,3.416666667,3.266666667
8/1/2007 18:00,4.066666667,3.8,3.733333333,3.666666667,3.3,3.633333333,3.783333333,3.266666667,3.3,3.65
8/1/2007 19:00,3.483333333,3.483333333,3.283333333,3.533333333,3.316666667,3.766666667,3.483333333,3.25,3.6,3.883333333
8/1/2007 20:00,3.166666667,3.283333333,3.05,4.183333333,3.416666667,3.833333333,3.716666667,3.6,3.983333333,3.95
8/1/2007 21:00,3.583333333,3.483333333,3.566666667,3.816666667,3.266666667,3.316666667,3.3,3.266666667,3.116666667,3.083333333
8/1/2007 22:00,3.316666667,3.433333333,3.166666667,3.9,3.55,3.7,3.383333333,3.333333333,3.55,3.216666667
8/1/2007 23:00,4.616666667,4.15,4.05,4.933333333,4.55,4.266666667,3.85,4.783333333,4.733333333,4.05
8/2/2007 0:00,4.933333333,3.983333333,3.883333333,5.1,4.833333333,4.8,3.85,4.8,5.066666667,4.7
8/2/2007 1:00,3.916666667,3.766666667,3.333333333,4.983333333,4.733333333,4.433333333,3.916666667,4.65,4.866666667,4.1
8/2/2007 2:00,4.2,3.833333333,3.7,4.566666667,4.55,4.05,3.766666667,4.45,4.716666667,3.866666667
8/2/2007 3:00,2.95,2.883333333,2.733333333,3.5,3.35,3.016666667,2.833333333,3.25,3.25,2.983333333
8/2/2007 4:00,2.666666667,2.566666667,2.5,2.816666667,2.65,2.616666667,2.566666667,2.616666667,2.633333333,2.666666667
8/2/2007 5:00,2.516666667,2.85,2.783333333,2.666666667,2.55,2.733333333,2.783333333,2.566666667,2.75,2.65
8/2/2007 6:00,3.183333333,3.133333333,3.133333333,3.366666667,3.183333333,3.283333333,3.25,3.083333333,3.3,2.983333333
8/2/2007 7:00,4.566666667,4.433333333,4.666666667,4.583333333,4.366666667,4.683333333,4.633333333,4.3,4.6,4.483333333
8/2/2007 8:00,5.716666667,5.183333333,5.416666667,5.733333333,5.35,5.533333333,5.55,5.116666667,5.716666667,5.483333333
8/2/2007 9:00,6.116666667,6.166666667,6.583333333,6.316666667,6.316666667,6.533333333,6.216666667,5.366666667,6.1,6.133333333
8/2/2007 10:00,5.45,5.183333333,5.65,6,5.733333333,5.583333333,5.816666667,4.65,5.466666667,5.5
8/2/2007 11:00,5.783333333,5.566666667,5.716666667,5.95,5.8,5.866666667,6.033333333,4.783333333,5.85,6
8/2/2007 12:00,4.983333333,4.883333333,5.05,5.433333333,5.25,5.283333333,5.583333333,4.3,5.516666667,5.816666667
8/2/2007 13:00,7.183333333,6.8,6.966666667,7.133333333,6.95,7.083333333,7.3,5.666666667,7.316666667,7.516666667
8/2/2007 14:00,7.433333333,7.133333333,7.316666667,7.566666667,7.583333333,7.55,8.033333333,6.883333333,7.266666667,7.616666667
8/2/2007 15:00,7.883333333,7.483333333,7.8,7.683333333,7.8,7.766666667,8.066666667,7.25,7.683333333,7.883333333
8/2/2007 16:00,6.116666667,5.983333333,6.15,6.65,6.466666667,6.483333333,6.75,6.183333333,6.433333333,6.8
8/2/2007 17:00,6.5,6.316666667,6.466666667,6.516666667,6.483333333,6.666666667,6.966666667,6.333333333,6.566666667,6.833333333
8/2/2007 18:00,6.433333333,6.233333333,6.316666667,6.45,6.233333333,6.316666667,6.566666667,6.066666667,6.416666667,6.683333333
8/2/2007 19:00,6.6,6.766666667,6.816666667,6.9,6.833333333,6.966666667,7.066666667,6.383333333,6.883333333,6.983333333
8/2/2007 20:00,6.233333333,6.05,6.333333333,6.566666667,6.35,6.283333333,6.633333333,6.216666667,6.566666667,6.733333333
8/2/2007 21:00,6.1,5.816666667,5.966666667,6.1,5.866666667,6.05,6.433333333,5.683333333,5.966666667,6.366666667
8/2/2007 22:00,5.633333333,5.4,5.45,5.516666667,5.266666667,5.333333333,5.566666667,5.2,5.416666667,5.633333333
8/2/2007 23:00,4.866666667,4.733333333,4.8,4.9,4.55,4.766666667,5.183333333,4.916666667,5.283333333,5.2
8/3/2007 0:00,5.5,5.333333333,5.666666667,5.566666667,5.466666667,5.7,5.683333333,5.316666667,5.6,5.566666667
8/3/2007 1:00,6.7,6.366666667,6.6,6.616666667,6.483333333,6.45,6.3,6.066666667,6.433333333,6.383333333
8/3/2007 2:00,6.266666667,6.066666667,6.166666667,6.233333333,6.033333333,6.15,6.4,6.016666667,6.45,6.566666667
8/3/2007 3:00,4.65,4.433333333,4.583333333,4.9,4.666666667,4.7,4.966666667,4.666666667,4.95,5.1
8/3/2007 4:00,5.383333333,5,4.95,5.266666667,4.95,5.15,5.383333333,4.916666667,5.233333333,5.433333333
8/3/2007 5:00,5.633333333,5.383333333,5.716666667,5.566666667,5.316666667,5.45,5.433333333,5.183333333,5.566666667,5.483333333
8/3/2007 6:00,4.95,4.633333333,4.666666667,4.65,4.533333333,4.85,4.533333333,4.483333333,4.433333333,4.316666667
8/3/2007 7:00,4.566666667,4.65,4.766666667,4.733333333,4.333333333,4.683333333,4.55,4.366666667,4.583333333,4.35
8/3/2007 8:00,3.533333333,3.616666667,3.55,3.766666667,3.483333333,3.616666667,3.566666667,3.516666667,3.616666667,3.466666667
8/3/2007 9:00,3.816666667,3.95,3.933333333,3.95,3.816666667,3.983333333,3.9,3.9,3.933333333,3.783333333
8/3/2007 10:00,5.616666667,5.433333333,5.666666667,5.633333333,5.533333333,5.533333333,5.55,4.75,4.816666667,4.383333333
8/3/2007 11:00,6.633333333,6.7,6.7,6.683333333,6.75,6.733333333,6.566666667,5.616666667,6.266666667,5.183333333
8/3/2007 12:00,7.5,7.266666667,7.45,7.583333333,7.666666667,7.55,7.383333333,6.5,6.6,5.583333333
8/3/2007 13:00,7.433333333,7.3,7.466666667,7.783333333,7.533333333,7.616666667,7.416666667,6.4,6.966666667,6.1
8/3/2007 14:00,6.95,6.766666667,6.883333333,7.05,6.933333333,6.966666667,6.9,5.85,6.183333333,5.916666667
8/3/2007 15:00,6.6,6.366666667,6.783333333,6.783333333,6.683333333,6.783333333,6.583333333,5.783333333,6.2,6.066666667
8/3/2007 16:00,7.5,7.266666667,7.466666667,7.566666667,7.566666667,7.566666667,7.416666667,6.5,6.65,6.416666667
8/3/2007 17:00,7.266666667,7.133333333,7.466666667,7.5,7.483333333,7.433333333,7.35,6.283333333,6.65,6.533333333
8/3/2007 18:00,6.95,6.833333333,7.033333333,7.283333333,7.066666667,7.083333333,6.933333333,6.166666667,6.466666667,6.4
8/3/2007 19:00,5.766666667,5.55,5.783333333,5.983333333,5.483333333,5.566666667,5.516666667,5.483333333,5.783333333,5.533333333
8/3/2007 20:00,5.65,5.466666667,5.6,5.716666667,5.016666667,5.133333333,5.05,5.233333333,5.483333333,5.45
8/3/2007 21:00,6,5.733333333,6.05,6.1,5.716666667,5.85,5.816666667,5.333333333,5.366666667,5.283333333
8/3/2007 22:00,7.283333333,7.1,7.35,7.333333333,7.3,7.383333333,7.266666667,6.433333333,6.45,6.333333333
8/3/2007 23:00,8.066666667,7.833333333,8.183333333,8.1,8.066666667,8.016666667,7.9,7.3,7.416666667,7.316666667
8/4/2007 0:00,8.516666667,8.283333333,8.766666667,8.7,8.533333333,8.533333333,8.533333333,7.783333333,8.033333333,7.766666667
8/4/2007 1:00,9.183333333,8.95,9.35,9.616666667,8.55,8.766666667,8.333333333,8.716666667,9.316666667,8.866666667
8/4/2007 2:00,9.45,9.25,9.8,9.783333333,9.566666667,9.5,9.1,8.8,9.25,9.15
8/4/2007 3:00,10.4,10.2,10.8,10.75,10.51666667,10.63333333,10.2,9.783333333,10.36666667,10.23333333
8/4/2007 4:00,10.31666667,10.01666667,10.7,10.78333333,9.75,9.733333333,9.266666667,9.7,10.5,10.21666667
8/4/2007 5:00,10.53333333,10.26666667,11.01666667,11.01666667,10.58333333,10.63333333,10.63333333,9.666666667,10.65,10.38333333
8/4/2007 6:00,11.2,10.78333333,11.71666667,11.63333333,11.63333333,11.71666667,11.4,9.716666667,10.51666667,10.26666667
8/4/2007 7:00,11.26666667,10.9,11.81666667,11.65,11.48333333,11.75,11.51666667,9.766666667,10.63333333,10.46666667
8/4/2007 8:00,11.11666667,10.88333333,11.33333333,11.58333333,10.71666667,11.66666667,11.46666667,10.46666667,10.05,9.9
8/4/2007 9:00,10.4,10.13333333,10.7,10.91666667,9.85,10.8,10.76666667,9.883333333,9.15,9.116666667
8/4/2007 10:00,10.3,9.766666667,10.6,10.75,9.95,10.71666667,10.45,8.583333333,8.716666667,8.683333333
8/4/2007 11:00,9.95,9.583333333,10.11666667,10.23333333,10.33333333,10.26666667,10.06666667,8.433333333,9.083333333,8.9
8/4/2007 12:00,10.21666667,9.983333333,10.58333333,10.71666667,10.18333333,10.15,9.966666667,9.166666667,10.23333333,9.933333333
8/4/2007 13:00,9.516666667,9.283333333,10.03333333,9.75,9.133333333,9.5,9.316666667,8.4,9.083333333,9.016666667
8/4/2007 14:00,8.233333333,8.183333333,8.683333333,8.1,6.883333333,7.216666667,7.25,7.4,8.2,8.1
8/4/2007 15:00,7.133333333,7.066666667,7.45,7.683333333,6.916666667,7.066666667,6.85,7.1,7.633333333,7.35
8/4/2007 16:00,7.466666667,7.483333333,7.833333333,7.233333333,6.283333333,6.633333333,6.466666667,6.3,6.633333333,6.966666667
8/4/2007 17:00,6.766666667,6.783333333,7.1,7.083333333,6.433333333,6.616666667,6.55,6.4,6.816666667,6.65
8/4/2007 18:00,7.266666667,6.9,7.033333333,7.616666667,7.616666667,7.433333333,7.166666667,6.116666667,6.516666667,6.45
8/4/2007 19:00,8.333333333,8.1,8.5,8.6,8.716666667,8.566666667,8.35,6.483333333,6.866666667,6.45
8/4/2007 20:00,7.933333333,7.716666667,8.3,7.416666667,7.883333333,8.083333333,8.216666667,5.383333333,5.666666667,5.65
8/4/2007 21:00,5.6,5.7,6.1,5.5,5.216666667,5.3,5.45,4.666666667,4.966666667,4.866666667
8/4/2007 22:00,4.583333333,4.466666667,4.666666667,4.733333333,4.35,4.483333333,4.366666667,4.183333333,4.3,3.95
8/4/2007 23:00,3.783333333,3.85,3.816666667,4.066666667,3.816666667,3.85,3.616666667,3.133333333,3.483333333,3.316666667
8/5/2007 0:00,3.866666667,3.633333333,3.85,4.116666667,3.816666667,3.983333333,3.9,3.833333333,4.1,4.033333333
8/5/2007 1:00,6.233333333,6.066666667,6.216666667,6.583333333,6.45,6.35,6.216666667,6.033333333,6.3,6.2
8/5/2007 2:00,9.533333333,9.4,9.666666667,9.75,9.683333333,9.466666667,8.75,7.933333333,8.466666667,8.5
8/5/2007 3:00,10.66666667,10.48333333,10.56666667,11.11666667,11.33333333,11.05,10.06666667,9.283333333,10,9.316666667
8/5/2007 4:00,10.35,10.2,9.366666667,11.08333333,11.36666667,10.9,9.75,9.95,10.75,9.4
8/5/2007 5:00,10.13333333,10,9.283333333,11.13333333,11.2,10.76666667,9.866666667,9.733333333,10.41666667,9.266666667
8/5/2007 6:00,9.75,9.6,8.783333333,10.31666667,10.6,10.23333333,9.9,8.25,8.916666667,8.35
8/5/2007 7:00,8.583333333,8.416666667,7.716666667,8.566666667,8.616666667,8.316666667,8.166666667,7.166666667,7.833333333,7.683333333
8/5/2007 8:00,7.333333333,6.766666667,6.583333333,7.316666667,6.75,6.85,6.766666667,6.75,6.416666667,6.316666667
8/5/2007 9:00,6.683333333,6.3,6.016666667,6.75,6.116666667,6.15,6.083333333,6.3,5.983333333,5.766666667
8/5/2007 10:00,7,6.883333333,6.966666667,7.233333333,7.266666667,7.15,7.183333333,6.683333333,7.166666667,7.033333333
8/5/2007 11:00,6.933333333,6.766666667,7,6.95,6.75,6.783333333,6.75,6.433333333,6.683333333,6.633333333
8/5/2007 12:00,8.5,8.15,8.416666667,8.7,8.083333333,8,7.85,7.633333333,7.5,7.183333333
8/5/2007 13:00,9.15,7.9,8.166666667,10.13333333,8.25,8.283333333,7.883333333,9.216666667,7.933333333,7.816666667
8/5/2007 14:00,10.26666667,8.3,8.816666667,11.2,9.266666667,9.316666667,9.05,10.21666667,8.8,8.783333333
8/5/2007 15:00,10.68333333,10.15,9.066666667,11.48333333,9.733333333,10,9.616666667,10.38333333,9.033333333,8.716666667
8/5/2007 16:00,11.43333333,11.73333333,9.55,11.95,9.7,9.7,9.233333333,11.36666667,9.616666667,9.7
8/5/2007 17:00,12,8.916666667,9.066666667,11.95,9.816666667,9.933333333,9.566666667,11.21666667,9.466666667,9.533333333
8/5/2007 18:00,10.75,10.38333333,8.333333333,11.63333333,9.883333333,10.01666667,9.85,10.05,9.416666667,9.3
8/5/2007 19:00,9.55,10.2,7.516666667,10.75,7.883333333,8.183333333,7.7,9.833333333,7.25,7.783333333
8/5/2007 20:00,9.866666667,10.53333333,10.35,10.8,10.43333333,10.28333333,9.983333333,9.083333333,9.216666667,9.083333333
8/5/2007 21:00,10.53333333,11.06666667,10.51666667,11.36666667,11.46666667,11.48333333,11.1,10.08333333,10.95,10.51666667
8/5/2007 22:00,11.63333333,12.21666667,8.8,11.85,9.566666667,9.333333333,9.283333333,10.48333333,9.133333333,9.083333333
8/5/2007 23:00,11.55,12.35,10.1,12.7,10.55,9.833333333,9.416666667,10.53333333,8.783333333,8.166666667
8/6/2007 0:00,11.23333333,11.85,11.38333333,12.36666667,12.13333333,11.8,10.78333333,10.61666667,10.46666667,8.85
8/6/2007 1:00,11.56666667,11.93333333,12.4,12.35,12.9,12.85,12.08333333,10.91666667,11.7,10.86666667
8/6/2007 2:00,11.8,12.15,12.83333333,12.6,13.06666667,13.11666667,12.51666667,11.56666667,12.41666667,11.73333333
8/6/2007 3:00,10.9,11.41666667,11.95,11.66666667,12.11666667,12.05,11.86666667,10.68333333,11.6,11
8/6/2007 4:00,10.08333333,10.31666667,10.91666667,10.55,11.01666667,10.95,10.75,9.316666667,10.3,10.06666667
8/6/2007 5:00,9.95,9.75,10.1,10,10.46666667,10.6,10.31666667,9.1,10.16666667,9.916666667
8/6/2007 6:00,9.416666667,9.116666667,9.783333333,9.483333333,9.85,9.8,9.416666667,8.5,9.5,9.15
8/6/2007 7:00,9.25,8.95,9.6,8.75,9.65,9.6,9.2,8.2,9.45,8.8
8/6/2007 9:00,8.85,8.55,8.975,5.9,8.975,8.275,8.275,8.275,8.625,8.25
8/6/2007 10:00,6.95,6.683333333,7.066666667,6.85,6.783333333,6.883333333,6.833333333,6.55,7.05,6.8
8/6/2007 11:00,5.1,4.983333333,5.133333333,4.916666667,4.733333333,4.883333333,4.783333333,4.183333333,4.5,4.383333333
8/6/2007 12:00,6.35,5.95,6.133333333,6.45,6.166666667,6.183333333,6.05,5.733333333,5.516666667,5.9
8/6/2007 13:00,4.7,4.4,4.633333333,4.5,4.233333333,4.35,4.083333333,4.183333333,4.333333333,4.183333333
8/6/2007 14:00,5.9,5.433333333,5.816666667,5.916666667,5.483333333,5.766666667,5.666666667,5.483333333,5.183333333,4.9
8/6/2007 15:00,7.083333333,6.816666667,7.166666667,7,6.95,7.7,6.983333333,6.75,7.2,6.55
8/6/2007 16:00,6.3,5.433333333,6.8,6.366666667,7.566666667,7.75,6.45,6.633333333,5.8,7.75
8/6/2007 17:00,4.083333333,4.116666667,6.1,5.766666667,6.116666667,6.383333333,5.516666667,7.8,5.8,6.383333333
8/6/2007 18:00,4.033333333,4.05,3.95,4.016666667,3.916666667,3.983333333,3.45,3.416666667,3.75,3.483333333
8/6/2007 19:00,3.25,3.35,3.316666667,3.6,3.283333333,3.45,3.133333333,3.016666667,3.116666667,2.933333333
8/6/2007 20:00,3.1,3.1,3.016666667,3.266666667,2.983333333,3.1,2.9,2.7,2.75,2.65
8/6/2007 21:00,2.166666667,2.033333333,1.966666667,2.083333333,1.95,1.95,1.933333333,1.966666667,1.983333333,2.066666667
8/6/2007 22:00,1.05,1.066666667,1.05,1.066666667,0.966666667,1.016666667,1.066666667,1.1,1.1,1.116666667
8/6/2007 23:00,0.966666667,1.033333333,0.9,1,0.95,1,0.95,1,0.95,0.916666667
8/7/2007 0:00,1.933333333,2.066666667,1.833333333,2.033333333,1.933333333,2.016666667,1.8,1.883333333,1.783333333,1.8
8/7/2007 1:00,1.933333333,2.183333333,2.05,2,2.283333333,2.316666667,2.016666667,1.95,2.016666667,2.016666667
8/7/2007 2:00,1.766666667,1.866666667,1.733333333,1.733333333,1.8,1.9,1.75,1.683333333,1.783333333,1.816666667
8/7/2007 3:00,1.583333333,1.716666667,1.533333333,1.6,1.616666667,1.783333333,1.683333333,1.666666667,1.716666667,1.716666667
8/7/2007 4:00,1.45,1.533333333,1.433333333,1.466666667,1.416666667,1.516666667,1.4,1.383333333,1.416666667,1.533333333
8/7/2007 5:00,1.416666667,1.466666667,1.3,1.416666667,1.483333333,1.466666667,1.333333333,1.516666667,1.516666667,1.45
8/7/2007 6:00,1.75,1.05,1.616666667,1.583333333,1.25,1.4,1.5,1.666666667,1.516666667,1.5
8/7/2007 7:00,2.566666667,2.066666667,2.3,2.2,1.966666667,2.133333333,2.283333333,2.45,2.383333333,2.566666667
8/7/2007 8:00,2.15,1.816666667,2.033333333,1.9,1.85,1.8,2.133333333,2.116666667,2.183333333,2.066666667
8/7/2007 9:00,2.4,2.033333333,2.266666667,2.1,1.866666667,2.033333333,2.3,2.166666667,2.216666667,2.333333333
8/7/2007 10:00,2.366666667,2.016666667,2.2,1.933333333,1.85,1.85,2.3,2.183333333,2.116666667,2.05
8/7/2007 11:00,2.616666667,2.383333333,2.466666667,2.416666667,2.383333333,2.35,2.466666667,2.566666667,2.616666667,2.55
8/7/2007 12:00,3.133333333,3.233333333,3.133333333,3.433333333,3.35,3.466666667,3.2,3.183333333,3.333333333,3.2
8/7/2007 13:00,3.6,3.666666667,3.65,3.833333333,3.666666667,3.833333333,3.683333333,4.133333333,4.416666667,4.083333333
8/7/2007 14:00,5.483333333,5.283333333,5.583333333,5.566666667,5.483333333,5.583333333,5.516666667,5.666666667,5.9,5.583333333
8/7/2007 15:00,6.383333333,6.583333333,6.6,7.133333333,6.95,6.816666667,6.683333333,6.833333333,7.116666667,6.933333333
8/7/2007 16:00,6.883333333,6.8,6.75,6.85,6.566666667,7.066666667,6.916666667,6.483333333,7.483333333,7
8/7/2007 17:00,6.166666667,5.783333333,6.466666667,6.483333333,6.5,6.35,6.183333333,6.016666667,6.316666667,6.333333333
8/7/2007 18:00,6.316666667,6.283333333,7.033333333,7.066666667,7.316666667,7.233333333,6.483333333,6.583333333,7.166666667,6.65
8/7/2007 19:00,6.616666667,6.3,7.433333333,7.5,7.7,7.516666667,6.716666667,7.083333333,7.633333333,7.05
8/7/2007 20:00,7.25,7,7.216666667,6.866666667,6.9,6.833333333,7.516666667,6.366666667,6.916666667,7.5
8/7/2007 21:00,6.033333333,5.833333333,6.083333333,6.966666667,6.483333333,6.566666667,6.683333333,6.416666667,6.8,6.616666667
8/7/2007 22:00,5.466666667,5.266666667,5.583333333,6.133333333,5.583333333,5.866666667,5.983333333,5.683333333,6.083333333,5.95
8/7/2007 23:00,5.05,4.816666667,5.033333333,5.466666667,5.216666667,5.316666667,5.233333333,5.1,5.55,5.283333333
8/8/2007 0:00,5.583333333,5.35,5.3,5.683333333,5.483333333,5.9,5.55,5.35,6,5.816666667
8/8/2007 1:00,6.383333333,6.083333333,6.466666667,6.733333333,6.866666667,7.05,6.516666667,6.5,7.283333333,6.7
8/8/2007 2:00,8.033333333,8.183333333,8.3,8.316666667,8.3,8.4,8.3,7.933333333,8.783333333,8.533333333
8/8/2007 3:00,8.05,7.9,7.883333333,8.283333333,8.05,8.683333333,8.233333333,7.916666667,8.883333333,8.35
8/8/2007 4:00,8.85,8.633333333,8.683333333,9.116666667,8.983333333,9.233333333,9.066666667,8.383333333,9.433333333,9.183333333
8/8/2007 5:00,9.533333333,9.2,9.25,9.783333333,9.416666667,10,9.416666667,8.983333333,10.03333333,9.366666667
8/8/2007 6:00,9.55,9.133333333,9.366666667,9.6,9.633333333,10.08333333,9.3,8.883333333,10.03333333,9.266666667
8/8/2007 7:00,10.05,9.616666667,9.75,10.13333333,9.933333333,10.3,9.183333333,9.233333333,10.46666667,9.983333333
8/8/2007 8:00,9.25,8.833333333,8.916666667,9,8.933333333,9.316666667,8.433333333,8.383333333,9.35,9
8/8/2007 9:00,8.183333333,7.95,8.116666667,8.25,8.316666667,8.366666667,8.15,7.716666667,8.466666667,8.183333333
8/8/2007 10:00,8.366666667,8.116666667,8.3,8.516666667,8.416666667,8.883333333,8.566666667,8.033333333,8.683333333,8.516666667
8/8/2007 11:00,7.933333333,7.7,7.266666667,7.85,7.733333333,8.083333333,7.833333333,7.5,8.166666667,7.733333333
8/8/2007 12:00,8.016666667,7.75,7.383333333,8.083333333,8.15,8.05,7.916666667,7.733333333,8.266666667,8.066666667
8/8/2007 13:00,7.966666667,7.783333333,6.983333333,8.133333333,8.283333333,8.183333333,7.833333333,7.6,8.083333333,7.766666667
8/8/2007 14:00,7.716666667,7.566666667,7.383333333,8.066666667,7.916666667,8.183333333,7.833333333,7.816666667,8.133333333,7.95
8/8/2007 15:00,8.616666667,8.466666667,8.55,8.833333333,9.066666667,8.5,8.566666667,8.266666667,8.883333333,8.616666667
8/8/2007 16:00,10.21666667,9.783333333,10.18333333,10.46666667,10.51666667,10.15,9.983333333,9.55,10.3,9.966666667
8/8/2007 17:00,9.3,9.266666667,9.7,9.75,9.583333333,9.8,9.283333333,9.133333333,9.866666667,9.616666667
8/8/2007 18:00,8.45,8.083333333,8.383333333,8.616666667,8.416666667,8.8,8.266666667,7.966666667,8.65,8.6
8/8/2007 19:00,7.666666667,7.283333333,7.75,7.983333333,7.9,7.766666667,7.616666667,7.583333333,7.966666667,7.633333333
8/8/2007 20:00,8.466666667,8.15,8.55,8.6,8.683333333,8.666666667,8.433333333,8.416666667,8.766666667,8.466666667
8/8/2007 21:00,10.01666667,9.716666667,10.01666667,10.21666667,10.11666667,10.25,10.03333333,9.383333333,10.31666667,10.21666667
8/8/2007 22:00,10.21666667,9.983333333,10.11666667,10.38333333,10.4,10.8,10.33333333,9.683333333,10.75,10.26666667
8/8/2007 23:00,10.2,10.3,10.38333333,10.71666667,10.5,10.55,10.06666667,9.816666667,10.85,10.61666667
8/9/2007 0:00,10.25,10.05,10.51666667,10.66666667,10.91666667,10.53333333,10.1,9.75,10.73333333,10.03333333
8/9/2007 1:00,10.61666667,10.2,10.6,10.98333333,11.08333333,10.83333333,10.55,10.06666667,10.68333333,10.41666667
8/9/2007 2:00,10.45,10.2,10.43333333,10.78333333,10.9,10.8,10.45,9.933333333,10.86666667,10.51666667
8/9/2007 3:00,10.18333333,10.03333333,10.45,10.4,10.68333333,10.51666667,10.41666667,9.716666667,10.71666667,10.55
8/9/2007 4:00,10.63333333,10.38333333,10.76666667,11,10.66666667,11.45,10.45,10.16666667,11.3,10.83333333
8/9/2007 5:00,10.66666667,10.63333333,10.9,11.2,11.11666667,11.43333333,10.91666667,10.16666667,11.43333333,10.93333333
8/9/2007 6:00,11.11666667,10.85,11.01666667,11.58333333,11.55,11.73333333,11.15,10.25,11.55,11.53333333
8/9/2007 7:00,10.76666667,10.5,10.9,11.28333333,11.26666667,11.55,11.03333333,10.2,11.5,10.95
8/9/2007 8:00,10.2,9.966666667,10.98333333,10.93333333,10.98333333,11.03333333,10.31666667,9.916666667,11.01666667,10.51666667
8/9/2007 9:00,10.41666667,10.18333333,10.96666667,11.46666667,11.5,11.43333333,10.36666667,10.36666667,11.43333333,10.28333333
8/9/2007 10:00,11.7,11.63333333,11.61666667,11.98333333,11.75,12.4,11.7,10.7,12.2,11.66666667
8/9/2007 11:00,11.73333333,11.51666667,12.1,12.5,12.83333333,12.6,11,11.66666667,12.5,11.21666667
8/9/2007 12:00,11.55,11.43333333,12.11666667,12.5,12.95,12.91666667,11.11666667,11.45,12.46666667,11.26666667
8/9/2007 13:00,11.73333333,11.03333333,12.26666667,12.53333333,12.95,13.15,11.41666667,11.53333333,12.51666667,11.38333333
8/9/2007 14:00,12.2,11.71666667,12.35,12.63333333,12.81666667,13.15,11.5,11.56666667,12.76666667,11.75
8/9/2007 15:00,12.25,11.91666667,12.43333333,12.6,12.66666667,13.18333333,11.93333333,11.66666667,12.76666667,12.01666667
8/9/2007 16:00,12.26666667,12,12.56666667,12.83333333,12.88333333,13.13333333,11.88333333,11.93333333,13.13333333,11.93333333
8/9/2007 17:00,12.4,11.91666667,12.35,12.61666667,12.9,12.96666667,11.78333333,11.8,12.86666667,11.96666667
8/9/2007 18:00,12.11666667,11.5,12.55,12.66666667,12.9,12.95,11.63333333,11.48333333,12.86666667,11.9
8/9/2007 19:00,12.2,11.78333333,12.5,12.6,12.33333333,12.95,11.98333333,11.6,12.81666667,12.03333333
8/9/2007 20:00,11.86666667,11.73333333,12.45,12.65,12.93333333,12.86666667,11.41666667,11.68333333,12.73333333,11.81666667
8/9/2007 21:00,11.88333333,11.35,12.73333333,12.86666667,13.23333333,13.13333333,11.33333333,11.65,12.9,11.98333333
8/9/2007 22:00,11.96666667,11.36666667,12.56666667,12.65,13.01666667,12.83333333,11.86666667,11.98333333,12.63333333,11.61666667
8/9/2007 23:00,11.06666667,11.33333333,11.85,12.23333333,12.36666667,11.88333333,11.26666667,10.71666667,11.86666667,11.7
8/10/2007 0:00,11.25,10.66666667,11.48333333,12.1,12.13333333,12.08333333,11.15,11.2,12.06666667,11.05
8/10/2007 1:00,10.98333333,10.7,11.56666667,12,11.91666667,11.85,10.8,10.81666667,11.5,10.81666667
8/10/2007 2:00,10.9,10.48333333,11.01666667,11.51666667,11.38333333,11.5,10.78333333,10.33333333,11.53333333,10.6
8/10/2007 3:00,11.31666667,10.75,11.08333333,11.65,11.33333333,11.7,10.95,10.4,11.68333333,10.91666667
8/10/2007 4:00,10.9,10.55,10.58333333,11.86666667,12.11666667,12.18333333,10.91666667,10.9,11.88333333,10.95
8/10/2007 5:00,10.11666667,9.733333333,9.783333333,11.4,11.46666667,11.25,10.13333333,10.1,11.05,10.55
8/10/2007 6:00,9.65,9.55,9.216666667,10.9,10.88333333,10.51666667,10.06666667,9.266666667,10.46666667,9.916666667
8/10/2007 7:00,9.75,9.533333333,9.433333333,11,11.06666667,10.95,9.9,9.683333333,10.85,10.1
8/10/2007 8:00,9.9,9.583333333,9.516666667,11.05,11.08333333,10.9,10.08333333,9.666666667,10.9,10.13333333
8/10/2007 9:00,9.85,9.683333333,9.616666667,10.91666667,10.95,10.56666667,10.08333333,9.483333333,10.56666667,10.28333333
8/10/2007 10:00,10.05,9.666666667,9.666666667,11.2,11.23333333,11.08333333,10.1,9.983333333,10.81666667,10.08333333
8/10/2007 11:00,9.916666667,9.416666667,9.55,10.86666667,11.2,10.88333333,9.65,9.883333333,10.75,9.816666667
8/10/2007 12:00,8.966666667,8.483333333,8.416666667,9.95,10.38333333,10.05,8.816666667,9.183333333,10.18333333,9.416666667
8/10/2007 13:00,8.816666667,8.466666667,8.15,9.366666667,9.15,9.616666667,8.7,8.5,9.533333333,8.883333333
8/10/2007 14:00,9.166666667,9,8.416666667,9.483333333,9.1,9.883333333,9.25,8.45,9.933333333,9.166666667
8/10/2007 15:00,8.783333333,8.516666667,7.883333333,9.35,9.033333333,9.316666667,8.65,8.333333333,9.583333333,8.716666667
8/10/2007 16:00,8.25,8.133333333,7.533333333,8.633333333,8.45,8.633333333,8.516666667,7.8,8.983333333,8.316666667
8/10/2007 17:00,7.916666667,7.7,7.266666667,8.2,8.2,8.433333333,7.916666667,7.383333333,8.516666667,7.75
8/10/2007 18:00,8.066666667,7.833333333,7.766666667,8.8,8.766666667,8.95,8.2,7.9,8.85,8.15
8/10/2007 19:00,7.7,7.35,7.183333333,8.35,8.133333333,8.35,7.666666667,7.65,8.483333333,7.716666667
8/10/2007 20:00,7.516666667,7.183333333,7.316666667,8.166666667,8.2,8.233333333,7.433333333,7.583333333,8.366666667,7.683333333
8/10/2007 21:00,6.85,6.766666667,6.483333333,7.45,7.35,7.4,7.016666667,6.833333333,7.483333333,7.016666667
8/10/2007 22:00,6.25,5.916666667,5.75,6.633333333,6.533333333,6.616666667,6.15,6,6.75,6.4
8/10/2007 23:00,5.983333333,5.733333333,5.483333333,6.166666667,5.966666667,6.25,5.966666667,5.733333333,6.316666667,6.233333333
8/11/2007 0:00,5.933333333,5.616666667,5.4,6.15,5.85,6.066666667,5.9,5.566666667,6.266666667,5.9
8/11/2007 1:00,6.016666667,5.75,5.466666667,6.083333333,5.983333333,6.066666667,6.133333333,5.183333333,6.033333333,5.933333333
8/11/2007 2:00,5.866666667,5.683333333,5.5,6.3,6.2,6.016666667,5.933333333,5.533333333,6.3,6.033333333
8/11/2007 3:00,5.7,5.35,5.366666667,6.133333333,5.866666667,5.983333333,5.65,5.383333333,6.016666667,5.783333333
8/11/2007 4:00,5.683333333,5.366666667,5.2,5.883333333,5.583333333,5.633333333,5.816666667,5.383333333,5.933333333,5.633333333
8/11/2007 5:00,5.8,5.316666667,5.133333333,5.9,5.633333333,5.9,5.65,5.616666667,5.983333333,5.85
8/11/2007 6:00,5.816666667,5.5,5.083333333,5.766666667,5.816666667,6.116666667,5.983333333,5.383333333,6.183333333,5.933333333
8/11/2007 7:00,5.65,5.516666667,5.2,6.083333333,5.666666667,5.9,5.816666667,5.433333333,6.166666667,5.933333333
8/11/2007 8:00,5.533333333,5.233333333,5.3,5.883333333,5.7,5.866666667,5.583333333,5.416666667,6.166666667,5.833333333
8/11/2007 9:00,5.016666667,4.7,4.7,5.266666667,5.033333333,5.033333333,4.966666667,4.8,5.166666667,4.833333333
8/11/2007 10:00,3.8,3.75,3.766666667,4.233333333,3.95,3.933333333,3.866666667,3.85,4.216666667,3.916666667
8/11/2007 11:00,3.7,3.416666667,3.416666667,3.833333333,3.6,3.733333333,3.55,3.466666667,3.683333333,3.466666667
8/11/2007 12:00,3.383333333,3.2,3.2,3.5,3.266666667,3.666666667,3.4,3.416666667,3.466666667,3.333333333
8/11/2007 13:00,3.05,2.883333333,3.033333333,3.366666667,3.166666667,3.316666667,3.283333333,3.1,3.266666667,3.283333333
8/11/2007 14:00,3.033333333,2.9,2.916666667,3.166666667,2.95,3.066666667,3.033333333,3,3.066666667,3.1
8/11/2007 15:00,3.1,3.05,3.066666667,3.3,3.1,3.216666667,3.183333333,3.15,3.233333333,3.216666667
8/11/2007 16:00,3.4,3.216666667,3.25,3.55,3.266666667,3.4,3.4,3.3,3.483333333,3.416666667
8/11/2007 17:00,2.95,2.85,2.866666667,3.166666667,2.916666667,3.066666667,3,2.833333333,2.933333333,2.966666667
8/11/2007 18:00,2.7,2.533333333,2.433333333,2.766666667,2.566666667,2.633333333,2.433333333,2.516666667,2.45,2.433333333
8/11/2007 19:00,2.683333333,2.533333333,2.55,2.816666667,2.683333333,2.55,2.433333333,2.733333333,2.683333333,2.55
8/11/2007 20:00,2.333333333,2.216666667,2.4,2.3,2.333333333,2.2,2.25,2.316666667,2.55,2.2
8/11/2007 21:00,2.483333333,2.1,2.483333333,2.2,2.15,2,2.25,2.5,2.216666667,2.35
8/11/2007 22:00,2.833333333,2.366666667,2.766666667,2.583333333,2.416666667,2.416666667,2.833333333,2.7,2.716666667,2.633333333
8/11/2007 23:00,3.133333333,3.116666667,3.033333333,3.3,3.083333333,3.266666667,3.05,2.85,3,2.9
8/12/2007 0:00,3.866666667,3.783333333,3.816666667,4.15,3.766666667,4.083333333,3.766666667,3.6,3.833333333,3.85
8/12/2007 1:00,4.433333333,3.6,3.683333333,5.1,3.983333333,3.966666667,3.8,4.9,4.083333333,4
8/12/2007 2:00,4.783333333,4.616666667,4.75,5.183333333,4.616666667,4.833333333,4.816666667,4.6,4.883333333,4.883333333
8/12/2007 3:00,6.033333333,5.75,6.066666667,6.183333333,6.183333333,6.133333333,6.166666667,5.916666667,6.133333333,5.966666667
8/12/2007 4:00,6.766666667,6.316666667,6.65,7.016666667,6.783333333,6.633333333,6.583333333,6.45,6.783333333,6.583333333
8/12/2007 5:00,7.183333333,6.85,7.166666667,7.433333333,7.216666667,7.1,6.95,6.65,7.15,6.716666667
8/12/2007 6:00,7.233333333,6.983333333,7.283333333,7.633333333,7.483333333,7.5,7.05,6.966666667,7.583333333,7.066666667
8/12/2007 7:00,7.533333333,7.166666667,7.65,7.75,7.666666667,7.75,7.116666667,7.133333333,7.033333333,6.966666667
8/12/2007 8:00,6.616666667,6.233333333,6.666666667,6.933333333,6.766666667,6.75,5.933333333,6.366666667,6.6,6.4
8/12/2007 9:00,5.9,5.55,6.05,6.2,5.35,5.95,5.775,5.8,6.05,5.575
8/12/2007 10:00,5.816666667,5.6,6.05,6.033333333,5.983333333,5.916666667,5.9,5.583333333,5.733333333,5.466666667
8/12/2007 11:00,5.32,5.06,5.22,5.4,4.04,5.14,5.12,5,5.16,5.28
8/12/2007 12:00,4.783333333,4.7,5.15,5.1,4.75,4.733333333,4.883333333,4.533333333,5.233333333,4.75
8/12/2007 13:00,3.316666667,3.666666667,3.85,3.5,3.45,3.783333333,3.783333333,3.416666667,3.733333333,3.616666667
8/12/2007 14:00,5.866666667,5.583333333,5.783333333,5.95,5.85,5.266666667,5,5.5,5.3,5.1
8/12/2007 15:00,7.783333333,7.35,7.95,8.033333333,7.316666667,7.083333333,7.166666667,7.1,7.483333333,7.366666667
8/12/2007 16:00,8.966666667,8.433333333,8.9,9.266666667,9.15,8.916666667,8.783333333,7.416666667,7.816666667,7.5
8/12/2007 17:00,7.283333333,6.816666667,7.266666667,7.483333333,7.016666667,6.716666667,6.633333333,6.8,7.283333333,6.983333333
8/12/2007 18:00,6.733333333,6.416666667,6.8,6.866666667,6.866666667,6.683333333,6.633333333,6.083333333,6.316666667,6.116666667
8/12/2007 19:00,6.833333333,6.333333333,6.783333333,7,7.233333333,6.85,6.816666667,5.85,6.083333333,5.933333333
8/12/2007 20:00,6.966666667,6.566666667,7,7.083333333,7.25,6.9,6.95,6,6.2,6.033333333
8/12/2007 21:00,6.416666667,6.15,6.666666667,6.666666667,6.783333333,6.116666667,6.25,6.166666667,6.45,6.1
8/12/2007 22:00,8.9,8.533333333,8.85,8.883333333,9,8.633333333,8.016666667,7.883333333,8.466666667,7.95
8/12/2007 23:00,9.266666667,9.1,9.4,9.583333333,9.733333333,9.3,8.7,8.266666667,8.916666667,8.85
8/13/2007 0:00,10.33333333,10.15,10.43333333,10.65,10.45,10.03333333,9.916666667,9.1,9.966666667,9.616666667
8/13/2007 1:00,10.61666667,10.36666667,10.86666667,11.06666667,10.71666667,10.1,10.01666667,9.65,10.68333333,10.43333333
8/13/2007 2:00,10.08333333,9.633333333,10.35,10.63333333,10.48333333,10.2,10.1,9,9.65,9.683333333
8/13/2007 3:00,8.9,8.65,9.133333333,9.166666667,8.9,8.45,8.4,7.916666667,8.6,8.283333333
8/13/2007 4:00,8.483333333,8.083333333,8.533333333,8.766666667,8.266666667,7.8,7.85,7.766666667,8.633333333,8.25
8/13/2007 5:00,6.816666667,6.55,6.9,6.916666667,6.9,6.683333333,6.516666667,6.25,6.466666667,6.316666667
8/13/2007 6:00,6.083333333,5.766666667,6.233333333,5.8,6,5.65,5.85,5.366666667,5.633333333,5.35
8/13/2007 7:00,7.166666667,6.85,7.066666667,7.15,7.233333333,6.95,6.816666667,6.4,6.716666667,6.733333333
8/13/2007 8:00,6.1,5.883333333,6.133333333,5.933333333,6.083333333,5.916666667,5.9,5.616666667,5.966666667,5.95
8/13/2007 9:00,6.266666667,6.033333333,6.316666667,5.883333333,6.066666667,5.95,5.833333333,5.95,6.316666667,6.266666667
8/13/2007 10:00,7.716666667,7.25,7.683333333,7.416666667,7.633333333,7.316666667,7.333333333,6.933333333,7.5,7.216666667
8/13/2007 11:00,9.15,8.8,9.033333333,9.2,9.633333333,9,8.916666667,7.75,7.933333333,7.816666667
8/13/2007 12:00,9.6,9.35,9.633333333,10.1,10.35,9.983333333,9.75,8.016666667,8.15,8.366666667
8/13/2007 13:00,10.15,9.833333333,10.3,10.38333333,10.66666667,10.21666667,9.883333333,8.6,8.383333333,9.25
8/13/2007 14:00,10.73333333,10.61666667,10.93333333,11.1,11.36666667,11.2,10.78333333,9.35,9.45,9.9
8/13/2007 15:00,10.76666667,10.36666667,10.65,11.03333333,11.63333333,11.31666667,10.8,9.5,10.01666667,9.9
8/13/2007 16:00,10.28333333,10.06666667,8.95,10.73333333,10.88333333,10.66666667,10.61666667,9.05,9.8,9.8
8/13/2007 17:00,10.65,10.65,9.3,11.35,11.55,11.18333333,11.01666667,9.25,10.08333333,10.06666667
8/13/2007 18:00,11.23333333,11.06666667,10.03333333,11.81666667,11.75,11.65,11.65,10.01666667,10.81666667,11.28333333
8/13/2007 19:00,10.65,10.48333333,9.516666667,11.33333333,11.31666667,11.23333333,10.85,9.283333333,10.08333333,10.26666667
8/13/2007 20:00,10.5,10.41666667,9.366666667,11.26666667,10.81666667,10.71666667,10.95,9.433333333,10.21666667,10.51666667
8/13/2007 21:00,10.15,9.983333333,9.083333333,10.9,10.83333333,10.56666667,10.48333333,8.95,9.716666667,10.16666667
8/13/2007 22:00,10.55,10.26666667,9.05,10.71666667,11.2,10.95,10.85,9.1,10.01666667,10.25
8/13/2007 23:00,10.3,10.13333333,8.833333333,10.96666667,10.63333333,9.866666667,10.53333333,9.383333333,10.31666667,10.26666667
8/14/2007 0:00,10.36666667,10.1,9.05,10.81666667,10.46666667,10.4,10.33333333,9.366666667,10.15,10.26666667
8/14/2007 1:00,9.8,9.8,8.45,10.16666667,9.666666667,9.466666667,10.31666667,9.05,9.8,9.95
8/14/2007 2:00,9.666666667,9.033333333,8.233333333,9.5,9.783333333,9.25,9.583333333,8.266666667,9.1,9.116666667
8/14/2007 3:00,9.15,8.966666667,7.55,9.45,8.916666667,8.816666667,9.216666667,8.366666667,9.116666667,9.233333333
8/14/2007 4:00,9.8,9.766666667,8.666666667,10.06666667,10.25,10.26666667,10.08333333,8.45,9.25,9.166666667
8/14/2007 5:00,9,8.933333333,8.65,9.25,9.566666667,8.866666667,8.85,8.15,8.8,8.516666667
8/14/2007 6:00,8.633333333,8.583333333,8.666666667,8.95,9.216666667,8.25,8.266666667,8.066666667,8.85,8.45
8/14/2007 7:00,8.5,8.066666667,7.966666667,8.666666667,8.9,8.716666667,8.266666667,7.833333333,8.016666667,8.033333333
8/14/2007 8:00,10.03333333,9.683333333,9.983333333,10.48333333,10.58333333,10.28333333,9.55,9.133333333,10.15,9.65
8/14/2007 9:00,10.01666667,9.9,8.966666667,10.41666667,10.78333333,10.58333333,10.2,9.216666667,8.633333333,9.533333333
8/14/2007 10:00,9.35,9.183333333,8.783333333,9.933333333,10.08333333,9.733333333,9.266666667,8.95,8.5,8.383333333
8/14/2007 11:00,9.4,9.3,8.5,9.95,9.933333333,9.616666667,9.6,9,8.283333333,7.95
8/14/2007 12:00,8.466666667,8.25,7.883333333,9.35,9.266666667,8.366666667,8.216666667,8.466666667,8.466666667,8.183333333
8/14/2007 13:00,8,7.816666667,7.383333333,8.166666667,8.25,7.75,7.75,7.416666667,7.3,7.716666667
8/14/2007 14:00,9.716666667,9.383333333,8.5,10.03333333,10.31666667,9.683333333,9,8.416666667,8.8,8.65
8/14/2007 15:00,11.25,11.15,9.833333333,11.51666667,12.05,11.81666667,11.46666667,10.35,11.43333333,10.98333333
8/14/2007 16:00,12.35,12.2,11.1,12.7,13.45,13.05,12.71666667,11.65,12.85,11.65
8/14/2007 17:00,13.31666667,13.6,12.56666667,13.18333333,14.08333333,13.78333333,13.15,12.03333333,12.7,12.6
8/14/2007 18:00,14.66666667,14.38333333,15.45,14.76666667,15.46666667,15,14.06666667,13.96666667,14.56666667,13.93333333
8/14/2007 19:00,12.83333333,12.65,13.15,13.11666667,13.6,13.2,11.08333333,12.01666667,12.88333333,12.55
8/14/2007 20:00,14.15,13.98333333,13.48333333,14.46666667,14.98333333,14.73333333,12.73333333,13.76666667,14.46666667,14.48333333
8/14/2007 21:00,14.88333333,14.65,13.56666667,15.4,15.85,15.38333333,14.46666667,14.3,15.33333333,15.05
8/14/2007 22:00,16.13333333,15.9,15.86666667,16.28333333,16.58333333,16.33333333,15.83333333,15.1,15.68333333,15.75
8/14/2007 23:00,15.68333333,15.66666667,16,15.93333333,15.91666667,16.25,15.78333333,15.03333333,15.26666667,15.21666667
8/15/2007 0:00,14.73333333,15.01666667,14.96666667,15.46666667,15.18333333,15.53333333,14.78333333,15.03333333,15.13333333,15.18333333
8/15/2007 1:00,16.18333333,15.95,15.88333333,16.9,16.55,16.5,15.98333333,15.61666667,15.85,15.76666667
8/15/2007 2:00,17.15,16.46666667,16.08333333,17.28333333,17.66666667,17.4,16.53333333,16.06666667,16.81666667,16.55
8/15/2007 3:00,14.3,14.9,15.41666667,14.46666667,14.58333333,15.36666667,15.63333333,14.53333333,15.06666667,15.7
8/15/2007 4:00,17.2,16.58333333,16.43333333,17.56666667,17.35,17.1,16.63333333,17.41666667,17.03333333,17.11666667
8/15/2007 5:00,13.15,12.98333333,12.5,13.65,13.75,13.55,13.28333333,13.43333333,12.98333333,13.15
8/15/2007 6:00,12.16666667,12.2,11.68333333,12.78333333,13.15,12.85,12.55,12.45,12.25,12.48333333
8/15/2007 7:00,15.61666667,15,15.01666667,15.4,16.25,15.78333333,15.46666667,15.81666667,15.03333333,15.21666667
8/15/2007 8:00,15.31666667,14.68333333,14.46666667,15.13333333,15.46666667,14.95,14.66666667,15.46666667,14.93333333,15.23333333
8/15/2007 9:00,16.63333333,15.96666667,16.23333333,16.58333333,16.58333333,15.93333333,16.21666667,17.31666667,16.83333333,16.48333333
8/15/2007 10:00,16.01666667,15.8,15.63333333,16.35,15.43333333,15.26666667,15.58333333,16.51666667,16.23333333,16.05
8/15/2007 11:00,15.43333333,14.93333333,14.66666667,15.51666667,15.06666667,14.61666667,14.88333333,15.06666667,15.35,14.98333333
8/15/2007 12:00,14.81666667,14.66666667,14.35,14.73333333,14.75,14.5,14.6,14.58333333,14.9,15
8/15/2007 13:00,14,13.73333333,13.46666667,14,13.71666667,13.55,13.8,14.03333333,14.03333333,14.15
8/15/2007 14:00,14,13.95,13.51666667,14.15,13.66666667,13.66666667,13.76666667,14.16666667,14.35,14.33333333
8/15/2007 15:00,12.96666667,12.86666667,12.08333333,13.38333333,12.56666667,12.46666667,12.96666667,13.21666667,13.31666667,13.26666667
8/15/2007 16:00,11.58333333,11.58333333,11.16666667,12.13333333,12.03333333,11.71666667,12,11.85,12.16666667,12.05
8/15/2007 17:00,13.88333333,13.46666667,13.53333333,14.4,13.96666667,13.7,13.81666667,13.83333333,13.65,13.8
8/15/2007 18:00,13.58333333,13.33333333,12.98333333,13.96666667,13.95,13.4,13.25,13.75,13.76666667,13.38333333
8/15/2007 19:00,13.88333333,13.78333333,13.28333333,14.03333333,14,13.76666667,13.75,13.78333333,14.16666667,14.11666667
8/15/2007 20:00,13.8,13.56666667,13.25,14.2,13.98333333,13.83333333,13.71666667,13.91666667,13.96666667,13.8
8/15/2007 21:00,12.41666667,12.43333333,12.06666667,12.66666667,13.31666667,13.2,12.81666667,12.31666667,12.28333333,12.26666667
8/15/2007 22:00,12.1,12.06666667,11.81666667,12.45,12.63333333,12.46666667,12.41666667,12.21666667,12.2,12.03333333
8/15/2007 23:00,12.63333333,12.68333333,12.16666667,12.98333333,12.81666667,12.66666667,12.68333333,12.61666667,13.08333333,12.68333333
8/16/2007 0:00,11.93333333,11.86666667,11.4,12.43333333,12.75,12.58333333,12.26666667,12.16666667,11.9,11.61666667
8/16/2007 1:00,12.45,12.4,11.85,12.98333333,12.53333333,12.38333333,12.61666667,12.58333333,12.7,12.6
8/16/2007 2:00,12.7,12.66666667,12.01666667,13,13.6,13.58333333,12.91666667,12.33333333,12.36666667,12.2
8/16/2007 3:00,10.4,10.25,10.08333333,9.95,10.23333333,10.86666667,9.766666667,9.966666667,10.73333333,10.43333333
8/16/2007 4:00,9.633333333,9.366666667,9.016666667,9.683333333,10.18333333,9.966666667,9.8,9.2,9.566666667,9.183333333
8/16/2007 5:00,9.25,9.116666667,9,9.733333333,9.566666667,9.35,9.05,8.233333333,9.1,8.733333333
8/16/2007 6:00,8.866666667,8.716666667,8.583333333,9.483333333,9.533333333,9.3,9.066666667,7.95,8.983333333,8.466666667
8/16/2007 7:00,8.05,7.666666667,7.466666667,7.85,8.233333333,8.35,7.916666667,7.35,7.516666667,7.883333333
8/16/2007 8:00,12.18333333,12.11666667,10.86666667,11.9,12.43333333,11.51666667,10.51666667,10.75,10.75,10.2
8/16/2007 9:00,13.46666667,13.33333333,12.18333333,13.06666667,14.18333333,13.48333333,13.1,12.51666667,13.63333333,12.6
8/16/2007 10:00,13,12.76666667,11.65,13.3,13.88333333,13.51666667,12.95,12.58333333,12.56666667,12.51666667
8/16/2007 11:00,12.11666667,11.88333333,10.86666667,12.48333333,12.85,12.85,12.45,12.13333333,11.53333333,12.25
8/16/2007 12:00,12.35,12.01666667,11.6,12.7,13.16666667,13.06666667,12.58333333,12.66666667,11.75,12.2
8/16/2007 13:00,12.28333333,11.85,11.71666667,12.33333333,12.63333333,12.71666667,12.28333333,12,12.03333333,12.16666667
8/16/2007 14:00,11.9,11.61666667,12.03333333,11.8,12.08333333,12.33333333,11.41666667,12.2,11.76666667,11.63333333
8/16/2007 15:00,11.81666667,11.83333333,12.06666667,11.61666667,11.93333333,12.38333333,11.38333333,12.2,12.36666667,12.03333333
8/16/2007 16:00,11.95,12.01666667,11.8,11.41666667,11.76666667,12.38333333,11.28333333,11.76666667,12.23333333,12.23333333
8/16/2007 17:00,10.53333333,10.3,10.11666667,10.68333333,10.86666667,10.61666667,10.03333333,10.31666667,10.63333333,9.85
8/16/2007 18:00,10.4,10.28333333,10.3,10.85,11.06666667,11.05,10.4,10.21666667,10.13333333,10.2
8/16/2007 19:00,9.866666667,9.65,10,9.533333333,9.95,10.61666667,9.716666667,9.816666667,10.11666667,9.883333333
8/16/2007 20:00,9.583333333,9.45,9.516666667,9.25,9.616666667,10.26666667,9.266666667,9.533333333,9.85,9.333333333
8/16/2007 21:00,9.233333333,8.85,8.883333333,9.366666667,9.533333333,9.95,9.066666667,9.05,9.083333333,9.216666667
8/16/2007 22:00,8.216666667,8.033333333,7.95,8.3,8.75,8.383333333,8.183333333,7.616666667,8.05,7.833333333
8/16/2007 23:00,5.95,5.666666667,5.933333333,5.7,6.066666667,6.133333333,6.15,5.35,6,6.116666667
8/17/2007 0:00,7.416666667,7.3,7.483333333,7.45,7.533333333,7.966666667,7.3,7.033333333,8.016666667,7.633333333
8/17/2007 1:00,7.783333333,7.716666667,7.683333333,7.95,8.033333333,8.2,7.683333333,7.383333333,7.45,7.733333333
8/17/2007 2:00,9.833333333,9.733333333,9.133333333,9.933333333,10.83333333,10.25,9.833333333,9.7,9.733333333,9.75
8/17/2007 3:00,9.816666667,9.75,9.25,9.916666667,10.96666667,10.03333333,9.766666667,9.816666667,10.1,9.283333333
8/17/2007 4:00,9.55,9.183333333,8.65,9.516666667,10.25,9.716666667,9.55,9.016666667,9.25,8.95
8/17/2007 5:00,7.233333333,7.15,7.3,7.6,7.95,7.95,8.083333333,7.25,7.7,8.05
8/17/2007 6:00,8.133333333,7.95,7.666666667,8.35,9,8.616666667,8.283333333,7.9,7.766666667,8.083333333
8/17/2007 7:00,8.466666667,8.066666667,7.966666667,8.533333333,8.85,8.666666667,8.516666667,7.95,8.2,8.2
8/17/2007 8:00,8.466666667,8.383333333,8.15,8.8,9.183333333,9.183333333,8.7,8.183333333,8.216666667,8.583333333
8/17/2007 9:00,8.783333333,8.583333333,8.216666667,9.033333333,9.716666667,9.383333333,9.05,8.15,7.216666667,8.75
8/17/2007 10:00,9.1,8.8,8.883333333,9.233333333,9.683333333,9.766666667,9.266666667,8.766666667,8.6,8.933333333
8/17/2007 11:00,9.183333333,9.183333333,8.9,9.566666667,10.25,10.18333333,9.566666667,8.966666667,9.1,9.183333333
8/17/2007 12:00,9.9,9.833333333,9.583333333,10.18333333,10.65,10.53333333,10.06666667,9.583333333,9.716666667,9.9
8/17/2007 13:00,9.45,9.45,9.4,9.7,10.2,10.26666667,9.783333333,9.366666667,9.166666667,9.5
8/17/2007 14:00,8.9,8.633333333,8.566666667,8.966666667,9.25,9.533333333,9.066666667,8.516666667,8.516666667,8.8
8/17/2007 15:00,7.9,7.7,7.616666667,7.966666667,8.4,8.25,7.883333333,7.85,7.716666667,7.8
8/17/2007 16:00,7.366666667,7.166666667,7.066666667,7.366666667,7.533333333,7.55,7.1,7.366666667,7.533333333,7.416666667
8/17/2007 17:00,7.15,6.983333333,6.866666667,7.116666667,7.366666667,7.466666667,6.933333333,7.15,7.433333333,7
8/17/2007 18:00,6.85,6.633333333,6.7,6.516666667,6.883333333,7.15,6.75,6.966666667,7.016666667,6.85
8/17/2007 19:00,7.016666667,6.8,6.833333333,6.85,7.233333333,7.233333333,6.7,7.016666667,7,6.833333333
8/17/2007 20:00,7.466666667,7.116666667,7,7.216666667,7.333333333,7.533333333,7.033333333,7.183333333,7.216666667,7.2
8/17/2007 21:00,7.316666667,7.05,6.833333333,7.316666667,7.683333333,7.5,7.416666667,6.75,7.216666667,6.833333333
8/17/2007 22:00,7.6,7.2,6.85,7.616666667,8.05,7.766666667,7.866666667,6.866666667,7.233333333,7
8/17/2007 23:00,7.516666667,7.35,6.816666667,7.583333333,8.033333333,8.116666667,7.766666667,6.95,7.116666667,6.966666667
8/18/2007 0:00,7.683333333,7.366666667,7.116666667,7.583333333,8.1,7.966666667,7.866666667,6.766666667,7.3,6.966666667
8/18/2007 1:00,7.483333333,7.333333333,6.916666667,7.6,8.083333333,7.716666667,7.716666667,6.85,7.183333333,7.133333333
8/18/2007 2:00,7.483333333,7.316666667,6.916666667,7.766666667,8.216666667,8.05,8,7.183333333,7.366666667,7.616666667
8/18/2007 3:00,6.866666667,6.583333333,6.333333333,7.166666667,7.666666667,7.316666667,7.283333333,6.683333333,6.966666667,6.683333333
8/18/2007 4:00,5.766666667,5.433333333,5.25,5.85,6.15,5.883333333,5.95,5.316666667,5.5,5.233333333
8/18/2007 5:00,6.466666667,6.016666667,5.683333333,7.116666667,7.016666667,6.516666667,6.35,6.4,6.116666667,6.016666667
8/18/2007 6:00,7.416666667,7.033333333,6.383333333,7.9,7.833333333,7.233333333,6.933333333,7.266666667,7.1,6.766666667
8/18/2007 7:00,9.25,9.016666667,8.733333333,9.683333333,10.05,9.516666667,9.266666667,8.55,8.95,8.616666667
8/18/2007 8:00,10.1,10.05,9.7,10.51666667,11.1,10.4,10.18333333,9.733333333,10.16666667,9.616666667
8/18/2007 9:00,9.75,9.55,9.383333333,10.16666667,10.6,10.38333333,10.21666667,9.2,9.1,8.883333333
8/18/2007 10:00,9.766666667,9.583333333,9.35,10.2,10.51666667,10.4,10.18333333,9.166666667,9.433333333,9.066666667
8/18/2007 11:00,9.083333333,9.016666667,8.816666667,9.416666667,9.916666667,9.716666667,9.6,8.516666667,8.566666667,8.366666667
8/18/2007 12:00,8.716666667,8.45,8.283333333,9.116666667,9.466666667,9.333333333,8.85,7.983333333,8.45,8
8/18/2007 13:00,8.066666667,7.883333333,7.616666667,8.233333333,8.533333333,8.3,8.116666667,7.85,8.033333333,7.75
8/18/2007 14:00,7.633333333,7.416666667,7.15,7.583333333,8.05,7.4,7.45,7.45,7.383333333,7.483333333
8/18/2007 15:00,7.05,6.933333333,6.6,7.066666667,7.4,7.3,7.183333333,6.633333333,6.933333333,6.766666667
8/18/2007 16:00,6,5.75,5.5,5.916666667,6.366666667,6.1,5.866666667,5.783333333,5.616666667,5.733333333
8/18/2007 17:00,7.366666667,7.033333333,6.683333333,7.183333333,7.6,7.433333333,7.133333333,6.95,7.216666667,6.95
8/18/2007 18:00,8,7.65,6.8,8.1,8.416666667,8.283333333,8.133333333,7.966666667,8.283333333,8.066666667
8/18/2007 19:00,8.383333333,7.1,6,8.733333333,7.966666667,7.9,7.683333333,8.516666667,8.333333333,7.983333333
8/18/2007 20:00,9.6,7,6.633333333,9.816666667,8.016666667,8.283333333,8.216666667,8.85,7.433333333,7.4
8/18/2007 21:00,10.06666667,8.833333333,7.9,10.68333333,10.45,10.43333333,10.01666667,9.633333333,9.383333333,9.1
8/18/2007 22:00,9.833333333,9.85,8.466666667,10.61666667,11.21666667,11.05,10.68333333,10.3,11.21666667,10.83333333
8/18/2007 23:00,9.866666667,9.95,8.816666667,10.25,10.81666667,10.71666667,10.35,9.533333333,10.18333333,9.933333333
8/19/2007 0:00,10.06666667,10.21666667,8.933333333,10.55,11.18333333,11.06666667,10.7,9.966666667,10.81666667,10.38333333
8/19/2007 1:00,9.766666667,9.683333333,8.916666667,10.26666667,10.76666667,10.6,10.16666667,9.566666667,10.28333333,9.75
8/19/2007 2:00,9.25,9.016666667,8.3,9.45,10,9.833333333,9.416666667,9.05,9.783333333,9.05
8/19/2007 3:00,8.85,8.516666667,8,9.133333333,9.566666667,9.166666667,8.9,8.75,9.3,8.416666667
8/19/2007 4:00,8.333333333,8.15,7.816666667,8.5,8.933333333,8.533333333,8.283333333,8.233333333,8.65,7.916666667
8/19/2007 5:00,8.2,7.9,7.166666667,8.116666667,8.666666667,8.5,8.266666667,7.8,8.25,7.933333333
8/19/2007 6:00,8.25,7.866666667,7.15,8.116666667,8.7,8.55,8.316666667,7.65,8.233333333,8
8/19/2007 7:00,7.7,7.35,6.75,7.533333333,8.133333333,7.783333333,7.633333333,7.05,7.566666667,7.35
8/19/2007 8:00,7.683333333,7.45,7,7.55,7.966666667,7.883333333,7.9,7.133333333,7.716666667,7.266666667
8/19/2007 9:00,7.65,7.533333333,7.033333333,7.566666667,8.066666667,8,7.85,7.383333333,7.85,7.533333333
8/19/2007 10:00,6.65,6.4,5.6,6.616666667,7.016666667,6.766666667,6.8,6.45,6.866666667,6.716666667
8/19/2007 11:00,6.066666667,5.7,5.566666667,6.016666667,6.3,6.1,5.916666667,5.916666667,6.083333333,5.683333333
8/19/2007 12:00,6.816666667,6.666666667,6.483333333,6.983333333,7.3,6.833333333,6.6,6.616666667,6.916666667,6.55
8/19/2007 13:00,6.033333333,5.683333333,5.583333333,6.183333333,6.483333333,5.766666667,5.65,5.916666667,5.95,5.8
8/19/2007 14:00,4.966666667,4.75,4.766666667,5.05,4.966666667,4.9,4.516666667,4.633333333,4.616666667,4.366666667
8/19/2007 15:00,3.083333333,2.766666667,2.966666667,3.116666667,3.316666667,3.016666667,2.983333333,2.933333333,2.933333333,2.883333333
8/19/2007 16:00,1.816666667,1.616666667,1.8,1.75,1.983333333,1.583333333,1.666666667,1.3,1.35,1.366666667
8/19/2007 17:00,2.05,2.083333333,1.933333333,2.016666667,2.133333333,1.95,2.033333333,1.95,1.833333333,2
8/19/2007 18:00,1.866666667,1.85,1.85,1.6,1.85,1.716666667,1.716666667,1.566666667,1.616666667,1.75
8/19/2007 19:00,2.3,2.3,2.3,2.333333333,2.483333333,2.266666667,2.733333333,2.566666667,2.616666667,2.716666667
8/19/2007 20:00,2.8,2.5,2.716666667,2.9,3.066666667,2.7,2.733333333,2.833333333,2.766666667,2.7
8/19/2007 21:00,3.95,3.883333333,4.366666667,4.433333333,4.216666667,4.116666667,4.266666667,4.3,4.233333333,4
8/19/2007 22:00,4.366666667,3.85,3.883333333,4.466666667,4.383333333,4.366666667,3.983333333,4.116666667,4.3,3.866666667
8/19/2007 23:00,5.133333333,4.866666667,5.233333333,5.316666667,5.233333333,5.05,4.883333333,5.15,5.3,5.2
8/20/2007 0:00,5.033333333,4.683333333,5.016666667,5,5.15,4.9,4.716666667,4.8,4.85,4.533333333
8/20/2007 1:00,4.8,4.4,4.816666667,4.683333333,5,4.85,4.633333333,4.7,4.95,4.733333333
8/20/2007 2:00,3.683333333,3.616666667,3.466666667,3.866666667,3.933333333,3.783333333,3.7,3.55,3.666666667,3.5
8/20/2007 3:00,2.983333333,2.916666667,3.083333333,3.116666667,3,2.95,2.983333333,2.75,2.716666667,2.483333333
8/20/2007 4:00,2.683333333,2.516666667,2.5,2.933333333,2.8,2.75,2.233333333,2.716666667,2.816666667,2.75
8/20/2007 5:00,3.15,3.3,3.333333333,3.483333333,3.533333333,3.716666667,3.483333333,3.133333333,3.416666667,3.366666667
8/20/2007 6:00,3.383333333,3.3,3.433333333,3.55,3.583333333,3.383333333,3.2,3.333333333,3.266666667,3.2
8/20/2007 7:00,4.783333333,4.533333333,4.85,4.75,4.933333333,4.766666667,4.516666667,4.666666667,4.45,4.283333333
8/20/2007 8:00,5.2,5.1,5.416666667,4.833333333,5.416666667,5.333333333,5.283333333,5.083333333,4.45,4.683333333
8/20/2007 9:00,5.833333333,5.683333333,6.05,5.516666667,6.183333333,6.033333333,6.066666667,5.816666667,5.516666667,5.483333333
8/20/2007 10:00,6.2,5.766666667,6.183333333,6.166666667,6.316666667,6.133333333,6.016666667,5.916666667,5.666666667,5.733333333
8/20/2007 11:00,5.7,5.516666667,5.866666667,5.916666667,5.533333333,5.366666667,5.483333333,5.75,5.433333333,5.833333333
8/20/2007 12:00,3.7,3.6,3.75,3.8,3.85,3.883333333,3.883333333,3.5,3.766666667,3.55
8/20/2007 13:00,2.816666667,2.433333333,2.266666667,2.883333333,2.766666667,2.466666667,2.15,2.35,2.416666667,2.25
8/20/2007 14:00,2.2,2.166666667,2.216666667,2.283333333,2.333333333,2.283333333,1.716666667,2.516666667,1.966666667,2.033333333
8/20/2007 15:00,3.433333333,3.366666667,3.583333333,3.983333333,3.866666667,3.816666667,3.583333333,4.366666667,3.966666667,3.966666667
8/20/2007 16:00,4.8,4.633333333,4.833333333,6.15,5.983333333,5.866666667,5.95,5.633333333,6.133333333,6
8/20/2007 17:00,5.433333333,5.183333333,5.75,6.466666667,6.4,6.333333333,6.716666667,6.366666667,6.683333333,6.583333333
8/20/2007 18:00,5.9,5.633333333,5.833333333,6.216666667,6.433333333,5.716666667,5.8,5.933333333,6.166666667,5.933333333
8/20/2007 19:00,6.7,6.116666667,6.483333333,6.816666667,7.05,6.516666667,6.033333333,6.366666667,6.4,5.633333333
8/20/2007 20:00,5.616666667,5.316666667,5.75,5.833333333,6.216666667,5.783333333,5.6,5.9,6.166666667,5.666666667
8/20/2007 21:00,3.75,3.666666667,3.666666667,3.833333333,3.933333333,4.016666667,3.866666667,3.683333333,3.9,4.1
8/20/2007 22:00,3.516666667,3.533333333,3.583333333,3.766666667,3.8,3.666666667,3.45,3.25,3.533333333,3.383333333
8/20/2007 23:00,4.066666667,3.733333333,3.666666667,3.8,3.766666667,3.883333333,3.633333333,3.683333333,3.666666667,3.633333333
8/21/2007 0:00,3.433333333,3.433333333,3.416666667,3.733333333,3.716666667,3.683333333,3.5,3.25,3.433333333,3.333333333
8/21/2007 1:00,2,2.033333333,2.133333333,2.166666667,2.283333333,2.233333333,2.316666667,2.15,2.25,2.2
8/21/2007 2:00,2.216666667,2.383333333,2.4,2.416666667,2.5,2.5,2.216666667,2.283333333,2.233333333,2.316666667
8/21/2007 3:00,3.216666667,3.166666667,3.3,3.466666667,3.4,3.416666667,3.283333333,3.266666667,3.333333333,3.25
8/21/2007 4:00,3.3,3.116666667,3.083333333,3.383333333,3.333333333,3.266666667,3.116666667,3.133333333,3.2,3.216666667
8/21/2007 5:00,4.116666667,3.816666667,3.95,4.533333333,4.516666667,4.316666667,4.216666667,4.333333333,4.333333333,4.116666667
8/21/2007 6:00,4.833333333,4.65,4.933333333,5.316666667,5.183333333,4.983333333,4.9,5.483333333,4.783333333,4.75
8/21/2007 7:00,4.616666667,4.6,4.933333333,5.2,5,5.283333333,4.833333333,5.083333333,4.95,4.866666667
8/21/2007 8:00,5.1,5.266666667,5.55,6.283333333,6.333333333,5.966666667,6.15,6.033333333,5.266666667,6.1
8/21/2007 9:00,5.933333333,5.6,5.983333333,5.5,6.166666667,5.616666667,6.216666667,5.85,4.6,6
8/21/2007 10:00,6.133333333,6.016666667,6.416666667,6.65,6.9,6.316666667,6.316666667,6.416666667,4.533333333,6.35
8/21/2007 11:00,6.716666667,6.366666667,6.716666667,7.483333333,7.3,7.2,6.65,6.716666667,6,7.15
8/21/2007 12:00,7.216666667,7.183333333,7.116666667,8.383333333,7.65,7.733333333,7.666666667,7.7,6.966666667,7.85
8/21/2007 13:00,7.7,8.116666667,8.433333333,9.033333333,8.95,8.333333333,8.166666667,8.616666667,7.75,8.4
8/21/2007 14:00,8.766666667,8.766666667,8.9,9.85,9.75,9.366666667,9.083333333,9.183333333,8.35,9.216666667
8/21/2007 15:00,8.866666667,8.8,10.11666667,9.866666667,10.36666667,10.1,9.45,9.316666667,10.3,9.833333333
8/21/2007 16:00,10.26666667,9.9,11.16666667,11.18333333,12,11.6,10.15,10.5,11.78333333,10.65
8/21/2007 17:00,11.58333333,11.15,11.9,11.61666667,11.75,12.41666667,11.3,10.85,12.61666667,11.7
8/21/2007 18:00,11.46666667,11.31666667,12.8,13.08333333,13.51666667,13.05,12.03333333,12.33333333,13.48333333,12.85
8/21/2007 19:00,11.66666667,11.23333333,12.21666667,12.5,12.98333333,12.98333333,11.46666667,11.66666667,12.73333333,11.53333333
8/21/2007 20:00,12.48333333,12.45,12.48333333,12.71666667,12.68333333,13.36666667,12.48333333,11.6,13.25,12.6
8/21/2007 21:00,13.56666667,13.18333333,13.53333333,13.35,13.55,14.1,13.78333333,12.61666667,14.4,14.35
8/21/2007 22:00,14.85,14.65,15.31666667,15.41666667,15.48333333,15.41666667,14.96666667,14.75,15.65,15.6
8/21/2007 23:00,15.8,15.3,15.7,15.85,16.1,16.1,15.75,14.11666667,15.16666667,15.91666667
8/22/2007 0:00,15.88333333,15.38333333,15.33333333,14.51666667,14.8,15.2,15.7,14.21666667,15.05,15.88333333
8/22/2007 1:00,15.21666667,14.73333333,15.21666667,13.81666667,14.45,14.4,14.98333333,14.08333333,15.1,15.5
8/22/2007 2:00,15.8,15.21666667,15.33333333,14.13333333,14.71666667,14.85,15.35,14.58333333,15.51666667,16
8/22/2007 3:00,14.91666667,14.93333333,15.73333333,15.51666667,16.03333333,15.65,14.98333333,14.78333333,15.55,15.58333333
8/22/2007 4:00,13.21666667,13.16666667,13.81666667,14.91666667,15.3,15.1,14.46666667,13.9,14.98333333,14.83333333
8/22/2007 5:00,12.78333333,12.61666667,13.46666667,14.03333333,14.33333333,14.15,13.8,13.11666667,14.23333333,14.15
8/22/2007 6:00,13.68333333,14.05,15.1,14.8,15.76666667,15.76666667,15.05,14.18333333,15.4,15.16666667
8/22/2007 7:00,14.76666667,14.93333333,15.91666667,15.48333333,16.26666667,16.36666667,15.83333333,14.65,16.21666667,16.11666667
8/22/2007 8:00,15.36666667,15.06666667,15.66666667,15.38333333,16.26666667,15.85,15.51666667,14.43333333,15.9,15.6
8/22/2007 9:00,15.03333333,14.93333333,15.71666667,15.23333333,15.98333333,14.65,13.81666667,14.68333333,14.58333333,14.33333333
8/22/2007 10:00,14.63333333,14,14.7,14.28333333,15.08333333,13.88333333,12.9,14.2,14.08333333,13.01666667
8/22/2007 11:00,13.41666667,12.35,13.25,13.8,13.43333333,11.86666667,11.85,12.66666667,11.53333333,11.91666667
8/22/2007 12:00,11.76666667,11.18333333,10.81666667,12.1,12.53333333,11.15,11,11.93333333,10.38333333,10.28333333
8/22/2007 13:00,10.55,9,9.933333333,11.38333333,11.16666667,10.68333333,11.73333333,10.76666667,10.28333333,11.08333333
8/22/2007 14:00,10.03333333,10.65,12.16666667,11,11.46666667,12.1,12.76666667,10.63333333,11.85,12.56666667
8/22/2007 15:00,13,12.7,13.2,13.51666667,13.73333333,13.31666667,13.36666667,11.75,13.51666667,13.51666667
8/22/2007 16:00,11.8,10.96666667,11.55,12.73333333,12.68333333,12.58333333,12.38333333,11.75,12.75,12.63333333
8/22/2007 17:00,9.083333333,8.916666667,9.983333333,10.5,10.46666667,10.5,10.21666667,9.25,10.18333333,10.13333333
8/22/2007 18:00,9.933333333,9.9,10.15,10.5,10.78333333,9.683333333,9.533333333,9.733333333,9.85,10
8/22/2007 19:00,7.616666667,7.35,7.2,7.85,8.183333333,7.416666667,7.35,7.1,7.366666667,7.216666667
8/22/2007 20:00,6.9,6.683333333,6.783333333,7.216666667,7.5,6.583333333,6.65,6.75,7.133333333,6.966666667
8/22/2007 21:00,6.766666667,6.2,6.3,7.15,7.4,6.833333333,6.916666667,6.283333333,6.983333333,6.933333333
8/22/2007 22:00,7.233333333,6.95,7.216666667,7.483333333,7.716666667,7.066666667,7.216666667,7.033333333,7.35,7.216666667
8/22/2007 23:00,6.44,6.2,6.46,6.5,6.84,6.14,6.06,6.06,6.14,5.94
8/23/2007 0:00,5.2,4.816666667,4.85,5.133333333,5.366666667,4.866666667,4.816666667,4.983333333,4.783333333,4.733333333
8/23/2007 1:00,4.266666667,3.783333333,3.833333333,4.416666667,4.533333333,4.166666667,3.833333333,4.45,4.15,3.816666667
8/23/2007 2:00,4.083333333,3.9,4.1,4.483333333,4.683333333,3.95,4.1,4.5,4.1,4.166666667
8/23/2007 3:00,5,4.5,4.6,5.1,5.2,3.9,3.7,4.9,4.333333333,4.183333333
8/23/2007 4:00,5.366666667,5.15,4.7,5.7,5.85,5.366666667,5.633333333,5.516666667,5.716666667,5.766666667
8/23/2007 5:00,5.466666667,5.2,5.083333333,6.4,6.466666667,6.133333333,5.633333333,6.016666667,6.25,5.95
8/23/2007 6:00,5.683333333,5.166666667,5.266666667,6.316666667,6.55,6.35,5.85,6,6.283333333,6.1
8/23/2007 7:00,5.066666667,4.85,5.066666667,5.7,5.95,5.883333333,5.55,5.5,5.316666667,5.666666667
8/23/2007 8:00,4.683333333,4.55,4.883333333,5.483333333,5.55,5.316666667,5.266666667,5.116666667,4.55,4.916666667
8/23/2007 9:00,4.816666667,4.55,4.983333333,5.166666667,4.866666667,4.85,5,4.883333333,3.816666667,4.883333333
8/23/2007 10:00,4.416666667,4.45,4.9,5.2,4.983333333,5.15,4.783333333,5.1,3.866666667,4.7
8/23/2007 11:00,4.366666667,3.75,3.516666667,4.133333333,3.85,3.966666667,3.5,3.85,3.266666667,3.383333333
8/23/2007 12:00,2.483333333,1.933333333,1.983333333,3.5,2.066666667,1.9,2.1,1.883333333,1.783333333,2.05
8/23/2007 13:00,5.133333333,4.516666667,4.233333333,5.566666667,5.666666667,4.65,4.416666667,5.35,4.766666667,4.633333333
8/23/2007 14:00,4.25,4.25,4.416666667,4.816666667,4.966666667,4.55,4.8,4.683333333,4.366666667,4.966666667
8/23/2007 15:00,4.7,4.2,3.916666667,5.116666667,4.833333333,4.6,4.116666667,4.65,4.366666667,4.533333333
8/23/2007 16:00,3.866666667,3.5,3.716666667,4,4.2,4.1,3.866666667,4.016666667,4.133333333,4.016666667
8/23/2007 17:00,2.766666667,2.766666667,2.7,2.983333333,2.866666667,2.65,2.466666667,2.65,2.6,2.45
8/23/2007 18:00,2.566666667,2.583333333,2.633333333,2.816666667,2.75,2.566666667,2.616666667,2.533333333,2.6,2.55
8/23/2007 19:00,2.816666667,2.716666667,2.95,2.883333333,2.816666667,2.883333333,2.916666667,2.566666667,2.666666667,2.716666667
8/23/2007 20:00,2.833333333,2.9,3.083333333,2.933333333,3.133333333,3.216666667,3.283333333,2.8,2.933333333,3.016666667
8/23/2007 21:00,2.866666667,2.866666667,2.8,3.2,3.066666667,2.983333333,2.833333333,2.766666667,2.733333333,2.6
8/23/2007 22:00,2.233333333,2.15,2.266666667,2.35,2.383333333,2.15,2.133333333,2.05,2.033333333,2.066666667
8/23/2007 23:00,2.7,2.616666667,2.666666667,2.8,2.816666667,2.716666667,2.633333333,2.633333333,2.65,2.583333333
8/24/2007 0:00,2.683333333,2.833333333,2.966666667,2.95,3.066666667,2.85,2.833333333,2.666666667,2.716666667,2.733333333
8/24/2007 1:00,2.516666667,2.483333333,2.533333333,2.766666667,2.75,2.5,2.4,2.5,2.5,2.516666667
8/24/2007 2:00,2.616666667,2.783333333,2.5,2.616666667,2.683333333,2.766666667,2.416666667,2.366666667,2.4,2.4
8/24/2007 3:00,3.783333333,3.633333333,3.716666667,4,4,3.933333333,3.666666667,3.75,3.95,3.733333333
8/24/2007 4:00,2.833333333,2.783333333,2.85,2.916666667,3,2.95,2.816666667,2.766666667,2.883333333,2.866666667
8/24/2007 5:00,2.4,2.333333333,2.35,2.316666667,2.466666667,2.35,2.466666667,2.166666667,2.366666667,2.333333333
8/24/2007 6:00,2.15,2.283333333,2.133333333,2.016666667,2.2,2.3,2.15,2.016666667,2.116666667,2.35
8/24/2007 7:00,1.983333333,1.833333333,1.866666667,1.966666667,1.966666667,1.75,2.033333333,1.883333333,1.9,1.916666667
8/24/2007 8:00,2.466666667,2.4,2.466666667,2.166666667,2.416666667,2.35,2.616666667,2.166666667,2.416666667,2.533333333
8/24/2007 9:00,3.733333333,3.583333333,3.583333333,3.933333333,3.683333333,4,4.116666667,3.5,3.716666667,3.966666667
8/24/2007 10:00,3.85,4.066666667,4.033333333,4.233333333,4.266666667,3.966666667,4.216666667,3.916666667,4.316666667,3.85
8/24/2007 11:00,3.716666667,3.833333333,4,4.166666667,4.183333333,4.133333333,4.066666667,4.233333333,4.166666667,3.95
8/24/2007 12:00,3.016666667,2.983333333,2.933333333,3.333333333,3.216666667,3.066666667,2.916666667,3.033333333,3.166666667,2.933333333
8/24/2007 13:00,2.95,2.883333333,2.9,3.216666667,3.216666667,3.033333333,2.9,2.95,3.1,3.083333333
8/24/2007 14:00,3.25,3.25,3.233333333,3.666666667,3.633333333,3.516666667,3.266666667,3.4,3.55,3.45
8/24/2007 15:00,5.883333333,5.6,6.05,6,6.216666667,6.25,6.183333333,5.983333333,6.15,6.266666667
8/24/2007 16:00,6.7,6.35,6.8,6.85,7.05,6.866666667,6.716666667,6.633333333,6.833333333,6.733333333
8/24/2007 17:00,6.316666667,6.05,6.433333333,6.716666667,6.783333333,6.516666667,6.35,6.4,6.533333333,6.266666667
8/24/2007 18:00,5.466666667,5.216666667,5.5,5.566666667,5.883333333,5.483333333,5.383333333,5.583333333,5.633333333,5.333333333
8/24/2007 19:00,4.983333333,4.616666667,4.883333333,5.033333333,5.083333333,4.816666667,4.716666667,4.783333333,5,4.8
8/24/2007 20:00,2.916666667,2.933333333,3.066666667,3.016666667,3.15,3.2,3.016666667,2.95,3.15,2.966666667
8/24/2007 21:00,2.816666667,2.733333333,2.716666667,2.933333333,2.833333333,2.716666667,2.7,2.683333333,2.683333333,2.716666667
8/24/2007 22:00,2.816666667,2.783333333,2.866666667,2.8,2.8,2.85,2.733333333,2.516666667,2.6,2.75
8/24/2007 23:00,4.366666667,4.066666667,4.466666667,4.283333333,4.25,4.35,4.233333333,3.966666667,4.3,4.45
8/25/2007 0:00,4.3,4.083333333,4.233333333,4.183333333,4.283333333,4.166666667,4.05,4.033333333,4.083333333,4
8/25/2007 1:00,3.383333333,3.3,3.35,3.616666667,3.533333333,3.566666667,3.3,3.4,3.45,3.216666667
8/25/2007 2:00,4.283333333,4.033333333,4.133333333,4.133333333,4.066666667,4.066666667,3.933333333,3.6,4.05,3.833333333
8/25/2007 3:00,4.416666667,4.083333333,4.316666667,4.266666667,4.35,4.366666667,4.1,4.066666667,4.15,4.033333333
8/25/2007 4:00,5.75,5.45,5.85,5.85,5.966666667,5.65,5.7,5.666666667,5.85,5.466666667
8/25/2007 5:00,6.133333333,6.033333333,6.416666667,6.116666667,6.366666667,6.083333333,6.1,5.95,6.166666667,5.9
8/25/2007 6:00,6.166666667,5.866666667,6.1,6.083333333,6.266666667,5.95,6.066666667,5.8,6.116666667,5.666666667
8/25/2007 7:00,5.4,4.9,5.166666667,5.116666667,5.116666667,5.066666667,5,5,5.1,5.05
8/25/2007 8:00,5.566666667,5.35,5.683333333,5.566666667,5.783333333,5.5,5.35,5.416666667,5.483333333,5.483333333
8/25/2007 9:00,6.083333333,5.75,6.183333333,6.333333333,6.483333333,6.283333333,6.266666667,5.833333333,5.85,5.783333333
8/25/2007 10:00,6.866666667,6.483333333,6.966666667,6.733333333,6.983333333,6.65,6.616666667,6.483333333,6.716666667,6.633333333
8/25/2007 11:00,7.583333333,7.316666667,7.85,7.2,7.566666667,7.016666667,7.283333333,7.466666667,7.766666667,7.466666667
8/25/2007 12:00,7.7,7.3,7.65,7.566666667,7.716666667,7.5,7.316666667,7.166666667,7.5,7.366666667
8/25/2007 13:00,6.983333333,6.766666667,6.95,6.933333333,7.083333333,6.833333333,6.666666667,6.716666667,6.766666667,6.8
8/25/2007 14:00,7.55,7.25,7.6,7.666666667,7.816666667,7.433333333,7.333333333,7.033333333,7.216666667,7.016666667
8/25/2007 15:00,8.133333333,7.766666667,8.083333333,8.283333333,8.483333333,8.016666667,8.016666667,7.483333333,7.8,7.45
8/25/2007 16:00,7.866666667,7.583333333,8.083333333,7.966666667,8,8.066666667,7.716666667,7.466666667,7.516666667,7.5
8/25/2007 17:00,6.85,6.616666667,7.016666667,6.633333333,6.883333333,6.6,6.7,6.733333333,6.95,6.85
8/25/2007 18:00,5.65,5.333333333,5.7,5.483333333,5.616666667,5.466666667,5.466666667,5.4,5.5,5.383333333
8/25/2007 19:00,5.916666667,5.466666667,5.766666667,6.116666667,6.116666667,5.8,5.733333333,4.883333333,5.033333333,5.016666667
8/25/2007 20:00,6.783333333,6.483333333,6.883333333,7.016666667,6.983333333,6.9,6.766666667,5.95,6.116666667,5.916666667
8/25/2007 21:00,7.35,7.016666667,7.5,7.516666667,7.6,7.633333333,7.616666667,6.283333333,6.466666667,6.316666667
8/25/2007 22:00,8.25,7.9,8.45,8.616666667,8.5,8.366666667,8.433333333,6.733333333,7,6.833333333
8/25/2007 23:00,8.466666667,7.866666667,8.466666667,8.633333333,8.716666667,8.466666667,8.583333333,7.066666667,7.366666667,7.35
8/26/2007 0:00,8.75,8.366666667,8.766666667,8.933333333,9.233333333,8.816666667,8.55,7.866666667,7.966666667,7.916666667
8/26/2007 1:00,9.483333333,9.25,9.866666667,8.916666667,9.15,9.016666667,8.716666667,8.866666667,9.166666667,9.033333333
8/26/2007 2:00,8.15,7.65,8.316666667,8.083333333,8.15,7.916666667,7.65,7.25,7.35,7.433333333
8/26/2007 3:00,6.4,6.1,6.516666667,6.166666667,6.133333333,6,6.066666667,6.316666667,6.616666667,6.533333333
8/26/2007 4:00,6.35,6.05,6.433333333,6.05,6.133333333,6.1,6.15,6,6.216666667,6.133333333
8/26/2007 5:00,7.766666667,7.483333333,8.016666667,7.366666667,7.55,7.433333333,7.333333333,7.25,7.783333333,7.683333333
8/26/2007 6:00,6.683333333,6.433333333,6.816666667,6.783333333,6.9,6.75,7.2,6.75,7.083333333,7.333333333
8/26/2007 7:00,6.85,6.366666667,6.566666667,6.716666667,6.816666667,6.583333333,6.833333333,6.25,6.45,6.75
8/26/2007 8:00,7.45,7.166666667,7.683333333,7.583333333,7.85,7.6,7.833333333,7.216666667,7.616666667,7.65
8/26/2007 9:00,7.15,6.866666667,7.35,7.05,7.383333333,7.333333333,7.6,7.133333333,7.483333333,7.45
8/26/2007 10:00,6.733333333,6.383333333,6.666666667,6.75,6.95,6.85,7.15,6.566666667,6.733333333,7.066666667
8/26/2007 11:00,5.866666667,5.65,5.883333333,6.2,6.333333333,6.233333333,6.45,6,6.166666667,6.366666667
8/26/2007 12:00,5.616666667,5.416666667,5.583333333,6.05,6.15,6.033333333,6.35,5.95,5.983333333,6.216666667
8/26/2007 13:00,5.216666667,5.066666667,5.283333333,5.783333333,5.85,5.666666667,5.916666667,5.566666667,5.233333333,5.85
8/26/2007 14:00,5.683333333,5.45,5.533333333,5.866666667,6.116666667,5.9,6.2,5.45,5.733333333,6.066666667
8/26/2007 15:00,7.316666667,7.083333333,7.466666667,7.116666667,7.483333333,7.3,7.6,6.95,7.216666667,7.35
8/26/2007 16:00,6.633333333,6.55,6.883333333,6.633333333,7,6.883333333,7.233333333,6.45,6.716666667,7.05
8/26/2007 17:00,6.6,6.4,6.65,6.7,6.833333333,6.666666667,6.816666667,6.183333333,6.233333333,6.45
8/26/2007 18:00,5.45,5.15,5.35,5.95,6.066666667,5.9,5.916666667,5.366666667,5.55,5.783333333
8/26/2007 19:00,5.55,5.333333333,5.75,5.1,5.266666667,5.333333333,5.55,4.75,4.85,5.05
8/26/2007 20:00,6.333333333,6.1,6.35,6.266666667,6.483333333,6.266666667,6.666666667,6.316666667,6.4,6.683333333
8/26/2007 21:00,6.166666667,6.016666667,6.183333333,6.366666667,6.483333333,6.35,6.633333333,6.45,6.616666667,6.7
8/26/2007 22:00,7.366666667,6.983333333,7.383333333,7.666666667,7.783333333,7.85,7.816666667,7.65,7.766666667,7.783333333
8/26/2007 23:00,7.383333333,6.816666667,7,7.316666667,7.283333333,7.233333333,6.933333333,6.983333333,7.25,6.966666667
8/27/2007 0:00,5.5,5.283333333,5.5,5.85,6.016666667,5.85,5.85,5.733333333,5.95,5.7
8/27/2007 1:00,5.75,5.3,5.533333333,5.75,5.983333333,5.533333333,5.5,5.566666667,5.683333333,5.533333333
8/27/2007 2:00,5.133333333,4.683333333,4.85,5.216666667,5.316666667,5.016666667,5,4.666666667,4.9,4.95
8/27/2007 3:00,4.216666667,3.833333333,4.116666667,4.583333333,4.733333333,4.55,4.533333333,4.4,4.45,4.65
8/27/2007 4:00,4.716666667,4.383333333,4.566666667,4.8,4.633333333,4.416666667,4.433333333,4.45,4.633333333,4.533333333
8/27/2007 5:00,3.916666667,3.733333333,3.716666667,4.45,4.383333333,4.316666667,4.016666667,4.133333333,4.133333333,4.166666667
8/27/2007 6:00,3.3,3.2,3.266666667,3.466666667,3.55,3.45,3.3,3.066666667,3.283333333,3.233333333
8/27/2007 7:00,3.75,3.55,3.55,3.5,3.55,3.65,3.5,3.5,3.533333333,3.616666667
8/27/2007 8:00,3.983333333,3.75,3.833333333,4.2,4.116666667,3.95,3.7,3.683333333,3.966666667,3.833333333
8/27/2007 9:00,3.766666667,3.683333333,3.733333333,3.933333333,3.7,3.966666667,3.7,3.616666667,3.816666667,3.85
8/27/2007 10:00,4.483333333,4.4,4.566666667,4.733333333,4.616666667,4.583333333,4.616666667,4.516666667,4.5,4.333333333
8/27/2007 11:00,4.85,4.5,4.8,5.033333333,4.983333333,4.8,4.5,4.466666667,4.6,4.616666667
8/27/2007 12:00,5.016666667,4.716666667,5.033333333,4.983333333,5.35,4.983333333,4.783333333,4.533333333,4.933333333,4.983333333
8/27/2007 13:00,6.05,5.35,5.966666667,5.783333333,6.05,5.633333333,5.7,5.683333333,5.933333333,5.766666667
8/27/2007 14:00,7.15,6.866666667,7.283333333,7.1,7.333333333,6.966666667,6.816666667,6.633333333,6.983333333,6.75
8/27/2007 15:00,6.516666667,6.216666667,6.533333333,6.5,6.55,6.283333333,6.2,6.1,6.233333333,6.233333333
8/27/2007 16:00,6,5.6,5.816666667,6.083333333,6.25,6.066666667,6.1,5.516666667,5.733333333,5.983333333
8/27/2007 17:00,8.016666667,7.783333333,8.083333333,8.066666667,8.25,8.066666667,8.5,8,8.166666667,8.416666667
8/27/2007 18:00,6.916666667,6.566666667,6.766666667,7.316666667,7.666666667,7.516666667,7.616666667,7.1,7.2,7.416666667
8/27/2007 19:00,6.7,6.4,6.633333333,7.15,7.2,7.033333333,7.216666667,7.016666667,7.166666667,7.383333333
8/27/2007 20:00,6.583333333,6.25,6.716666667,6.75,6.916666667,6.6,6.65,6.466666667,6.666666667,6.7
8/27/2007 21:00,6.6,6.283333333,6.483333333,6.683333333,6.983333333,6.75,6.716666667,6.45,6.65,6.65
8/27/2007 22:00,6.5,6.066666667,6.2,6.45,6.566666667,6.2,6.383333333,6.033333333,6.25,6.466666667
8/27/2007 23:00,5.233333333,5.166666667,5.533333333,5.283333333,5.65,5.6,6,5.533333333,5.833333333,6.033333333
8/28/2007 0:00,7.6,7.366666667,7.816666667,7.683333333,7.983333333,7.816666667,7.766666667,7.533333333,8.05,7.866666667
8/28/2007 1:00,8.533333333,8.5,8.7,8.633333333,9.1,9.066666667,8.716666667,8.55,9.066666667,8.55
8/28/2007 2:00,8.166666667,7.966666667,8.2,8.466666667,8.516666667,8.416666667,8.033333333,8.083333333,8.55,8.033333333
8/28/2007 3:00,8.033333333,7.783333333,7.933333333,8.383333333,8.45,8.233333333,7.966666667,8.116666667,8.516666667,8.083333333
8/28/2007 4:00,6.866666667,6.7,6.966666667,6.95,7.116666667,7.066666667,6.9,6.833333333,7.2,6.866666667
8/28/2007 5:00,6.616666667,6.683333333,6.65,7.033333333,6.95,6.616666667,6.666666667,6.633333333,6.866666667,6.816666667
8/28/2007 6:00,6.6,6.133333333,6.583333333,6.85,6.95,6.75,6.383333333,6.766666667,6.9,6.633333333
8/28/2007 7:00,5.65,5.366666667,5.766666667,5.666666667,5.983333333,5.683333333,5.45,5.35,5.666666667,5.5
8/28/2007 8:00,5.75,5.4,5.9,5.516666667,5.95,5.816666667,6.016666667,5.516666667,6.05,5.9
8/28/2007 9:00,5.633333333,5.483333333,5.533333333,5.9,6.033333333,5.866666667,5.683333333,5.416666667,5.916666667,5.7
8/28/2007 10:00,4.183333333,4.183333333,4.5,4.366666667,4.65,4.25,4.2,4.15,4.15,4.016666667
8/28/2007 11:00,2.65,2.716666667,2.833333333,2.916666667,2.85,2.833333333,2.966666667,2.733333333,2.916666667,2.833333333
8/28/2007 12:00,2.716666667,2.366666667,2.933333333,2.766666667,2.7,2.85,3.016666667,2.516666667,2.866666667,3.016666667
8/28/2007 13:00,3.983333333,3.833333333,4.25,4.233333333,4.35,4.216666667,4.333333333,4.15,4.666666667,4.15
8/28/2007 14:00,4.616666667,4.5,4.3,4.85,4.966666667,4.866666667,4.833333333,4.6,4.9,4.766666667
8/28/2007 15:00,5.4,4.983333333,5.283333333,5.716666667,5.816666667,5.583333333,5.45,5.416666667,5.816666667,5.783333333
8/28/2007 16:00,6.116666667,5.933333333,5.983333333,6.366666667,6.55,6.533333333,6.166666667,5.833333333,6.483333333,6.283333333
8/28/2007 17:00,6.533333333,6.183333333,6.65,6.833333333,6.933333333,6.8,6.516666667,6.133333333,6.966666667,6.5
8/28/2007 18:00,6.7,6.266666667,6.433333333,6.883333333,6.933333333,6.716666667,6.316666667,5.766666667,6.716666667,6.5
8/28/2007 19:00,5.8,5.483333333,5.933333333,6.066666667,6.15,5.9,5.65,5.383333333,6.083333333,5.766666667
8/28/2007 20:00,5.55,5.116666667,5.283333333,5.716666667,5.7,5.55,5.5,5.05,5.733333333,5.633333333
8/28/2007 21:00,6.033333333,5.383333333,5.35,6.266666667,6.2,5.65,5.416666667,5.55,5.983333333,5.783333333
8/28/2007 22:00,6.633333333,6.233333333,6.3,6.816666667,6.85,6.133333333,5.883333333,5.883333333,6.216666667,6.383333333
8/28/2007 23:00,5.85,5.416666667,5.433333333,5.866666667,6.016666667,5.416666667,5.366666667,5.1,5.533333333,5.666666667
8/29/2007 0:00,4.75,4.35,4.383333333,5,4.8,4.2,4.25,4.45,4.383333333,4.616666667
8/29/2007 1:00,3.716666667,3.433333333,3.483333333,4.05,4.016666667,3.666666667,3.433333333,4.116666667,3.6,3.633333333
8/29/2007 2:00,3.416666667,3.533333333,3.316666667,3.733333333,3.783333333,3.566666667,3.416666667,3.666666667,3.533333333,3.45
8/29/2007 3:00,3.266666667,3.033333333,3.133333333,3.35,3.5,3.166666667,3.1,3.45,3.35,3.383333333
8/29/2007 4:00,3.083333333,2.8,2.766666667,3.05,3.116666667,2.916666667,2.65,3.033333333,2.9,2.883333333
8/29/2007 5:00,2.883333333,2.766666667,2.766666667,2.833333333,2.883333333,2.716666667,2.933333333,2.6,2.816666667,2.9
8/29/2007 6:00,2.6,2.533333333,2.516666667,2.866666667,2.766666667,2.833333333,2.633333333,2.516666667,2.983333333,2.85
8/29/2007 7:00,2.966666667,2.966666667,3.033333333,3.216666667,3.266666667,3.3,3.05,3.15,3,3.116666667
8/29/2007 8:00,3.05,2.833333333,2.683333333,3.016666667,3.183333333,2.95,2.783333333,3.1,2.966666667,2.966666667
8/29/2007 9:00,2.75,2.466666667,2.6,2.766666667,2.783333333,2.7,2.65,2.666666667,2.733333333,2.783333333
8/29/2007 10:00,2.783333333,2.616666667,2.6,2.883333333,2.783333333,2.766666667,2.65,2.483333333,2.75,2.433333333
8/29/2007 11:00,2.683333333,2.333333333,2.3,2.7,2.716666667,2.616666667,2.433333333,2.4,2.533333333,2.716666667
8/29/2007 12:00,2.7,2.433333333,2.466666667,2.833333333,2.783333333,2.633333333,2.45,2.366666667,2.666666667,2.566666667
8/29/2007 13:00,3,2.966666667,2.85,3.066666667,3.183333333,3.066666667,2.85,2.983333333,3.083333333,3.033333333
8/29/2007 14:00,3.9,3.633333333,3.666666667,4.266666667,4.15,3.966666667,3.966666667,4.033333333,3.933333333,3.95
8/29/2007 15:00,4.416666667,4.216666667,4.233333333,4.433333333,4.583333333,4.466666667,4.416666667,4.333333333,4.35,4.283333333
8/29/2007 16:00,5.15,4.966666667,4.783333333,5.2,5.333333333,4.95,4.983333333,4.783333333,5.033333333,5.233333333
8/29/2007 17:00,4.916666667,4.583333333,4.533333333,5.166666667,5.133333333,5.066666667,4.9,4.65,4.933333333,5.066666667
8/29/2007 18:00,3.966666667,3.833333333,3.85,4.25,4.35,4.266666667,4.183333333,4.083333333,4,4.133333333
8/29/2007 19:00,3.85,3.716666667,3.716666667,3.916666667,4.15,4.083333333,3.883333333,3.783333333,3.833333333,3.783333333
8/29/2007 20:00,3.8,3.7,3.916666667,3.9,3.866666667,3.9,3.7,3.733333333,3.95,3.883333333
8/29/2007 21:00,3.933333333,3.783333333,3.916666667,4.05,3.9,4.016666667,3.916666667,3.95,4.016666667,3.833333333
8/29/2007 22:00,5,4.916666667,5.15,5.15,5.383333333,5.05,5,4.616666667,4.95,5.066666667
8/29/2007 23:00,5.866666667,5.6,5.883333333,5.833333333,5.883333333,5.683333333,5.716666667,5.216666667,5.716666667,5.6
8/30/2007 0:00,6.35,6.066666667,6.116666667,6.116666667,6.35,6.083333333,6.05,5.483333333,5.933333333,5.866666667
8/30/2007 1:00,7.2,6.966666667,7.366666667,7.15,7.366666667,7.083333333,6.766666667,6.116666667,6.95,6.95
8/30/2007 2:00,7.7,7.3,7.6,7.5,7.9,7.4,6.9,6.6,7.3,6.8
8/30/2007 7:00,10.95,10.45,11.25,10.7,11.05,10.4,8.55,8.95,10.5,9.85
8/30/2007 8:00,11.13333333,10.6,11.05,10.7,10.83333333,10.85,9.15,9.333333333,10.61666667,9.95
8/30/2007 9:00,9.816666667,9.45,9.883333333,9.4,9.683333333,9.5,7.966666667,8.216666667,9.45,8.783333333
8/30/2007 10:00,9.666666667,9.216666667,9.833333333,9.483333333,9.6,9.583333333,8.166666667,8.1,9.45,8.666666667
8/30/2007 11:00,9.733333333,9.3,9.9,9.45,9.7,9.5,8.016666667,8.116666667,9.533333333,8.783333333
8/30/2007 12:00,9.416666667,9.033333333,9.533333333,9.316666667,9.6,9.316666667,8.2,8.15,9.15,8.616666667
8/30/2007 13:00,9.65,9.266666667,9.566666667,9.466666667,9.716666667,9.5,8.25,8.2,9.4,8.8
8/30/2007 14:00,10.11666667,9.7,10.31666667,9.983333333,10.1,9.916666667,8.516666667,8.633333333,9.383333333,9.216666667
8/30/2007 15:00,10.16666667,9.866666667,10.23333333,9.766666667,10.18333333,9.85,8.566666667,8.55,9.433333333,9.116666667
8/30/2007 16:00,10.11666667,9.733333333,10.21666667,9.733333333,9.8,9.5,8.233333333,7.933333333,8.95,8.733333333
8/30/2007 17:00,9.816666667,9.533333333,10.05,9.466666667,9.5,9.383333333,8.1,7.983333333,9.283333333,9.116666667
8/30/2007 18:00,9.6,9.45,9.933333333,9.416666667,9.45,9.3,8.233333333,7.733333333,8.65,8.683333333
8/30/2007 19:00,9.066666667,8.566666667,8.866666667,9.416666667,9.55,9.9,8.383333333,7.983333333,9,9.233333333
8/30/2007 20:00,9.05,8.583333333,9.1,8.883333333,9.116666667,9.066666667,7.866666667,7.7,8.933333333,9
8/30/2007 21:00,9.116666667,8.633333333,9.2,8.566666667,8.866666667,8.7,7.5,7.316666667,8.5,8.5
8/30/2007 22:00,9.233333333,8.766666667,9.1,8.65,8.916666667,8.566666667,7.516666667,7.2,8.316666667,7.95
8/30/2007 23:00,8.75,8.383333333,8.716666667,8.333333333,8.483333333,8.183333333,7.233333333,7.083333333,8,7.833333333
8/31/2007 0:00,8.516666667,8.1,8.45,8,8.416666667,7.983333333,6.95,6.783333333,7.816666667,7.7
8/31/2007 1:00,8.45,8,8.35,8.016666667,8.1,7.933333333,6.75,6.616666667,7.65,7.733333333
8/31/2007 2:00,8.4,7.983333333,8.366666667,8.066666667,8.066666667,7.933333333,6.9,6.816666667,7.7,7.433333333
8/31/2007 3:00,6.966666667,6.4,6.983333333,6.8,6.95,6.716666667,5.816666667,5.933333333,6.85,6.366666667
8/31/2007 4:00,6.55,6.35,6.65,6.45,6.5,6.316666667,5.283333333,5.65,6.483333333,6.183333333
8/31/2007 5:00,6.583333333,6,6.416666667,6.283333333,6.516666667,6.183333333,6.15,5.616666667,6.4,6.333333333
8/31/2007 6:00,8.9,8.45,9.1,8.6,8.766666667,8.716666667,7.15,7.3,8.516666667,8.416666667
8/31/2007 7:00,9.716666667,9.25,9.75,9.683333333,9.7,9.5,7.25,8,9.25,8.766666667
8/31/2007 8:00,9.45,8.75,9.15,9.1,9.3,8.7,6.75,7.55,8.95,8.7
8/31/2007 10:00,10,9.883333333,10.3,10.13333333,10.21666667,10.26666667,8.566666667,8.7,9.7,9.566666667
8/31/2007 11:00,10.91666667,10.63333333,11.06666667,10.8,11.11666667,11.16666667,9.383333333,9.133333333,10.45,10.03333333
8/31/2007 12:00,11.18333333,10.88333333,11.38333333,11.1,11.28333333,10.96666667,9.833333333,9.666666667,10.73333333,10.26666667
8/31/2007 13:00,12.03333333,11.9,12.36666667,11.85,12.41666667,11.98333333,10.58333333,10.3,11.41666667,11.11666667
8/31/2007 14:00,12.16666667,11.78333333,12.23333333,12.05,12.18333333,12.03333333,10.88333333,10.45,11.58333333,11.43333333
8/31/2007 15:00,11.73333333,11.43333333,11.95,11.6,11.68333333,11.53333333,10.4,10,10.83333333,10.75
8/31/2007 16:00,11.33333333,11.13333333,11.75,11.48333333,11.75,11.31666667,10.1,9.483333333,11.05,11.1
8/31/2007 17:00,10.38333333,10.16666667,10.66666667,10.31666667,10.53333333,10.46666667,9.2,8.716666667,10.18333333,10.18333333
8/31/2007 18:00,9.933333333,9.6,10.1,9.383333333,9.65,9.366666667,8.45,7.95,9.2,8.9
8/31/2007 19:00,8.3,7.966666667,8.383333333,7.866666667,8.05,7.916666667,7.35,6.716666667,7.783333333,7.65
8/31/2007 20:00,7.5,7.35,7.65,7.55,7.55,7.366666667,6.466666667,6.283333333,7.266666667,7.083333333
8/31/2007 21:00,6.616666667,6.2,6.516666667,6.7,6.666666667,6.4,5.8,5.916666667,6.416666667,6.15
8/31/2007 22:00,5.7,5.433333333,5.733333333,5.933333333,5.933333333,5.6,5.35,5.216666667,5.783333333,5.683333333
8/31/2007 23:00,6.233333333,5.916666667,6.183333333,6.3,6.483333333,6.35,5.683333333,5.6,6.183333333,5.883333333
